offer_id,offer_uid,offer_type,offer_pledge,offer_pledge_alt,offer_url,img_logo_url,update_time,bank_id,bank_uid,bank_type,bank_name,img_logo_url_alt,idx_license,bank_url,bank_phone,bank_address,bank_code,currency,url_with_details,rateMin,rateMax,meta_rateRange,amountMin,amountMax,meta_amountRange,termMin,termMax,periodFromNotation,periodToNotation,meta_termUnit,product_hash,is_actual,start_time,end_time,rateRange,fullCreditRateMin,fullCreditRateMax,amountRange,termUnit,issuanceCostMin,issuanceCostMax,annualServiceMin,annualServiceMax,cashWithdrawalsAtAtms,cashWithdrawalsAtOtherBankAtms,initialFeeMin,initialFeeMax
19855,20115603,credit,На любые цели под залог недвижимости,На любые цели под залог недвижимости,https://www.banki.ru/products/credits/credit/201156/,https://cdn.banki.ru/cdn/bank/325_mobile_logo_url.png,13.11.2025 11:45,325.0,3251.0,bank,Альфа-Банк,https://cdn.banki.ru/cdn/bank/325_mobile_logo_url.png,1326,www.alfabank.ru,8 800 200-00-00,"107078, г. Москва, ул. Каланчевская, д. 27
",alfabank,RUB,https://www.banki.ru/products/credits/credit/201156/,17.8,30.4,"17,8–30,4%",500000,30000000,500 000–30 000 000 ₽,365,5475,1y,15y,4.0,9bd752071a26b6dbf49b6cf1e4fdd0bbc8521fd8cfe9c1992c42648ef178f68f,False,2025-11-17 14:44:06,2026-08-24 13:50:38,,,,,,,,,,,,,
19315,57103,credit,Под залог недвижимости,Под залог недвижимости,https://www.banki.ru/products/credits/credit/571/,https://cdn.banki.ru/cdn/bank/36119_mobile_logo_url.png,30.10.2025 14:56,36119.0,361191.0,bank,Ак Барс Банк,https://cdn.banki.ru/cdn/bank/36119_mobile_logo_url.png,2590,www.akbars.ru,8 800 200-53-03,"420066, г. Казань, ул. Декабристов, д. 1
",akbars,RUB,https://www.banki.ru/products/credits/credit/571/,22.0,23.0,22–23%,500000,20000000,500 000–20 000 000 ₽,1095,2555,3y,7y,4.0,a69bb07e2c22f55fbf342d86015543db404abc6ad3f7791636f5377cc39df4f4,False,2025-11-17 14:44:06,2026-08-24 13:50:38,,,,,,,,,,,,,
19385,446403,credit,На любые цели,На любые цели,https://www.banki.ru/products/credits/credit/4464/,https://cdn.banki.ru/cdn/bank/189319_mobile_logo_url.png,30.10.2025 17:34,189319.0,1893191.0,bank,Почтобанк,https://cdn.banki.ru/cdn/bank/189319_mobile_logo_url.png,1788,www.uralexpress.ru,+7 (342) 236-07-72,"614096, г. Пермь, ул. Ленина, д. 68
",pochtobank,RUB,https://www.banki.ru/products/credits/credit/4464/,20.0,21.0,20–21%,100000,10000000,100 000–10 000 000 ₽,31,1825,3y,5y,4.0,5540927a89ebbe462169da20a8b83722ffaf79562a12b2e37f0811ed303855ed,False,2025-11-17 14:44:06,2026-08-24 13:50:38,,,,,,,,,,,,,
16868,345903,credit,Наличными — Акция,Наличными — Акция,https://www.banki.ru/products/credits/credit/3459/,https://cdn.banki.ru/cdn/bank/192841_mobile_logo_url.png,24.11.2025 16:52,192841,1928411,bank,Энергобанк,https://cdn.banki.ru/cdn/bank/192841_mobile_logo_url.png,67,www.energobank.ru,8 800-350-54-58,"420111, г. Казань, ул. Пушкина, д. 13/52
",energobank,RUB,https://www.banki.ru/products/credits/credit/3459/,26.5,33.0,,100000,2500000,,397,2555,13m,7y,,06630c4902c27aaba6b8fc1142a08ca04fefdd4a5280061588589dfd4311906e,True,2026-08-24 13:50:38,,"26,5–33%",,,100 000–2 500 000 ₽,4,,,,,,,,
16989,433103,credit,Наличными ,Наличными ,https://www.banki.ru/products/credits/credit/4331/,https://cdn.banki.ru/cdn/bank/327_mobile_logo_url.png,25.12.2025 15:47,327,3271,bank,ВТБ,https://cdn.banki.ru/cdn/bank/327_mobile_logo_url.png,1000,www.vtb.ru,8 800 200-77-99,"190000, г. Санкт-Петербург, ул. Большая Морская, д. 29",vtb,RUB,https://www.banki.ru/products/credits/credit/4331/,24.6,43.0,,100001,7000000,,183,1825,6m,5y,,940afb6f5f278163ec9a2bee30e9cd5d30e0cbeda45d73d144d386723532b134,True,2026-08-24 13:50:38,,"24,6–43%",,,100 001–7 000 000 ₽,4,,,,,,,,
17066,471103,credit,Газомоторное топливо,Газомоторное топливо,https://www.banki.ru/products/credits/credit/4711/,https://cdn.banki.ru/cdn/bank/4725_mobile_logo_url.png,04.08.2026 16:53,4725,47251,bank,Россельхозбанк,https://cdn.banki.ru/cdn/bank/4725_mobile_logo_url.png,3349,www.rshb.ru,8 800 100-01-00,"119034, г. Москва, Гагаринский пер., д. 3",rshb,RUB,https://www.banki.ru/products/credits/credit/4711/,27.9,33.4,,30000,300000,,365,1095,1y,3y,,fd7144a70a447fd1fdd9e647927724bd19c395fe7604ee7dacd9daa5034be875,True,2026-08-24 13:50:38,,"27,9–33,4%",,,30 000–300 000 ₽,4,,,,,,,,
17089,481803,credit,На благоустройство для жителей села,На благоустройство для жителей села,https://www.banki.ru/products/credits/credit/4818/,https://cdn.banki.ru/cdn/bank/4725_mobile_logo_url.png,04.08.2026 16:55,4725,47251,bank,Россельхозбанк,https://cdn.banki.ru/cdn/bank/4725_mobile_logo_url.png,3349,www.rshb.ru,8 800 100-01-00,"119034, г. Москва, Гагаринский пер., д. 3",rshb,RUB,https://www.banki.ru/products/credits/credit/4818/,3.25,33.0,,30000,700000,,365,1825,1y,5y,,5dffecf4d511ce9cb3302127d04ecae6a14411038faef52c5b1bb1dabe8997c8,True,2026-08-24 13:50:38,,"3,25–33%",,,30 000–700 000 ₽,4,,,,,,,,
17067,471603,credit,Экспресс,Экспресс,https://www.banki.ru/products/credits/credit/4716/,https://cdn.banki.ru/cdn/bank/327_mobile_logo_url.png,20.01.2026 17:52,327,3271,bank,ВТБ,https://cdn.banki.ru/cdn/bank/327_mobile_logo_url.png,1000,www.vtb.ru,8 800 200-77-99,"190000, г. Санкт-Петербург, ул. Большая Морская, д. 29",vtb,RUB,https://www.banki.ru/products/credits/credit/4716/,37.9,52.8,,30000,100000,,183,1825,6m,5y,,7e2016196c97ac148df8af5255749ea46dd986543806c0c7db9a97a713fce9f6,True,2026-08-24 13:50:38,,"37,9–52,8%",,,30 000–100 000 ₽,4,,,,,,,,
17615,20101803,credit,Под залог автомобиля,Под залог автомобиля,https://www.banki.ru/products/credits/credit/201018/,https://cdn.banki.ru/cdn/bank/327_mobile_logo_url.png,27.02.2026 11:53,327,3271,bank,ВТБ,https://cdn.banki.ru/cdn/bank/327_mobile_logo_url.png,1000,www.vtb.ru,8 800 200-77-99,"190000, г. Санкт-Петербург, ул. Большая Морская, д. 29",vtb,RUB,https://www.banki.ru/products/credits/credit/201018/,23.9,35.4,,100001,40000000,,183,1825,6m,5y,,5754510bb9576b742cb9c611ea0d829d55cf1264c5acf27bf8d4278bef09a899,True,2026-08-24 13:50:38,,"23,9–35,4%",,,100 001–40 000 000 ₽,4,,,,,,,,
17030,457803,credit,Наличными,Наличными,https://www.banki.ru/products/credits/credit/4578/,https://cdn.banki.ru/cdn/bank/2764_mobile_logo_url.png,29.07.2026 14:42,2764,27641,bank,Газпромбанк,https://cdn.banki.ru/cdn/bank/2764_mobile_logo_url.png,354,www.gazprombank.ru,8 800 300-60-90,"117420, г. Москва, ул. Наметкина, д. 16, корп. 1.",gazprombank,RUB,https://www.banki.ru/products/credits/credit/4578/,25.4,44.7,,50000,7000000,,397,1825,13m,5y,,5e6a4142f8227ddb9a7b8f25b91c645f95c0b195d55849a2bb1f791f3669f717,True,2026-08-24 13:50:38,,"25,4–44,7%",,,50 000–7 000 000 ₽,4,,,,,,,,
16818,280303,credit,На любые цели ,На любые цели ,https://www.banki.ru/products/credits/credit/2803/,https://cdn.banki.ru/cdn/card-designs/PSB_4_a53f377467.png,02.07.2026 13:19,5306.0,53061.0,bank,ПСБ,https://cdn.banki.ru/cdn/card-designs/PSB_4_a53f377467.png,3251,www.psbank.ru,8 800 333-03-03,"150003, г. Ярославль, ул. Республиканская, д. 16",promsvyazbank,RUB,https://www.banki.ru/products/credits/credit/2803/,20.9,36.9,,100000,5000000,,365,1825,1y,5y,,88e08b2daf20269c5a9cb32834d828f54cd3fea8369818cd8d80a0848f041399,True,2026-08-24 13:50:38,,"20,9–36,9%",,,100 000–5 000 000 ₽,4,,,,,,,,
17023,455103,credit,Для работников ОПК и военнослужащих,Для работников ОПК и военнослужащих,https://www.banki.ru/products/credits/credit/4551/,https://cdn.banki.ru/cdn/card-designs/PSB_4_a53f377467.png,02.07.2026 13:18,5306.0,53061.0,bank,ПСБ,https://cdn.banki.ru/cdn/card-designs/PSB_4_a53f377467.png,3251,www.psbank.ru,8 800 333-03-03,"150003, г. Ярославль, ул. Республиканская, д. 16",promsvyazbank,RUB,https://www.banki.ru/products/credits/credit/4551/,16.9,36.9,,100000,10000000,,365,3650,1y,10y,,43e3d8a9017a651d67ada971e9bbae073f417f54942a9b5d7b7342b27a9d1fd1,True,2026-08-24 13:50:38,,"16,9–36,9%",,,100 000–10 000 000 ₽,4,,,,,,,,
16919,385303,credit,Топ-менеджер,Топ-менеджер,https://www.banki.ru/products/credits/credit/3853/,,23.06.2026 18:35,195603.0,1956031.0,bank,Крона-Банк,,2499,www.krona-bank.ru,+7 (3952) 25-25-05,"664007, г. Иркутск, ул. Дзержинского, д. 29",krona-bank,RUB,https://www.banki.ru/products/credits/credit/3853/,19.5,21.5,,500000,5000000,,92,1825,1m3y,5y,,fc2610a5d63bd41021a086190d2b7bea7534aea98fc93d9d5994ff4114b43409,True,2026-08-24 13:50:38,,"19,5–21,5%",,,500 000–5 000 000 ₽,4,,,,,,,,
25370,20116903,credit,Под залог недвижимости,Под залог недвижимости,https://www.banki.ru/products/credits/credit/201169/,,29.06.2026 15:54,,,,,,,,,,,RUB,https://www.banki.ru/products/credits/credit/201169/,15.5,59.99,,2000000,35000000,,1825,8030,5y,22y,,eb7630a61f794e45e2d59890e0a8743c2451aa2478fa9350b3c60dec318e7375,True,2026-08-24 13:50:38,,"15,5–59,99%",,,2 000 000–35 000 000 ₽,4,,,,,,,,
17089,481803,credit,На благоустройство для жителей села,На благоустройство для жителей села,https://www.banki.ru/products/credits/credit/4818/,https://cdn.banki.ru/cdn/bank/4725_mobile_logo_url.png,29.06.2026 13:20,4725.0,47251.0,bank,Россельхозбанк,https://cdn.banki.ru/cdn/bank/4725_mobile_logo_url.png,3349,www.rshb.ru,8 800 100-01-00,"119034, г. Москва, Гагаринский пер., д. 3",rshb,RUB,https://www.banki.ru/products/credits/credit/4818/,3.25,33.0,,30000,700000,,365,365,1y,1y,,c8055e5560a012a1726e8ee4ddab9133bebc3131df5ee39cffd565693f148f25,True,2026-08-24 13:50:38,,"3,25–33%",,,30 000–700 000 ₽,4,,,,,,,,
17066,471103,credit,Газомоторное топливо,Газомоторное топливо,https://www.banki.ru/products/credits/credit/4711/,https://cdn.banki.ru/cdn/bank/4725_mobile_logo_url.png,29.06.2026 13:20,4725.0,47251.0,bank,Россельхозбанк,https://cdn.banki.ru/cdn/bank/4725_mobile_logo_url.png,3349,www.rshb.ru,8 800 100-01-00,"119034, г. Москва, Гагаринский пер., д. 3",rshb,RUB,https://www.banki.ru/products/credits/credit/4711/,27.9,33.4,,30000,300000,,365,365,1y,1y,,235422c05876f61769c908cb474bdee9899b2962e98a93710a91bfb687b5e798,True,2026-08-24 13:50:38,,"27,9–33,4%",,,30 000–300 000 ₽,4,,,,,,,,
16740,14403,credit,Стандартный ,Стандартный ,https://www.banki.ru/products/credits/credit/144/,https://cdn.banki.ru/cdn/bank/63520_mobile_logo_url.png,25.06.2026 14:05,63520.0,635201.0,bank,Уралсиб,https://cdn.banki.ru/cdn/bank/63520_mobile_logo_url.png,30,www.uralsib.ru,8 800 250-57-57,"119048, г. Москва, ул. Ефремова, д. 8",uralsib,RUB,https://www.banki.ru/products/credits/credit/144/,7.0,51.0,,30000,2000000,,397,2555,13m,7y,,8223c446f64cf02e9d992c38f24c8c0afd370c0b696e5032de1893023b340e46,True,2026-08-24 13:50:38,,7–51%,,,30 000–2 000 000 ₽,4,,,,,,,,
19312,13703,credit,Под залог недвижимости,Под залог недвижимости,https://www.banki.ru/products/credits/credit/137/,https://cdn.banki.ru/cdn/bank/327_mobile_logo_url.png,28.01.2026 14:10,327,3271,bank,ВТБ,https://cdn.banki.ru/cdn/bank/327_mobile_logo_url.png,1000,www.vtb.ru,8 800 200-77-99,"190000, г. Санкт-Петербург, ул. Большая Морская, д. 29",vtb,RUB,https://www.banki.ru/products/credits/credit/137/,21.3,22.3,,1500000,40000000,,365,5475,1y,15y,,c2588d6984fb452cff8514b12019c2529f10cc53de61bbcff3773d885749997f,True,2026-08-24 13:50:38,,"21,3–22,3%",,,1 500 000–40 000 000 ₽,4,,,,,,,,
19312,13703,credit,Под залог недвижимости,Под залог недвижимости,https://www.banki.ru/products/credits/credit/137/,https://cdn.banki.ru/cdn/bank/327_mobile_logo_url.png,07.04.2026 17:30,327,3271,bank,ВТБ,https://cdn.banki.ru/cdn/bank/327_mobile_logo_url.png,1000,www.vtb.ru,8 800 200-77-99,"190000, г. Санкт-Петербург, ул. Большая Морская, д. 29",vtb,RUB,https://www.banki.ru/products/credits/credit/137/,21.3,23.3,,1500000,40000000,,365,5475,1y,15y,,e1f7d0bc3d38d9f01704a63297414cefb26b748d9846ab6df49ff95e66b6e679,True,2026-08-24 13:50:38,,"21,3–23,3%",,,1 500 000–40 000 000 ₽,4,,,,,,,,
16919,385303,credit,Топ-менеджер,Топ-менеджер,https://www.banki.ru/products/credits/credit/3853/,,09.04.2026 18:03,195603,1956031,bank,Крона-Банк,,2499,www.krona-bank.ru,+7 (3952) 25-25-05,"664007, г. Иркутск, ул. Дзержинского, д. 29",krona-bank,RUB,https://www.banki.ru/products/credits/credit/3853/,20.5,22.5,,500000,5000000,,92,1825,1m3y,5y,,35c2cce99492609475823a73395358ec9d43968d5d0acea701b4ac145690c175,True,2026-08-24 13:50:38,,"20,5–22,5%",,,500 000–5 000 000 ₽,4,,,,,,,,
20556,21119703,credit,Партнерский продукт «Финансирование с низким чеком»,Партнерский продукт «Финансирование с низким чеком»,https://www.banki.ru/products/credits/credit/211197/,https://cdn.banki.ru/cdn/bank/325_mobile_logo_url.png,24.08.2026 11:43,325,3251,bank,Альфа-Банк,https://cdn.banki.ru/cdn/bank/325_mobile_logo_url.png,1326,www.alfabank.ru,8 800 200-00-00,"107078, г. Москва, ул. Каланчевская, д. 27",alfabank,RUB,https://www.banki.ru/products/credits/credit/211197/,32.0,200.0,,10000,500000,,183,1825,6m,5y,,376e7f2be7b4196fc3286614d7521dc0714e9b2bb8101660f5c5a290e0830bd4,True,2026-08-24 13:50:38,,32–200%,,,10 000–500 000 ₽,4,,,,,,,,
18775,20113003,credit,Под залог автомобиля,Под залог автомобиля,https://www.banki.ru/products/credits/credit/201130/,https://cdn.banki.ru/cdn/bank/63520_mobile_logo_url.png,16.12.2025 18:28,63520,635201,bank,Уралсиб,https://cdn.banki.ru/cdn/bank/63520_mobile_logo_url.png,30,www.uralsib.ru,8 800 250-57-57,"119048, г. Москва, ул. Ефремова, д. 8
",uralsib,RUB,https://www.banki.ru/products/credits/credit/201130/,4.9,32.9,,100000,1500000,,397,2555,13m,7y,,91efa57306340366a9f918a9c9701de660effdd1db0f51cccff73ae8f038b0f6,True,2026-08-24 13:50:38,,"4,9–32,9%",,,100 000–1 500 000 ₽,4,,,,,,,,
17023,455103,credit,Для работников ОПК и военнослужащих,Для работников ОПК и военнослужащих,https://www.banki.ru/products/credits/credit/4551/,https://cdn.banki.ru/cdn/bank/5306_mobile_logo_url.png,06.05.2026 11:46,5306,53061,bank,ПСБ,https://cdn.banki.ru/cdn/bank/5306_mobile_logo_url.png,3251,www.psbank.ru,8 800 333-03-03,"150003, г. Ярославль, ул. Республиканская, д. 16",promsvyazbank,RUB,https://www.banki.ru/products/credits/credit/4551/,22.9,36.9,,100000,5000000,,365,2555,1y,7y,,53c2e798c0b2cb5d2fbaf882f0b7bbd86432ac53d5828815f75c0d178f57719a,True,2026-08-24 13:50:38,,"22,9–36,9%",,,100 000–5 000 000 ₽,4,,,,,,,,
17066,471103,credit,Газомоторное топливо,Газомоторное топливо,https://www.banki.ru/products/credits/credit/4711/,https://cdn.banki.ru/cdn/bank/4725_mobile_logo_url.png,29.06.2026 13:20,4725,47251,bank,Россельхозбанк,https://cdn.banki.ru/cdn/bank/4725_mobile_logo_url.png,3349,www.rshb.ru,8 800 100-01-00,"119034, г. Москва, Гагаринский пер., д. 3",rshb,RUB,https://www.banki.ru/products/credits/credit/4711/,27.9,33.4,,30000,300000,,365,365,1y,1y,,5966a0acd48ac54f2020fd80a4f9b3bd4c5708358d02cbca63e0cef8088248ba,True,2026-08-24 13:50:38,,"27,9–33,4%",,,30 000–300 000 ₽,4,,,,,,,,
17089,481803,credit,На благоустройство для жителей села,На благоустройство для жителей села,https://www.banki.ru/products/credits/credit/4818/,https://cdn.banki.ru/cdn/bank/4725_mobile_logo_url.png,29.06.2026 13:20,4725,47251,bank,Россельхозбанк,https://cdn.banki.ru/cdn/bank/4725_mobile_logo_url.png,3349,www.rshb.ru,8 800 100-01-00,"119034, г. Москва, Гагаринский пер., д. 3",rshb,RUB,https://www.banki.ru/products/credits/credit/4818/,3.25,33.0,,30000,700000,,365,365,1y,1y,,88c93366324f2cdad92a13281bcb38c4c405df0d217358c907916976f36a573e,True,2026-08-24 13:50:38,,"3,25–33%",,,30 000–700 000 ₽,4,,,,,,,,
16919,385303,credit,Топ-менеджер,Топ-менеджер,https://www.banki.ru/products/credits/credit/3853/,,02.07.2026 15:38,195603,1956031,bank,Крона-Банк,,2499,www.krona-bank.ru,+7 (3952) 25-25-05,"664007, г. Иркутск, ул. Дзержинского, д. 29",krona-bank,RUB,https://www.banki.ru/products/credits/credit/3853/,19.5,21.5,,500000,5000000,,92,1825,1m3y,5y,,a240e61fa7c1f8a3d23bf76bdb65c2feacca5c25a8d5ca9fdad1813c14601ed3,True,2026-08-24 13:50:38,,"19,5–21,5%",,,500 000–5 000 000 ₽,4,,,,,,,,
19357,377603,credit,На любые цели под залог недвижимости,На любые цели под залог недвижимости,https://www.banki.ru/products/credits/credit/3776/,https://cdn.banki.ru/cdn/bank/2764_mobile_logo_url.png,09.06.2026 19:00,2764,27641,bank,Газпромбанк,https://cdn.banki.ru/cdn/bank/2764_mobile_logo_url.png,354,www.gazprombank.ru,8 800 300-60-90,"117420, г. Москва, ул. Наметкина, д. 16, корп. 1.",gazprombank,RUB,https://www.banki.ru/products/credits/credit/3776/,20.6,28.6,,500000,30000000,,1460,7300,4y,20y,,413b572f8df6ef72044c4de6566e1d609469775e6799fbf1917afc1a99228467,True,2026-08-24 13:50:38,,"20,6–28,6%",,,500 000–30 000 000 ₽,4,,,,,,,,
17030,457803,credit,Наличными,Наличными,https://www.banki.ru/products/credits/credit/4578/,https://cdn.banki.ru/cdn/bank/2764_mobile_logo_url.png,09.06.2026 18:58,2764,27641,bank,Газпромбанк,https://cdn.banki.ru/cdn/bank/2764_mobile_logo_url.png,354,www.gazprombank.ru,8 800 300-60-90,"117420, г. Москва, ул. Наметкина, д. 16, корп. 1.",gazprombank,RUB,https://www.banki.ru/products/credits/credit/4578/,24.9,40.4,,50000,7000000,,397,1825,13m,5y,,6aa18ab73eb81325a727b2dc5c98e4981838bb53b07ab80030ee0d8e63980932,True,2026-08-24 13:50:38,,"24,9–40,4%",,,50 000–7 000 000 ₽,4,,,,,,,,
16868,345903,credit,Наличными — Акция,Наличными — Акция,https://www.banki.ru/products/credits/credit/3459/,https://cdn.banki.ru/cdn/bank/192841_mobile_logo_url.png,10.06.2026 17:45,192841,1928411,bank,Энергобанк,https://cdn.banki.ru/cdn/bank/192841_mobile_logo_url.png,67,www.energobank.ru,8 800-350-54-58,"420111, г. Казань, ул. Пушкина, д. 13/52",energobank,RUB,https://www.banki.ru/products/credits/credit/3459/,24.5,31.0,,100000,2500000,,397,2555,13m,7y,,411fa622f3d6240c3e8a16366c91084b8f29e8263a68414621f5ed220e0bcc4e,True,2026-08-24 13:50:38,,"24,5–31%",,,100 000–2 500 000 ₽,4,,,,,,,,
16731,103,credit,На любые цели,На любые цели,https://www.banki.ru/products/credits/credit/1/,https://cdn.banki.ru/cdn/bank/322_mobile_logo_url.png,13.04.2026 13:57,322,3221,bank,Сбербанк,https://cdn.banki.ru/cdn/bank/322_mobile_logo_url.png,1481,www.sberbank.ru,8 800 555-55-50,"117997, г. Москва, ул. Вавилова, д. 19",sberbank,RUB,https://www.banki.ru/products/credits/credit/1/,21.4,49.9,,10000,30000000,,31,1825,1m,5y,,c31e765c8d98ae88ef1a66aac85fd89cc22964efc0fd178f5953bde6fbb85bf8,True,2026-08-24 13:50:38,,"21,4–49,9%",,,10 000–30 000 000 ₽,4,,,,,,,,
18178,20112503,credit,Наличными (без визита в банк),Наличными (без визита в банк),https://www.banki.ru/products/credits/credit/201125/,https://cdn.banki.ru/cdn/bank/9183_mobile_logo_url.png,13.07.2026 15:25,9183,91831,bank,Локо-Банк,https://cdn.banki.ru/cdn/bank/9183_mobile_logo_url.png,2707,www.lockobank.ru,8 800 250-50-50,"125167, г. Москва, Ленинградский просп., д. 39, стр. 80",locko-bank,RUB,https://www.banki.ru/products/credits/credit/201125/,16.0,55.9,,50000,5000000,,365,2555,1y,7y,,cba649079e91b85add8429e2ff37e14e9a5075096c4ba433b2ea657a7ee02fb5,True,2026-08-24 13:50:38,,"16–55,9%",,,50 000–5 000 000 ₽,4,,,,,,,,
17023,455103,credit,Для работников ОПК и военнослужащих,Для работников ОПК и военнослужащих,https://www.banki.ru/products/credits/credit/4551/,https://cdn.banki.ru/cdn/card-designs/psb_logo_digital_96x96_58d1de7387.png,01.06.2026 17:34,5306,53061,bank,ПСБ,https://cdn.banki.ru/cdn/card-designs/psb_logo_digital_96x96_58d1de7387.png,3251,www.psbank.ru,8 800 333-03-03,"150003, г. Ярославль, ул. Республиканская, д. 16",promsvyazbank,RUB,https://www.banki.ru/products/credits/credit/4551/,22.9,36.9,,100000,10000000,,365,3650,1y,10y,,28b2e985b6d30d158e92d3a42407b64319721ca489c6df722246f3d09b80c82a,True,2026-08-24 13:50:38,,"22,9–36,9%",,,100 000–10 000 000 ₽,4,,,,,,,,
19312,13703,credit,Под залог недвижимости,Под залог недвижимости,https://www.banki.ru/products/credits/credit/137/,https://cdn.banki.ru/cdn/bank/327_mobile_logo_url.png,18.06.2026 17:11,327.0,3271.0,bank,ВТБ,https://cdn.banki.ru/cdn/bank/327_mobile_logo_url.png,1000,www.vtb.ru,8 800 200-77-99,"190000, г. Санкт-Петербург, ул. Большая Морская, д. 29",vtb,RUB,https://www.banki.ru/products/credits/credit/137/,20.8,22.8,,1500000,40000000,,365,5475,1y,15y,,c383c00b54983557e3c5b5c33a60c64edeab54009c5428eb4f7e1aada8ed278e,True,2026-08-24 13:50:38,,"20,8–22,8%",,,1 500 000–40 000 000 ₽,4,,,,,,,,
19357,377603,credit,На любые цели под залог недвижимости,На любые цели под залог недвижимости,https://www.banki.ru/products/credits/credit/3776/,https://cdn.banki.ru/cdn/bank/2764_mobile_logo_url.png,19.06.2026 17:31,2764.0,27641.0,bank,Газпромбанк,https://cdn.banki.ru/cdn/bank/2764_mobile_logo_url.png,354,www.gazprombank.ru,8 800 300-60-90,"117420, г. Москва, ул. Наметкина, д. 16, корп. 1.",gazprombank,RUB,https://www.banki.ru/products/credits/credit/3776/,20.6,28.6,,500000,30000000,,1460,7300,4y,20y,,022dda3b8a27b44f46de596d5a2400aa1508f88b377ed162f57bee660cdf9fc0,True,2026-08-24 13:50:38,,"20,6–28,6%",,,500 000–30 000 000 ₽,4,,,,,,,,
16731,103,credit,На любые цели,На любые цели,https://www.banki.ru/products/credits/credit/1/,https://cdn.banki.ru/cdn/bank/322_mobile_logo_url.png,23.12.2025 14:58,322,3221,bank,Сбербанк,https://cdn.banki.ru/cdn/bank/322_mobile_logo_url.png,1481,www.sberbank.ru,8 800 555-55-50,"117997, г. Москва, ул. Вавилова, д. 19",sberbank,RUB,https://www.banki.ru/products/credits/credit/1/,21.4,44.5,,10000,30000000,,31,1825,1m,5y,,bbbcf197fc90193394d878b3b58e92587fc0b4b6b6d95c549e93eebf2cb3e692,True,2026-08-24 13:50:38,,"21,4–44,5%",,,10 000–30 000 000 ₽,4,,,,,,,,
16731,103,credit,На любые цели,На любые цели,https://www.banki.ru/products/credits/credit/1/,https://cdn.banki.ru/cdn/bank/322_mobile_logo_url.png,11.12.2025 12:13,322,3221,bank,Сбербанк,https://cdn.banki.ru/cdn/bank/322_mobile_logo_url.png,1481,www.sberbank.ru,8 800 555-55-50,"117997, г. Москва, ул. Вавилова, д. 19",sberbank,RUB,https://www.banki.ru/products/credits/credit/1/,21.9,44.5,,10000,30000000,,31,1825,1m,5y,,d97999f8e726e11185111e39f593184b675b2a23a99cb582f47c09bbcad6c21b,True,2026-08-24 13:50:38,,"21,9–44,5%",,,10 000–30 000 000 ₽,4,,,,,,,,
17615,20101803,credit,Под залог автомобиля,Под залог автомобиля,https://www.banki.ru/products/credits/credit/201018/,https://cdn.banki.ru/cdn/bank/327_mobile_logo_url.png,12.12.2025 13:36,327,3271,bank,ВТБ,https://cdn.banki.ru/cdn/bank/327_mobile_logo_url.png,1000,www.vtb.ru,8 800 200-77-99,"190000, г. Санкт-Петербург, ул. Большая Морская, д. 29",vtb,RUB,https://www.banki.ru/products/credits/credit/201018/,23.9,40.2,,100001,40000000,,183,1825,6m,5y,,c8721abc35f9f2f9ff43319c7eb94cd52c974fe84c0245d9446c124900a60262,True,2026-08-24 13:50:38,,"23,9–40,2%",,,100 001–40 000 000 ₽,4,,,,,,,,
17067,471603,credit,Экспресс,Экспресс,https://www.banki.ru/products/credits/credit/4716/,https://cdn.banki.ru/cdn/bank/327_mobile_logo_url.png,12.12.2025 13:35,327,3271,bank,ВТБ,https://cdn.banki.ru/cdn/bank/327_mobile_logo_url.png,1000,www.vtb.ru,8 800 200-77-99,"190000, г. Санкт-Петербург, ул. Большая Морская, д. 29",vtb,RUB,https://www.banki.ru/products/credits/credit/4716/,37.9,51.9,,30000,100000,,183,1825,6m,5y,,d90d98ac2b9f0e065e54919d48b57d52728359b31b14c5a0cc9cdcc0a561e668,True,2026-08-24 13:50:38,,"37,9–51,9%",,,30 000–100 000 ₽,4,,,,,,,,
16989,433103,credit,Наличными ,Наличными ,https://www.banki.ru/products/credits/credit/4331/,https://cdn.banki.ru/cdn/bank/327_mobile_logo_url.png,19.11.2025 15:53,327,3271,bank,ВТБ,https://cdn.banki.ru/cdn/bank/327_mobile_logo_url.png,1000,www.vtb.ru,8 800 200-77-99,"190000, г. Санкт-Петербург, ул. Большая Морская, д. 29
",vtb,RUB,https://www.banki.ru/products/credits/credit/4331/,6.3,43.0,,100001,7000000,,183,1825,6m,5y,,76b5800df674c2d10b15cd54cf004f9fea2ccc3845354f6f5b1c6d00dc2c2cc0,True,2026-08-24 13:50:38,,"6,3–43%",,,100 001–7 000 000 ₽,4,,,,,,,,
16848,327203,credit,Наличными ,Наличными ,https://www.banki.ru/products/credits/credit/3272/,https://cdn.banki.ru/cdn/bank/325_mobile_logo_url.png,13.01.2026 11:44,325,3251,bank,Альфа-Банк,https://cdn.banki.ru/cdn/bank/325_mobile_logo_url.png,1326,www.alfabank.ru,8 800 200-00-00,"107078, г. Москва, ул. Каланчевская, д. 27",alfabank,RUB,https://www.banki.ru/products/credits/credit/3272/,18.99,52.49,,30000,7500000,,365,1825,5y,5y,,65ccb46d0a76df8936e83807d6e9db5041088d6045066db41460204e526716d7,True,2026-08-24 13:50:38,,"18,99–52,49%",,,30 000–7 500 000 ₽,4,,,,,,,,
16757,64703,credit,Запросто,Запросто,https://www.banki.ru/products/credits/credit/647/,https://cdn.banki.ru/cdn/bank/96003_mobile_logo_url.png,24.02.2026 11:35,96003,960031,bank,Банк Синара,https://cdn.banki.ru/cdn/bank/96003_mobile_logo_url.png,705,www.sinara.ru,8 800 100-06-00,"620026, г. Екатеринбург, ул. Куйбышева, д. 75",skb-bank,RUB,https://www.banki.ru/products/credits/credit/647/,5.4,39.0,,51000,5440000,,365,1825,1y,5y,,4834ce77ca2e9510d5ce1296e139b0be1bf182aba593df775f5cd21150e51292,True,2026-08-24 13:50:38,,"5,4–39%",,,51 000–5 440 000 ₽,4,,,,,,,,
16742,20503,credit,Со сниженным платежом,Со сниженным платежом,https://www.banki.ru/products/credits/credit/205/,https://cdn.banki.ru/cdn/bank/4725_mobile_logo_url.png,24.02.2026 13:49,4725,47251,bank,Россельхозбанк,https://cdn.banki.ru/cdn/bank/4725_mobile_logo_url.png,3349,www.rshb.ru,8 800 100-01-00,"119034, г. Москва, Гагаринский пер., д. 3",rshb,RUB,https://www.banki.ru/products/credits/credit/205/,22.6,36.5,,30000,5000000,,183,1825,6m,5y,,14ace6e75c96206ffb66f0f2d950fc78d02d1c076eccbce33f1802826fab9d4e,True,2026-08-24 13:50:38,,"22,6–36,5%",,,30 000–5 000 000 ₽,4,,,,,,,,
18178,20112503,credit,Наличными с оформлением на Банки.ру,Наличными с оформлением на Банки.ру,https://www.banki.ru/products/credits/credit/201125/,https://cdn.banki.ru/cdn/bank/9183_mobile_logo_url.png,24.02.2026 13:44,9183,91831,bank,Локо-Банк,https://cdn.banki.ru/cdn/bank/9183_mobile_logo_url.png,2707,www.lockobank.ru,8 800 250-50-50,"125167, г. Москва, Ленинградский просп., д. 39, стр. 80",locko-bank,RUB,https://www.banki.ru/products/credits/credit/201125/,25.9,49.9,,50000,5000000,,365,2555,1y,7y,,e00fe64742b9913607b1cdf18f579a5dc4795dbb1027d283315a02f5e3923ceb,True,2026-08-24 13:50:38,,"25,9–49,9%",,,50 000–5 000 000 ₽,4,,,,,,,,
20360,20116403,credit,На любые цели под залог недвижимости,На любые цели под залог недвижимости,https://www.banki.ru/products/credits/credit/201164/,https://cdn.banki.ru/cdn/bank/325_mobile_logo_url.png,03.03.2026 12:04,325,3251,bank,Альфа-Банк,https://cdn.banki.ru/cdn/bank/325_mobile_logo_url.png,1326,www.alfabank.ru,8 800 200-00-00,"107078, г. Москва, ул. Каланчевская, д. 27",alfabank,RUB,https://www.banki.ru/products/credits/credit/201164/,16.9,24.9,,500000,30000000,,365,5475,1y,15y,,c41928f31584bead78bc54825061cd1aa2db1601dfa61bdd59999e4270c68cfe,True,2026-08-24 13:50:38,,"16,9–24,9%",,,500 000–30 000 000 ₽,4,,,,,,,,
18848,20113503,credit,Наличными (для новых клиентов),Наличными (для новых клиентов),https://www.banki.ru/products/credits/credit/201135/,https://cdn.banki.ru/cdn/bank/325_mobile_logo_url.png,19.08.2026 13:29,325,3251,bank,Альфа-Банк,https://cdn.banki.ru/cdn/bank/325_mobile_logo_url.png,1326,www.alfabank.ru,8 800 200-00-00,"107078, г. Москва, ул. Каланчевская, д. 27",alfabank,RUB,https://www.banki.ru/products/credits/credit/201135/,18.99,55.89,,30000,7500000,,365,1825,5y,5y,,e4ae46cf5be7b6adc27a7e7fe5cd1012e111a193ecf197447fdcd6a1a584f75e,True,2026-08-24 13:50:38,,"18,99–55,89%",,,30 000–7 500 000 ₽,4,,,,,,,,
20284,21118603,credit,Наличными (без визита в банк),Наличными (без визита в банк),https://www.banki.ru/products/credits/credit/211186/,https://cdn.banki.ru/cdn/bank/325_mobile_logo_url.png,19.08.2026 13:29,325,3251,bank,Альфа-Банк,https://cdn.banki.ru/cdn/bank/325_mobile_logo_url.png,1326,www.alfabank.ru,8 800 200-00-00,"107078, г. Москва, ул. Каланчевская, д. 27",alfabank,RUB,https://www.banki.ru/products/credits/credit/211186/,18.99,55.99,,30000,7500000,,365,1825,5y,5y,,8340a23a2b64795e34544523b62cbc265770dd88b50662bede8ddfd1a8bb1877,True,2026-08-24 13:50:38,,"18,99–55,99%",,,30 000–7 500 000 ₽,4,,,,,,,,
19356,375603,credit,Под залог квартиры,Под залог квартиры,https://www.banki.ru/products/credits/credit/3756/,https://cdn.banki.ru/cdn/bank/5306_mobile_logo_url.png,16.01.2026 13:14,5306,53061,bank,ПСБ,https://cdn.banki.ru/cdn/bank/5306_mobile_logo_url.png,3251,www.psbank.ru,8 800 333-03-03,"150003, г. Ярославль, ул. Республиканская, д. 16",promsvyazbank,RUB,https://www.banki.ru/products/credits/credit/3756/,27.7,29.7,,1000000,30000000,,1095,10950,3y,30y,,edc53d5341c8aa8cca84f2998962269661adccc9dc6639c1db65f26b6fb901cb,True,2026-08-24 13:50:38,,"27,7–29,7%",,,1 000 000–30 000 000 ₽,4,,,,,,,,
17089,481803,credit,На благоустройство для жителей села,На благоустройство для жителей села,https://www.banki.ru/products/credits/credit/4818/,https://cdn.banki.ru/cdn/bank/4725_mobile_logo_url.png,12.12.2025 13:47,4725,47251,bank,Россельхозбанк,https://cdn.banki.ru/cdn/bank/4725_mobile_logo_url.png,3349,www.rshb.ru,8 800 100-01-00,"119034, г. Москва, Гагаринский пер., д. 3",rshb,RUB,https://www.banki.ru/products/credits/credit/4818/,3.25,33.0,,30000,700000,,396,1825,1m1y,5y,,8e8b67521cf44da40619f7d100e1acdc860e906a45da35167b6905ebb97fe05a,True,2026-08-24 13:50:38,,"3,25–33%",,,30 000–700 000 ₽,4,,,,,,,,
17066,471103,credit,Газомоторное топливо,Газомоторное топливо,https://www.banki.ru/products/credits/credit/4711/,https://cdn.banki.ru/cdn/bank/4725_mobile_logo_url.png,12.12.2025 13:36,4725,47251,bank,Россельхозбанк,https://cdn.banki.ru/cdn/bank/4725_mobile_logo_url.png,3349,www.rshb.ru,8 800 100-01-00,"119034, г. Москва, Гагаринский пер., д. 3",rshb,RUB,https://www.banki.ru/products/credits/credit/4711/,27.9,33.4,,30000,300000,,397,1095,13m,3y,,2cc3bf440e1439c87c6f4a5f2587782cfe7615d7e3301624278063501510fb32,True,2026-08-24 13:50:38,,"27,9–33,4%",,,30 000–300 000 ₽,4,,,,,,,,
19312,13703,credit,Под залог недвижимости,Под залог недвижимости,https://www.banki.ru/products/credits/credit/137/,https://cdn.banki.ru/cdn/bank/327_mobile_logo_url.png,12.12.2025 18:24,327,3271,bank,ВТБ,https://cdn.banki.ru/cdn/bank/327_mobile_logo_url.png,1000,www.vtb.ru,8 800 200-77-99,"190000, г. Санкт-Петербург, ул. Большая Морская, д. 29
",vtb,RUB,https://www.banki.ru/products/credits/credit/137/,24.6,25.6,,1500000,40000000,,365,5475,1y,15y,,bedf210084429cc285fe90c577919d7a1dab5fcef7d4ebc6eec5dca9ad77a861,True,2026-08-24 13:50:38,,"24,6–25,6%",,,1 500 000–40 000 000 ₽,4,,,,,,,,
18178,20112503,credit,Наличными (без визита в банк),Наличными (без визита в банк),https://www.banki.ru/products/credits/credit/201125/,https://cdn.banki.ru/cdn/bank/9183_mobile_logo_url.png,13.07.2026 18:30,9183,91831,bank,Локо-Банк,https://cdn.banki.ru/cdn/bank/9183_mobile_logo_url.png,2707,www.lockobank.ru,8 800 250-50-50,"125167, г. Москва, Ленинградский просп., д. 39, стр. 80",locko-bank,RUB,https://www.banki.ru/products/credits/credit/201125/,16.0,55.9,,50000,6000000,,365,2555,1y,7y,,9e9c5e2b73b4677eb826cea8b0c8393c7bb67209fddc6104f5d13b5973bf08e7,True,2026-08-24 13:50:38,,"16–55,9%",,,50 000–6 000 000 ₽,4,,,,,,,,
17615,20101803,credit,Под залог автомобиля,Под залог автомобиля,https://www.banki.ru/products/credits/credit/201018/,https://cdn.banki.ru/cdn/bank/327_mobile_logo_url.png,05.03.2026 12:23,327,3271,bank,ВТБ,https://cdn.banki.ru/cdn/bank/327_mobile_logo_url.png,1000,www.vtb.ru,8 800 200-77-99,"190000, г. Санкт-Петербург, ул. Большая Морская, д. 29",vtb,RUB,https://www.banki.ru/products/credits/credit/201018/,21.9,35.4,,100001,40000000,,183,1825,6m,5y,,e655e46b2dc876eb2e763e1dce350e3f30a77ca6377719526db26916c99d202d,True,2026-08-24 13:50:38,,"21,9–35,4%",,,100 001–40 000 000 ₽,4,,,,,,,,
17673,20107603,credit,Под залог авто,Под залог авто,https://www.banki.ru/products/credits/credit/201076/,https://cdn.banki.ru/cdn/bank/76620_mobile_logo_url.png,18.08.2026 12:37,76620,766201,bank,Совкомбанк,https://cdn.banki.ru/cdn/bank/76620_mobile_logo_url.png,963,www.sovcombank.ru,8 800 100-00-06,"156000, г. Кострома, просп. Текстильщиков, д. 46",sovcombank,RUB,https://www.banki.ru/products/credits/credit/201076/,19.4,30.9,,100000,15000000,,365,3650,1y,10y,,d9843190327b68caeea2e6e48ca38abd9c01448c700fab61b32145840f25c359,True,2026-08-24 13:50:38,,"19,4–30,9%",,,100 000–15 000 000 ₽,4,,,,,,,,
17033,458803,credit,Супер плюс,Супер плюс,https://www.banki.ru/products/credits/credit/4588/,https://cdn.banki.ru/cdn/bank/76620_mobile_logo_url.png,18.08.2026 12:31,76620,766201,bank,Совкомбанк,https://cdn.banki.ru/cdn/bank/76620_mobile_logo_url.png,963,www.sovcombank.ru,8 800 100-00-06,"156000, г. Кострома, просп. Текстильщиков, д. 46",sovcombank,RUB,https://www.banki.ru/products/credits/credit/4588/,18.9,31.9,,200000,3000000,,549,1825,18m,5y,,25f5c499455517d5ee9d4d6abccd8ada7bdd332b2410d803194d3b8173c4046f,True,2026-08-24 13:50:38,,"18,9–31,9%",,,200 000–3 000 000 ₽,4,,,,,,,,
17023,455103,credit,Для работников ОПК и военнослужащих,Для работников ОПК и военнослужащих,https://www.banki.ru/products/credits/credit/4551/,https://cdn.banki.ru/cdn/bank/5306_mobile_logo_url.png,22.01.2026 13:37,5306,53061,bank,ПСБ,https://cdn.banki.ru/cdn/bank/5306_mobile_logo_url.png,3251,www.psbank.ru,8 800 333-03-03,"150003, г. Ярославль, ул. Республиканская, д. 16",promsvyazbank,RUB,https://www.banki.ru/products/credits/credit/4551/,27.9,37.9,,100000,5000000,,365,2555,1y,7y,,c8fc4dc6e503fac426bac8d080f3a0a0b763c36db4d84ed4cdbfe8b957953fe3,True,2026-08-24 13:50:38,,"27,9–37,9%",,,100 000–5 000 000 ₽,4,,,,,,,,
17023,455103,credit,Для работников ОПК и военнослужащих,Для работников ОПК и военнослужащих,https://www.banki.ru/products/credits/credit/4551/,https://cdn.banki.ru/cdn/card-designs/psb_2_2_4aa31add26.png,29.07.2026 18:39,5306,53061,bank,ПСБ,https://cdn.banki.ru/cdn/card-designs/psb_2_2_4aa31add26.png,3251,www.psbank.ru,8 800 333-03-03,"150003, г. Ярославль, ул. Республиканская, д. 16",promsvyazbank,RUB,https://www.banki.ru/products/credits/credit/4551/,16.9,36.9,,100000,10000000,,365,3650,1y,10y,,72d8241f2bc4cc29e2c863ba02f84ad5cfe2b422686ac743eb75fc3157e9f945,True,2026-08-24 13:50:38,,"16,9–36,9%",,,100 000–10 000 000 ₽,4,,,,,,,,
19311,403,credit,На любые цели под залог недвижимости,На любые цели под залог недвижимости,https://www.banki.ru/products/credits/credit/4/,https://cdn.banki.ru/cdn/bank/322_mobile_logo_url.png,22.04.2026 10:55,322,3221,bank,Сбербанк,https://cdn.banki.ru/cdn/bank/322_mobile_logo_url.png,1481,www.sberbank.ru,8 800 555-55-50,"117997, г. Москва, ул. Вавилова, д. 19",sberbank,RUB,https://www.banki.ru/products/credits/credit/4/,16.7,34.151,,200000,20000000,,365,10950,1y,30y,,da8268f30cef7743ba536a79017a19d375ccb0de20a9bf42269d64624c81d840,True,2026-08-24 13:50:38,,"16,7–34,151%",,,200 000–20 000 000 ₽,4,,,,,,,,
16731,103,credit,На любые цели,На любые цели,https://www.banki.ru/products/credits/credit/1/,https://cdn.banki.ru/cdn/bank/322_mobile_logo_url.png,01.07.2026 10:49,322.0,3221.0,bank,Сбербанк,https://cdn.banki.ru/cdn/bank/322_mobile_logo_url.png,1481,www.sberbank.ru,8 800 555-55-50,"117997, г. Москва, ул. Вавилова, д. 19",sberbank,RUB,https://www.banki.ru/products/credits/credit/1/,18.4,49.9,,10000,30000000,,31,1825,1m,5y,,0d793841f0439e57f8a3d1bbdec7a14e5c703def9a0467913aa3a8dc421ed599,True,2026-08-24 13:50:38,,"18,4–49,9%",,,10 000–30 000 000 ₽,4,,,,,,,,
19311,403,credit,На любые цели под залог недвижимости,На любые цели под залог недвижимости,https://www.banki.ru/products/credits/credit/4/,https://cdn.banki.ru/cdn/bank/322_mobile_logo_url.png,01.07.2026 10:51,322.0,3221.0,bank,Сбербанк,https://cdn.banki.ru/cdn/bank/322_mobile_logo_url.png,1481,www.sberbank.ru,8 800 555-55-50,"117997, г. Москва, ул. Вавилова, д. 19",sberbank,RUB,https://www.banki.ru/products/credits/credit/4/,16.2,29.722,,200000,20000000,,365,10950,1y,30y,,50da4a1cabda8516e700e79fd16778c3ba52dc6a830d8e0b4d98b527fd69f0d0,True,2026-08-24 13:50:38,,"16,2–29,722%",,,200 000–20 000 000 ₽,4,,,,,,,,
17033,458803,credit,Супер плюс,Супер плюс,https://www.banki.ru/products/credits/credit/4588/,https://cdn.banki.ru/cdn/bank/76620_mobile_logo_url.png,01.07.2026 10:34,76620.0,766201.0,bank,Совкомбанк,https://cdn.banki.ru/cdn/bank/76620_mobile_logo_url.png,963,www.sovcombank.ru,8 800 100-00-06,"156000, г. Кострома, просп. Текстильщиков, д. 46",sovcombank,RUB,https://www.banki.ru/products/credits/credit/4588/,19.9,31.9,,200000,3000000,,549,1825,18m,5y,,497a8e3d98dddb9db896852b170fdbe7a0ab0c7b0028b29d282d19412e8da368,True,2026-08-24 13:50:38,,"19,9–31,9%",,,200 000–3 000 000 ₽,4,,,,,,,,
16814,277003,credit,Стандартный плюс,Стандартный плюс,https://www.banki.ru/products/credits/credit/2770/,https://cdn.banki.ru/cdn/bank/76620_mobile_logo_url.png,01.07.2026 10:33,76620.0,766201.0,bank,Совкомбанк,https://cdn.banki.ru/cdn/bank/76620_mobile_logo_url.png,963,www.sovcombank.ru,8 800 100-00-06,"156000, г. Кострома, просп. Текстильщиков, д. 46",sovcombank,RUB,https://www.banki.ru/products/credits/credit/2770/,19.9,33.9,,50000,399999,,365,1825,5y,5y,,6d381e44b75d1443d5ff9f898047033f83753d4caf88621ee722345e545763a4,True,2026-08-24 13:50:38,,"19,9–33,9%",,,50 000–399 999 ₽,4,,,,,,,,
19367,394403,credit,Под залог недвижимости,Под залог недвижимости,https://www.banki.ru/products/credits/credit/3944/,https://cdn.banki.ru/cdn/bank/76620_mobile_logo_url.png,01.07.2026 10:36,76620.0,766201.0,bank,Совкомбанк,https://cdn.banki.ru/cdn/bank/76620_mobile_logo_url.png,963,www.sovcombank.ru,8 800 100-00-06,"156000, г. Кострома, просп. Текстильщиков, д. 46",sovcombank,RUB,https://www.banki.ru/products/credits/credit/3944/,28.9,32.4,,200000,30000000,,1095,5475,3y,15y,,7988a7a39e1973789f64e4d918d2f521419e7715fda862d54eba539bcb1cfb49,True,2026-08-24 13:50:38,,"28,9–32,4%",,,200 000–30 000 000 ₽,4,,,,,,,,
16833,306303,credit,Пенсионный плюс,Пенсионный плюс,https://www.banki.ru/products/credits/credit/3063/,https://cdn.banki.ru/cdn/bank/76620_mobile_logo_url.png,01.07.2026 10:33,76620.0,766201.0,bank,Совкомбанк,https://cdn.banki.ru/cdn/bank/76620_mobile_logo_url.png,963,www.sovcombank.ru,8 800 100-00-06,"156000, г. Кострома, просп. Текстильщиков, д. 46",sovcombank,RUB,https://www.banki.ru/products/credits/credit/3063/,19.9,32.9,,50000,399999,,365,1825,5y,5y,,84385d97e95618a1f43beeba02951e5fbaf4067b44461cf92558b87de7c3e6f9,True,2026-08-24 13:50:38,,"19,9–32,9%",,,50 000–399 999 ₽,4,,,,,,,,
16757,64703,credit,Запросто,Запросто,https://www.banki.ru/products/credits/credit/647/,https://cdn.banki.ru/cdn/bank/96003_mobile_logo_url.png,01.07.2026 10:50,96003.0,960031.0,bank,Банк Синара,https://cdn.banki.ru/cdn/bank/96003_mobile_logo_url.png,705,www.sinara.ru,8 800 100-06-00,"620026, г. Екатеринбург, ул. Куйбышева, д. 75",skb-bank,RUB,https://www.banki.ru/products/credits/credit/647/,11.9,37.0,,51000,5440000,,365,1825,1y,5y,,f13b134c5f60040d23b1f6675965d62dad3f3a0c71db0dd1205aa116ca9cc57a,True,2026-08-24 13:50:38,,"11,9–37%",,,51 000–5 440 000 ₽,4,,,,,,,,
16989,433103,credit,Наличными ,Наличными ,https://www.banki.ru/products/credits/credit/4331/,https://cdn.banki.ru/cdn/bank/327_mobile_logo_url.png,01.07.2026 11:41,327.0,3271.0,bank,ВТБ,https://cdn.banki.ru/cdn/bank/327_mobile_logo_url.png,1000,www.vtb.ru,8 800 200-77-99,"190000, г. Санкт-Петербург, ул. Большая Морская, д. 29",vtb,RUB,https://www.banki.ru/products/credits/credit/4331/,3.7,40.5,,100001,7000000,,183,1825,6m,5y,,a8f823b79354513fbc2e95521b706eed5bb8e7e5744cad22a24177c77cd4a65e,True,2026-08-24 13:50:38,,"3,7–40,5%",,,100 001–7 000 000 ₽,4,,,,,,,,
17067,471603,credit,Экспресс,Экспресс,https://www.banki.ru/products/credits/credit/4716/,https://cdn.banki.ru/cdn/bank/327_mobile_logo_url.png,01.07.2026 11:41,327.0,3271.0,bank,ВТБ,https://cdn.banki.ru/cdn/bank/327_mobile_logo_url.png,1000,www.vtb.ru,8 800 200-77-99,"190000, г. Санкт-Петербург, ул. Большая Морская, д. 29",vtb,RUB,https://www.banki.ru/products/credits/credit/4716/,25.4,54.1,,30000,100000,,183,1825,6m,5y,,c384000201188fac248fda2be45cd698fd7673c0996b26d2750c26ad33e5bf4e,True,2026-08-24 13:50:38,,"25,4–54,1%",,,30 000–100 000 ₽,4,,,,,,,,
17615,20101803,credit,Под залог автомобиля,Под залог автомобиля,https://www.banki.ru/products/credits/credit/201018/,https://cdn.banki.ru/cdn/bank/327_mobile_logo_url.png,01.07.2026 11:41,327.0,3271.0,bank,ВТБ,https://cdn.banki.ru/cdn/bank/327_mobile_logo_url.png,1000,www.vtb.ru,8 800 200-77-99,"190000, г. Санкт-Петербург, ул. Большая Морская, д. 29",vtb,RUB,https://www.banki.ru/products/credits/credit/201018/,21.0,33.8,,100001,40000000,,183,1825,6m,5y,,d53afb6f547988bab665418f730238d1c2b3689d1b9aa67cc979301ea6bdf798,True,2026-08-24 13:50:38,,"21–33,8%",,,100 001–40 000 000 ₽,4,,,,,,,,
20360,20116403,credit,На любые цели под залог недвижимости,На любые цели под залог недвижимости,https://www.banki.ru/products/credits/credit/201164/,https://cdn.banki.ru/cdn/bank/325_mobile_logo_url.png,01.07.2026 10:59,325.0,3251.0,bank,Альфа-Банк,https://cdn.banki.ru/cdn/bank/325_mobile_logo_url.png,1326,www.alfabank.ru,8 800 200-00-00,"107078, г. Москва, ул. Каланчевская, д. 27",alfabank,RUB,https://www.banki.ru/products/credits/credit/201164/,17.4,27.9,,500000,30000000,,365,5475,1y,15y,,cec11e0ce0570137a3082c704a02aa8c59ad7b4ae5f7e475e2748941b14551c3,True,2026-08-24 13:50:38,,"17,4–27,9%",,,500 000–30 000 000 ₽,4,,,,,,,,
20284,21118603,credit,Наличными (без визита в банк),Наличными (без визита в банк),https://www.banki.ru/products/credits/credit/211186/,https://cdn.banki.ru/cdn/bank/325_mobile_logo_url.png,01.07.2026 11:23,325.0,3251.0,bank,Альфа-Банк,https://cdn.banki.ru/cdn/bank/325_mobile_logo_url.png,1326,www.alfabank.ru,8 800 200-00-00,"107078, г. Москва, ул. Каланчевская, д. 27",alfabank,RUB,https://www.banki.ru/products/credits/credit/211186/,18.99,53.99,,30000,7500000,,365,1825,5y,5y,,0728500198c82f224fdf7213a12f9b6337fd5743f4458aada2aa5b983d90aaae,True,2026-08-24 13:50:38,,"18,99–53,99%",,,30 000–7 500 000 ₽,4,,,,,,,,
18848,20113503,credit,Наличными (для новых клиентов),Наличными (для новых клиентов),https://www.banki.ru/products/credits/credit/201135/,https://cdn.banki.ru/cdn/bank/325_mobile_logo_url.png,01.07.2026 11:23,325.0,3251.0,bank,Альфа-Банк,https://cdn.banki.ru/cdn/bank/325_mobile_logo_url.png,1326,www.alfabank.ru,8 800 200-00-00,"107078, г. Москва, ул. Каланчевская, д. 27",alfabank,RUB,https://www.banki.ru/products/credits/credit/201135/,18.99,53.99,,30000,7500000,,365,1825,5y,5y,,47ff0281d6da2b16dd389bd9d2f752d240fd8fd74b54a728b0f374344d5910bb,True,2026-08-24 13:50:38,,"18,99–53,99%",,,30 000–7 500 000 ₽,4,,,,,,,,
19349,342703,credit,Под залог (недвижимости),Под залог (недвижимости),https://www.banki.ru/products/credits/credit/3427/,https://cdn.banki.ru/cdn/bank/195706_mobile_logo_url.png,01.07.2026 10:42,195706.0,1957061.0,bank,Т-Банк,https://cdn.banki.ru/cdn/bank/195706_mobile_logo_url.png,2673,www.tbank.ru,8 800 555-10-10,"127287, г. Москва, ул. 2-я Хуторская, д.38А, стр.26",tcs,RUB,https://www.banki.ru/products/credits/credit/3427/,17.9,31.9,,200000,30000000,,365,5475,1y,15y,,1b3b43d3950ac46a8d8d2bba4a07eeec70fa962e23bedb535b9b940b85338cf1,True,2026-08-24 13:50:38,,"17,9–31,9%",,,200 000–30 000 000 ₽,4,,,,,,,,
17588,20098903,credit,Наличными,Наличными,https://www.banki.ru/products/credits/credit/200989/,https://cdn.banki.ru/cdn/bank/195706_mobile_logo_url.png,01.07.2026 10:47,195706.0,1957061.0,bank,Т-Банк,https://cdn.banki.ru/cdn/bank/195706_mobile_logo_url.png,2673,www.tbank.ru,8 800 555-10-10,"127287, г. Москва, ул. 2-я Хуторская, д.38А, стр.26",tcs,RUB,https://www.banki.ru/products/credits/credit/200989/,19.9,40.0,,50000,5000000,,365,1825,1y,5y,,4df9f5e2d30185f19beb729c6b18f739b89851caa1fbdcfce4689da40dc9f288,True,2026-08-24 13:50:38,,"19,9–40%",,,50 000–5 000 000 ₽,4,,,,,,,,
17037,459703,credit,Под залог (авто),Под залог (авто),https://www.banki.ru/products/credits/credit/4597/,https://cdn.banki.ru/cdn/bank/195706_mobile_logo_url.png,01.07.2026 10:47,195706.0,1957061.0,bank,Т-Банк,https://cdn.banki.ru/cdn/bank/195706_mobile_logo_url.png,2673,www.tbank.ru,8 800 555-10-10,"127287, г. Москва, ул. 2-я Хуторская, д.38А, стр.26",tcs,RUB,https://www.banki.ru/products/credits/credit/4597/,19.9,32.9,,100000,7000000,,365,2555,1y,7y,,a5e70a7ae5fc923f18bea040381e42670ef2c306d83ad300df9509b944b577a8,True,2026-08-24 13:50:38,,"19,9–32,9%",,,100 000–7 000 000 ₽,4,,,,,,,,
16818,280303,credit,На любые цели ,На любые цели ,https://www.banki.ru/products/credits/credit/2803/,https://cdn.banki.ru/cdn/card-designs/PSB_4_a53f377467.png,01.07.2026 12:23,5306.0,53061.0,bank,ПСБ,https://cdn.banki.ru/cdn/card-designs/PSB_4_a53f377467.png,3251,www.psbank.ru,8 800 333-03-03,"150003, г. Ярославль, ул. Республиканская, д. 16",promsvyazbank,RUB,https://www.banki.ru/products/credits/credit/2803/,26.9,36.9,,100000,5000000,,365,1825,1y,5y,,207f0db08f5210ec807c29f47d6a3330de7fa6ed9534463fd62935683d21b931,True,2026-08-24 13:50:38,,"26,9–36,9%",,,100 000–5 000 000 ₽,4,,,,,,,,
17023,455103,credit,Для работников ОПК и военнослужащих,Для работников ОПК и военнослужащих,https://www.banki.ru/products/credits/credit/4551/,https://cdn.banki.ru/cdn/card-designs/PSB_4_a53f377467.png,30.06.2026 17:21,5306.0,53061.0,bank,ПСБ,https://cdn.banki.ru/cdn/card-designs/PSB_4_a53f377467.png,3251,www.psbank.ru,8 800 333-03-03,"150003, г. Ярославль, ул. Республиканская, д. 16",promsvyazbank,RUB,https://www.banki.ru/products/credits/credit/4551/,22.9,36.9,,100000,10000000,,365,3650,1y,10y,,76c000eb17dfb9b29836c1f748c3e21a72a42f2947a0b2ae12a3172074dd9371,True,2026-08-24 13:50:38,,"22,9–36,9%",,,100 000–10 000 000 ₽,4,,,,,,,,
16731,103,credit,На любые цели,На любые цели,https://www.banki.ru/products/credits/credit/1/,https://cdn.banki.ru/cdn/bank/322_mobile_logo_url.png,10.03.2026 11:43,322,3221,bank,Сбербанк,https://cdn.banki.ru/cdn/bank/322_mobile_logo_url.png,1481,www.sberbank.ru,8 800 555-55-50,"117997, г. Москва, ул. Вавилова, д. 19",sberbank,RUB,https://www.banki.ru/products/credits/credit/1/,19.4,49.9,,10000,30000000,,31,1825,1m,5y,,1090b7445e8b13e2aa2167a29ecf21a52988459accacf86a3f7f0a5ec616e1ae,True,2026-08-24 13:50:38,,"19,4–49,9%",,,10 000–30 000 000 ₽,4,,,,,,,,
17067,471603,credit,Экспресс,Экспресс,https://www.banki.ru/products/credits/credit/4716/,https://cdn.banki.ru/cdn/bank/327_mobile_logo_url.png,10.03.2026 12:01,327,3271,bank,ВТБ,https://cdn.banki.ru/cdn/bank/327_mobile_logo_url.png,1000,www.vtb.ru,8 800 200-77-99,"190000, г. Санкт-Петербург, ул. Большая Морская, д. 29",vtb,RUB,https://www.banki.ru/products/credits/credit/4716/,25.4,52.8,,30000,100000,,183,1825,6m,5y,,03fe3657fe5f5d5e4d4fb896d4cca9149ece111e8642f85cdc4e5ffcf0088fd6,True,2026-08-24 13:50:38,,"25,4–52,8%",,,30 000–100 000 ₽,4,,,,,,,,
16989,433103,credit,Наличными ,Наличными ,https://www.banki.ru/products/credits/credit/4331/,https://cdn.banki.ru/cdn/bank/327_mobile_logo_url.png,10.03.2026 12:01,327,3271,bank,ВТБ,https://cdn.banki.ru/cdn/bank/327_mobile_logo_url.png,1000,www.vtb.ru,8 800 200-77-99,"190000, г. Санкт-Петербург, ул. Большая Морская, д. 29",vtb,RUB,https://www.banki.ru/products/credits/credit/4331/,4.5,42.1,,100001,7000000,,183,1825,6m,5y,,d260bcee7b28eb5562066d86af287321b204505d906f18707bb88098b3c33d15,True,2026-08-24 13:50:38,,"4,5–42,1%",,,100 001–7 000 000 ₽,4,,,,,,,,
16740,14403,credit,Стандартный ,Стандартный ,https://www.banki.ru/products/credits/credit/144/,https://cdn.banki.ru/cdn/bank/63520_mobile_logo_url.png,12.05.2026 12:32,63520,635201,bank,Уралсиб,https://cdn.banki.ru/cdn/bank/63520_mobile_logo_url.png,30,www.uralsib.ru,8 800 250-57-57,"119048, г. Москва, ул. Ефремова, д. 8",uralsib,RUB,https://www.banki.ru/products/credits/credit/144/,7.0,51.0,,30000,2000000,,397,2555,13m,7y,,e440a8650172ff7017c82022dda738381032d17db316b8780025d84241c46638,True,2026-08-24 13:50:38,,7–51%,,,30 000–2 000 000 ₽,4,,,,,,,,
19495,20108503,credit,На любые цели,На любые цели,https://www.banki.ru/products/credits/credit/201085/,https://cdn.banki.ru/cdn/bank/131248_mobile_logo_url.png,13.07.2026 14:52,131248,1312481,bank,Арзамас,https://cdn.banki.ru/cdn/bank/131248_mobile_logo_url.png,1281,www.bank-arzamas.ru,+7 (83147) 7-02-24,"607220, Нижегородская обл., г. Арзамас, ул. Кирова, д. 33",arzamas,RUB,https://www.banki.ru/products/credits/credit/201085/,12.0,30.0,,20000,100000000,,31,3650,1m,10y,,175649e6dcdb4bf21b45805d0a56068271c775c569b3e62a0c2adfb48bcf219d,True,2026-08-24 13:50:38,,12–30%,,,20 000–100 000 000 ₽,4,,,,,,,,
19311,403,credit,На любые цели под залог недвижимости,На любые цели под залог недвижимости,https://www.banki.ru/products/credits/credit/4/,https://cdn.banki.ru/cdn/bank/322_mobile_logo_url.png,05.02.2026 11:25,322,3221,bank,Сбербанк,https://cdn.banki.ru/cdn/bank/322_mobile_logo_url.png,1481,www.sberbank.ru,8 800 555-55-50,"117997, г. Москва, ул. Вавилова, д. 19",sberbank,RUB,https://www.banki.ru/products/credits/credit/4/,17.7,33.066,,300000,20000000,,365,10950,1y,30y,,943cbad88e7b167b1f1494b5dabd43731dc7bfd26b8df1e2a39a61ddf2905edd,True,2026-08-24 13:50:38,,"17,7–33,066%",,,300 000–20 000 000 ₽,4,,,,,,,,
19334,284103,credit,На любые цели под залог недвижимости ,На любые цели под залог недвижимости ,https://www.banki.ru/products/credits/credit/2841/,https://cdn.banki.ru/cdn/bank/325_mobile_logo_url.png,21.01.2026 11:56,325,3251,bank,Альфа-Банк,https://cdn.banki.ru/cdn/bank/325_mobile_logo_url.png,1326,www.alfabank.ru,8 800 200-00-00,"107078, г. Москва, ул. Каланчевская, д. 27",alfabank,RUB,https://www.banki.ru/products/credits/credit/2841/,16.9,24.9,,500000,30000000,,365,5475,1y,15y,,4606485de4e181449afd5e733c4849a0476fb62e750fdc498625ce8887e5f164,True,2026-08-24 13:50:38,,"16,9–24,9%",,,500 000–30 000 000 ₽,4,,,,,,,,
19855,20115603,credit,Под залог недвижимости для новых клиентов,Под залог недвижимости для новых клиентов,https://www.banki.ru/products/credits/credit/201156/,https://cdn.banki.ru/cdn/bank/325_mobile_logo_url.png,21.01.2026 11:57,325,3251,bank,Альфа-Банк,https://cdn.banki.ru/cdn/bank/325_mobile_logo_url.png,1326,www.alfabank.ru,8 800 200-00-00,"107078, г. Москва, ул. Каланчевская, д. 27",alfabank,RUB,https://www.banki.ru/products/credits/credit/201156/,16.9,24.9,,500000,30000000,,365,5475,1y,15y,,d318debbf94bbe9bc141671f5d270283272203f42fb37d46b71b55a011a0ac97,True,2026-08-24 13:50:38,,"16,9–24,9%",,,500 000–30 000 000 ₽,4,,,,,,,,
16741,17903,credit,Образовательный,Образовательный,https://www.banki.ru/products/credits/credit/179/,https://cdn.banki.ru/cdn/bank/322_mobile_logo_url.png,15.07.2026 10:54,322,3221,bank,Сбербанк,https://cdn.banki.ru/cdn/bank/322_mobile_logo_url.png,1481,www.sberbank.ru,8 800 555-55-50,"117997, г. Москва, ул. Вавилова, д. 19",sberbank,RUB,https://www.banki.ru/products/credits/credit/179/,3.0,3.0,,10000,10000000,,5475,5475,15y,15y,,1f7b695e4af0be3d718885969b33bf56d21d8cdc561d7dabe9dbc3463b6af83e,True,2026-08-24 13:50:38,,3%,,,10 000–10 000 000 ₽,4,,,,,,,,
16731,103,credit,На любые цели,На любые цели,https://www.banki.ru/products/credits/credit/1/,https://cdn.banki.ru/cdn/bank/322_mobile_logo_url.png,29.04.2026 11:11,322,3221,bank,Сбербанк,https://cdn.banki.ru/cdn/bank/322_mobile_logo_url.png,1481,www.sberbank.ru,8 800 555-55-50,"117997, г. Москва, ул. Вавилова, д. 19",sberbank,RUB,https://www.banki.ru/products/credits/credit/1/,18.9,49.9,,10000,30000000,,31,1825,1m,5y,,c46e3d2454802ce92700428f30f2aad2a1a2a024da7d389dbb5b51b0f3e73298,True,2026-08-24 13:50:38,,"18,9–49,9%",,,10 000–30 000 000 ₽,4,,,,,,,,
17037,459703,credit,Под залог (авто),Под залог (авто),https://www.banki.ru/products/credits/credit/4597/,https://cdn.banki.ru/cdn/bank/195706_mobile_logo_url.png,29.04.2026 10:58,195706,1957061,bank,Т-Банк,https://cdn.banki.ru/cdn/bank/195706_mobile_logo_url.png,2673,www.tbank.ru,8 800 555-10-10,"127287, г. Москва, ул. 2-я Хуторская, д.38А, стр.26",tcs,RUB,https://www.banki.ru/products/credits/credit/4597/,22.9,32.9,,100000,7000000,,365,2555,1y,7y,,c5822c01a906959797edee55d5a42acbc40d7ae18e646cae03953864786eec0b,True,2026-08-24 13:50:38,,"22,9–32,9%",,,100 000–7 000 000 ₽,4,,,,,,,,
16740,14403,credit,Стандартный ,Стандартный ,https://www.banki.ru/products/credits/credit/144/,https://cdn.banki.ru/cdn/bank/63520_mobile_logo_url.png,29.04.2026 11:34,63520,635201,bank,Уралсиб,https://cdn.banki.ru/cdn/bank/63520_mobile_logo_url.png,30,www.uralsib.ru,8 800 250-57-57,"119048, г. Москва, ул. Ефремова, д. 8",uralsib,RUB,https://www.banki.ru/products/credits/credit/144/,9.0,51.0,,30000,2000000,,397,2555,13m,7y,,0630cad31a3c8629e8565e3f0eb1b4bfd9507cfc48600cd4f98c010605791579,True,2026-08-24 13:50:38,,9–51%,,,30 000–2 000 000 ₽,4,,,,,,,,
16989,433103,credit,Наличными ,Наличными ,https://www.banki.ru/products/credits/credit/4331/,https://cdn.banki.ru/cdn/bank/327_mobile_logo_url.png,04.02.2026 12:44,327,3271,bank,ВТБ,https://cdn.banki.ru/cdn/bank/327_mobile_logo_url.png,1000,www.vtb.ru,8 800 200-77-99,"190000, г. Санкт-Петербург, ул. Большая Морская, д. 29",vtb,RUB,https://www.banki.ru/products/credits/credit/4331/,6.2,42.1,,100001,7000000,,183,1825,6m,5y,,6682c4ff2e05d2de678a8d2865091e5e1a17dbda110d63702132e6dc52336269,True,2026-08-24 13:50:38,,"6,2–42,1%",,,100 001–7 000 000 ₽,4,,,,,,,,
17067,471603,credit,Экспресс,Экспресс,https://www.banki.ru/products/credits/credit/4716/,https://cdn.banki.ru/cdn/bank/327_mobile_logo_url.png,04.02.2026 12:44,327,3271,bank,ВТБ,https://cdn.banki.ru/cdn/bank/327_mobile_logo_url.png,1000,www.vtb.ru,8 800 200-77-99,"190000, г. Санкт-Петербург, ул. Большая Морская, д. 29",vtb,RUB,https://www.banki.ru/products/credits/credit/4716/,25.8,52.8,,30000,100000,,183,1825,6m,5y,,bf2612b7f1c4ba97f1539d04c78b2bccb647fff71cf112ff4048e808fd9bad91,True,2026-08-24 13:50:38,,"25,8–52,8%",,,30 000–100 000 ₽,4,,,,,,,,
16848,327203,credit,Наличными (для новых клиентов),Наличными (для новых клиентов),https://www.banki.ru/products/credits/credit/3272/,https://cdn.banki.ru/cdn/bank/325_mobile_logo_url.png,14.01.2026 11:34,325,3251,bank,Альфа-Банк,https://cdn.banki.ru/cdn/bank/325_mobile_logo_url.png,1326,www.alfabank.ru,8 800 200-00-00,"107078, г. Москва, ул. Каланчевская, д. 27",alfabank,RUB,https://www.banki.ru/products/credits/credit/3272/,18.99,52.49,,30000,7500000,,365,1825,5y,5y,,8b850361ef465d867643dd0c80da04ecc9e815a4cd22654e527a75b192041d98,True,2026-08-24 13:50:38,,"18,99–52,49%",,,30 000–7 500 000 ₽,4,,,,,,,,
20284,21118603,credit,Наличными  ,Наличными  ,https://www.banki.ru/products/credits/credit/211186/,https://cdn.banki.ru/cdn/bank/325_mobile_logo_url.png,14.01.2026 11:34,325,3251,bank,Альфа-Банк,https://cdn.banki.ru/cdn/bank/325_mobile_logo_url.png,1326,www.alfabank.ru,8 800 200-00-00,"107078, г. Москва, ул. Каланчевская, д. 27",alfabank,RUB,https://www.banki.ru/products/credits/credit/211186/,18.99,52.49,,30000,7500000,,365,1825,5y,5y,,906af028659d5bb12df7eb304eb8b59e0e84c1df3c9dfc851ced67aca10098a6,True,2026-08-24 13:50:38,,"18,99–52,49%",,,30 000–7 500 000 ₽,4,,,,,,,,
17037,459703,credit,Под залог (авто),Под залог (авто),https://www.banki.ru/products/credits/credit/4597/,https://cdn.banki.ru/cdn/bank/195706_mobile_logo_url.png,27.01.2026 11:16,195706,1957061,bank,Т-Банк,https://cdn.banki.ru/cdn/bank/195706_mobile_logo_url.png,2673,www.tbank.ru,8 800 555-10-10,"127287, г. Москва, ул. 2-я Хуторская, д.38А, стр.26",tcs,RUB,https://www.banki.ru/products/credits/credit/4597/,24.9,34.9,,100000,7000000,,365,2555,1y,7y,,878462df1b587d7ca87c9de94e1dbce30110ee20aafc9456621635a8901b3063,True,2026-08-24 13:50:38,,"24,9–34,9%",,,100 000–7 000 000 ₽,4,,,,,,,,
16818,280303,credit,На любые цели ,На любые цели ,https://www.banki.ru/products/credits/credit/2803/,https://cdn.banki.ru/cdn/bank/5306_mobile_logo_url.png,27.01.2026 13:13,5306,53061,bank,ПСБ,https://cdn.banki.ru/cdn/bank/5306_mobile_logo_url.png,3251,www.psbank.ru,8 800 333-03-03,"150003, г. Ярославль, ул. Республиканская, д. 16",promsvyazbank,RUB,https://www.banki.ru/products/credits/credit/2803/,32.9,39.9,,100000,5000000,,365,1825,1y,5y,,ea9dbc84c6b51ff481544c66803c544c27c3f3471f9b6027a5db1fb23b44c25f,True,2026-08-24 13:50:38,,"32,9–39,9%",,,100 000–5 000 000 ₽,4,,,,,,,,
19855,20115603,credit,На любые цели под залог недвижимости ,На любые цели под залог недвижимости ,https://www.banki.ru/products/credits/credit/201156/,https://cdn.banki.ru/cdn/bank/325_mobile_logo_url.png,27.01.2026 11:25,325,3251,bank,Альфа-Банк,https://cdn.banki.ru/cdn/bank/325_mobile_logo_url.png,1326,www.alfabank.ru,8 800 200-00-00,"107078, г. Москва, ул. Каланчевская, д. 27",alfabank,RUB,https://www.banki.ru/products/credits/credit/201156/,16.9,24.9,,500000,30000000,,365,5475,1y,15y,,a1ecdd355212f6ea5bfcf790de0d5c582729754a39ef7a0fcfaff551ae46250e,True,2026-08-24 13:50:38,,"16,9–24,9%",,,500 000–30 000 000 ₽,4,,,,,,,,
16989,433103,credit,Наличными ,Наличными ,https://www.banki.ru/products/credits/credit/4331/,https://cdn.banki.ru/cdn/bank/327_mobile_logo_url.png,27.01.2026 10:22,327,3271,bank,ВТБ,https://cdn.banki.ru/cdn/bank/327_mobile_logo_url.png,1000,www.vtb.ru,8 800 200-77-99,"190000, г. Санкт-Петербург, ул. Большая Морская, д. 29",vtb,RUB,https://www.banki.ru/products/credits/credit/4331/,24.6,42.1,,100001,7000000,,183,1825,6m,5y,,21eac0201cced4c6370e6489574c419f0a3b98efe662081a8b637bd54a3f514e,True,2026-08-24 13:50:38,,"24,6–42,1%",,,100 001–7 000 000 ₽,4,,,,,,,,
16814,277003,credit,Стандартный плюс,Стандартный плюс,https://www.banki.ru/products/credits/credit/2770/,https://cdn.banki.ru/cdn/bank/76620_mobile_logo_url.png,12.08.2026 13:05,76620,766201,bank,Совкомбанк,https://cdn.banki.ru/cdn/bank/76620_mobile_logo_url.png,963,www.sovcombank.ru,8 800 100-00-06,"156000, г. Кострома, просп. Текстильщиков, д. 46",sovcombank,RUB,https://www.banki.ru/products/credits/credit/2770/,19.9,33.9,,49999,399999,,365,1825,5y,5y,,cea6e3464f378ec3bf57d0c901f6730f92e436afd0a2eb82a6ce36ed5dac40cd,True,2026-08-24 13:50:38,,"19,9–33,9%",,,49 999–399 999 ₽,4,,,,,,,,
16833,306303,credit,Пенсионный плюс,Пенсионный плюс,https://www.banki.ru/products/credits/credit/3063/,https://cdn.banki.ru/cdn/bank/76620_mobile_logo_url.png,12.08.2026 13:04,76620,766201,bank,Совкомбанк,https://cdn.banki.ru/cdn/bank/76620_mobile_logo_url.png,963,www.sovcombank.ru,8 800 100-00-06,"156000, г. Кострома, просп. Текстильщиков, д. 46",sovcombank,RUB,https://www.banki.ru/products/credits/credit/3063/,19.9,32.9,,49999,399999,,365,1825,5y,5y,,586db1d102d13c22a07fc8ba2e573e713053e35020c9d433e76e9e42460be6ae,True,2026-08-24 13:50:38,,"19,9–32,9%",,,49 999–399 999 ₽,4,,,,,,,,
20556,21119703,credit,Партнерский продукт «Финансирование с низким чеком»,Партнерский продукт «Финансирование с низким чеком»,https://www.banki.ru/products/credits/credit/211197/,https://cdn.banki.ru/cdn/bank/325_mobile_logo_url.png,12.08.2026 13:21,325,3251,bank,Альфа-Банк,https://cdn.banki.ru/cdn/bank/325_mobile_logo_url.png,1326,www.alfabank.ru,8 800 200-00-00,"107078, г. Москва, ул. Каланчевская, д. 27",alfabank,RUB,https://www.banki.ru/products/credits/credit/211197/,29.5,157.5,,10000,500000,,183,1825,6m,5y,,74bb14d4aadf49052f728300a9a802da46b4b835b196e4cb19bd7c7a6d70d3fe,True,2026-08-24 13:50:38,,"29,5–157,5%",,,10 000–500 000 ₽,4,,,,,,,,
19311,403,credit,На любые цели под залог недвижимости,На любые цели под залог недвижимости,https://www.banki.ru/products/credits/credit/4/,https://cdn.banki.ru/cdn/bank/322_mobile_logo_url.png,16.06.2026 12:30,322,3221,bank,Сбербанк,https://cdn.banki.ru/cdn/bank/322_mobile_logo_url.png,1481,www.sberbank.ru,8 800 555-55-50,"117997, г. Москва, ул. Вавилова, д. 19",sberbank,RUB,https://www.banki.ru/products/credits/credit/4/,16.2,34.151,,200000,20000000,,365,10950,1y,30y,,e3ab47a87782928fabe8c178f30e3e2c41304a3efb12c7adfd5931954c8b3572,True,2026-08-24 13:50:38,,"16,2–34,151%",,,200 000–20 000 000 ₽,4,,,,,,,,
16818,280303,credit,На любые цели ,На любые цели ,https://www.banki.ru/products/credits/credit/2803/,https://cdn.banki.ru/cdn/card-designs/PSB_4_a53f377467.png,16.06.2026 12:23,5306,53061,bank,ПСБ,https://cdn.banki.ru/cdn/card-designs/PSB_4_a53f377467.png,3251,www.psbank.ru,8 800 333-03-03,"150003, г. Ярославль, ул. Республиканская, д. 16",promsvyazbank,RUB,https://www.banki.ru/products/credits/credit/2803/,26.9,36.9,,100000,5000000,,365,1825,1y,5y,,38a078476b7ca430a1afc547b1a95c45594d1f32a7b0ec3400e67378a7982e84,True,2026-08-24 13:50:38,,"26,9–36,9%",,,100 000–5 000 000 ₽,4,,,,,,,,
17588,20098903,credit,Наличными,Наличными,https://www.banki.ru/products/credits/credit/200989/,https://cdn.banki.ru/cdn/bank/195706_mobile_logo_url.png,31.03.2026 11:19,195706,1957061,bank,Т-Банк,https://cdn.banki.ru/cdn/bank/195706_mobile_logo_url.png,2673,www.tbank.ru,8 800 555-10-10,"127287, г. Москва, ул. 2-я Хуторская, д.38А, стр.26",tcs,RUB,https://www.banki.ru/products/credits/credit/200989/,19.9,42.1,,50000,5000000,,365,1825,1y,5y,,5d16d26bbb4309ff7b7903ce0b69138ff7a603cee73b15e31aeb0c2877cdccb5,True,2026-08-24 13:50:38,,"19,9–42,1%",,,50 000–5 000 000 ₽,4,,,,,,,,
17037,459703,credit,Под залог (авто),Под залог (авто),https://www.banki.ru/products/credits/credit/4597/,https://cdn.banki.ru/cdn/bank/195706_mobile_logo_url.png,31.03.2026 11:24,195706,1957061,bank,Т-Банк,https://cdn.banki.ru/cdn/bank/195706_mobile_logo_url.png,2673,www.tbank.ru,8 800 555-10-10,"127287, г. Москва, ул. 2-я Хуторская, д.38А, стр.26",tcs,RUB,https://www.banki.ru/products/credits/credit/4597/,22.9,34.9,,100000,7000000,,365,2555,1y,7y,,c2d94dc3f6d8335324734b09d6fa0600418d1d1d91b3fe29e5a51c27efc997a3,True,2026-08-24 13:50:38,,"22,9–34,9%",,,100 000–7 000 000 ₽,4,,,,,,,,
18848,20113503,credit,Наличными (для новых клиентов),Наличными (для новых клиентов),https://www.banki.ru/products/credits/credit/201135/,https://cdn.banki.ru/cdn/bank/325_mobile_logo_url.png,31.03.2026 11:41,325,3251,bank,Альфа-Банк,https://cdn.banki.ru/cdn/bank/325_mobile_logo_url.png,1326,www.alfabank.ru,8 800 200-00-00,"107078, г. Москва, ул. Каланчевская, д. 27",alfabank,RUB,https://www.banki.ru/products/credits/credit/201135/,18.99,52.49,,30000,7500000,,365,1825,5y,5y,,9f611497c62d60f629e2922c156b6a311b46706db3ed0b510082efeb367f0957,True,2026-08-24 13:50:38,,"18,99–52,49%",,,30 000–7 500 000 ₽,4,,,,,,,,
20284,21118603,credit,Наличными (без визита в банк),Наличными (без визита в банк),https://www.banki.ru/products/credits/credit/211186/,https://cdn.banki.ru/cdn/bank/325_mobile_logo_url.png,31.03.2026 11:42,325,3251,bank,Альфа-Банк,https://cdn.banki.ru/cdn/bank/325_mobile_logo_url.png,1326,www.alfabank.ru,8 800 200-00-00,"107078, г. Москва, ул. Каланчевская, д. 27",alfabank,RUB,https://www.banki.ru/products/credits/credit/211186/,18.99,52.49,,30000,7500000,,365,1825,5y,5y,,59fd507c859b4d63d735c21044f2571a9f2fd9ff52f8f454c9319e658a3b8b65,True,2026-08-24 13:50:38,,"18,99–52,49%",,,30 000–7 500 000 ₽,4,,,,,,,,
20360,20116403,credit,На любые цели под залог недвижимости,На любые цели под залог недвижимости,https://www.banki.ru/products/credits/credit/201164/,https://cdn.banki.ru/cdn/bank/325_mobile_logo_url.png,31.03.2026 11:39,325,3251,bank,Альфа-Банк,https://cdn.banki.ru/cdn/bank/325_mobile_logo_url.png,1326,www.alfabank.ru,8 800 200-00-00,"107078, г. Москва, ул. Каланчевская, д. 27",alfabank,RUB,https://www.banki.ru/products/credits/credit/201164/,17.9,25.4,,500000,30000000,,365,5475,1y,15y,,2ea2971b5511b24769ee3067f3523d632bbdf40b875f13228d75358becf0ba0e,True,2026-08-24 13:50:38,,"17,9–25,4%",,,500 000–30 000 000 ₽,4,,,,,,,,
16989,433103,credit,Наличными ,Наличными ,https://www.banki.ru/products/credits/credit/4331/,https://cdn.banki.ru/cdn/bank/327_mobile_logo_url.png,31.03.2026 11:46,327,3271,bank,ВТБ,https://cdn.banki.ru/cdn/bank/327_mobile_logo_url.png,1000,www.vtb.ru,8 800 200-77-99,"190000, г. Санкт-Петербург, ул. Большая Морская, д. 29",vtb,RUB,https://www.banki.ru/products/credits/credit/4331/,3.5,40.5,,100001,7000000,,183,1825,6m,5y,,8970b2e10eda5eb02dfb65261fc5d94deace5ff5467c250c2267507d4c147a10,True,2026-08-24 13:50:38,,"3,5–40,5%",,,100 001–7 000 000 ₽,4,,,,,,,,
19357,377603,credit,На любые цели под залог недвижимости,На любые цели под залог недвижимости,https://www.banki.ru/products/credits/credit/3776/,https://cdn.banki.ru/cdn/bank/2764_mobile_logo_url.png,31.03.2026 12:11,2764,27641,bank,Газпромбанк,https://cdn.banki.ru/cdn/bank/2764_mobile_logo_url.png,354,www.gazprombank.ru,8 800 300-60-90,"117420, г. Москва, ул. Наметкина, д. 16, корп. 1.",gazprombank,RUB,https://www.banki.ru/products/credits/credit/3776/,9.3,28.6,,500000,30000000,,1460,7300,4y,20y,,747f962952b1f5f8a282df0855c68146e91a20b8a6e1ebb034603c0ac190f768,True,2026-08-24 13:50:38,,"9,3–28,6%",,,500 000–30 000 000 ₽,4,,,,,,,,
19311,403,credit,На любые цели под залог недвижимости,На любые цели под залог недвижимости,https://www.banki.ru/products/credits/credit/4/,https://cdn.banki.ru/cdn/bank/322_mobile_logo_url.png,31.03.2026 11:29,322,3221,bank,Сбербанк,https://cdn.banki.ru/cdn/bank/322_mobile_logo_url.png,1481,www.sberbank.ru,8 800 555-55-50,"117997, г. Москва, ул. Вавилова, д. 19",sberbank,RUB,https://www.banki.ru/products/credits/credit/4/,17.7,33.066,,200000,20000000,,365,10950,1y,30y,,8412a1f0ac7f2d14482531c56caf4bdcf38e12b731bbcddca85d370a58c3a368,True,2026-08-24 13:50:38,,"17,7–33,066%",,,200 000–20 000 000 ₽,4,,,,,,,,
18178,20112503,credit,Наличными (без визита в банк),Наличными (без визита в банк),https://www.banki.ru/products/credits/credit/201125/,https://cdn.banki.ru/cdn/bank/9183_mobile_logo_url.png,03.07.2026 11:38,9183,91831,bank,Локо-Банк,https://cdn.banki.ru/cdn/bank/9183_mobile_logo_url.png,2707,www.lockobank.ru,8 800 250-50-50,"125167, г. Москва, Ленинградский просп., д. 39, стр. 80",locko-bank,RUB,https://www.banki.ru/products/credits/credit/201125/,16.0,54.0,,50000,5000000,,365,2555,1y,7y,,84eb6f9e7b59e437c071e492bc1c7bb9f51ed45ee46f023a4d3ddd09a0b483e5,True,2026-08-24 13:50:38,,16–54%,,,50 000–5 000 000 ₽,4,,,,,,,,
16848,327203,credit,Наличными,Наличными,https://www.banki.ru/products/credits/credit/3272/,https://cdn.banki.ru/cdn/bank/325_mobile_logo_url.png,14.11.2025 10:59,325,3251,bank,Альфа-Банк,https://cdn.banki.ru/cdn/bank/325_mobile_logo_url.png,1326,www.alfabank.ru,8 800 200-00-00,"107078, г. Москва, ул. Каланчевская, д. 27
",alfabank,RUB,https://www.banki.ru/products/credits/credit/3272/,18.99,51.99,,30000,7500000,,365,1825,5y,5y,,fb3ab163bae43c770e8b1977b1fecbb2eef733669c4e06d82954c48539ff47f1,True,2026-08-24 13:50:38,,"18,99–51,99%",,,30 000–7 500 000 ₽,4,,,,,,,,
16989,433103,credit,Наличными ,Наличными ,https://www.banki.ru/products/credits/credit/4331/,https://cdn.banki.ru/cdn/bank/327_mobile_logo_url.png,30.07.2026 12:00,327,3271,bank,ВТБ,https://cdn.banki.ru/cdn/bank/327_mobile_logo_url.png,1000,www.vtb.ru,8 800 200-77-99,"190000, г. Санкт-Петербург, ул. Большая Морская, д. 29",vtb,RUB,https://www.banki.ru/products/credits/credit/4331/,3.7,40.9,,100001,7000000,,183,1825,6m,5y,,874b2f07c37cec642853b87de247db6ad1c39fbbecef04b51fe2ec7f52167635,True,2026-08-24 13:50:38,,"3,7–40,9%",,,100 001–7 000 000 ₽,4,,,,,,,,
17067,471603,credit,Экспресс,Экспресс,https://www.banki.ru/products/credits/credit/4716/,https://cdn.banki.ru/cdn/bank/327_mobile_logo_url.png,30.07.2026 12:00,327,3271,bank,ВТБ,https://cdn.banki.ru/cdn/bank/327_mobile_logo_url.png,1000,www.vtb.ru,8 800 200-77-99,"190000, г. Санкт-Петербург, ул. Большая Морская, д. 29",vtb,RUB,https://www.banki.ru/products/credits/credit/4716/,25.4,55.9,,30000,100000,,183,1825,6m,5y,,a2feab04b1d6f56cbdb21a9e6a40125d62ffa268eb618c756670650d6dfb283d,True,2026-08-24 13:50:38,,"25,4–55,9%",,,30 000–100 000 ₽,4,,,,,,,,
17615,20101803,credit,Под залог автомобиля,Под залог автомобиля,https://www.banki.ru/products/credits/credit/201018/,https://cdn.banki.ru/cdn/bank/327_mobile_logo_url.png,30.07.2026 12:00,327,3271,bank,ВТБ,https://cdn.banki.ru/cdn/bank/327_mobile_logo_url.png,1000,www.vtb.ru,8 800 200-77-99,"190000, г. Санкт-Петербург, ул. Большая Морская, д. 29",vtb,RUB,https://www.banki.ru/products/credits/credit/201018/,21.0,34.7,,100001,40000000,,183,1825,6m,5y,,da27421937a83416a9eacacbbf4731d2f0091663b82d910da91949f67dc84396,True,2026-08-24 13:50:38,,"21–34,7%",,,100 001–40 000 000 ₽,4,,,,,,,,
25370,20116903,credit,Под залог недвижимости,Под залог недвижимости,https://www.banki.ru/products/credits/credit/201169/,https://cdn.banki.ru/cdn/card-designs/Frame_2136138409_6aa14f6f0a.png,30.07.2026 12:46,10,101,bank,ГК Согласованно,https://cdn.banki.ru/cdn/card-designs/Frame_2136138409_6aa14f6f0a.png,-,согласованно.рф,,"111250, г. Москва, пр-д Невельского, д. 1, к. 1",soglasovanno,RUB,https://www.banki.ru/products/credits/credit/201169/,15.5,59.99,,2000000,35000000,,1825,8030,5y,22y,,1a9252a081bc66d280ce658f28801aeac5a1a2e7cbc83b93b4a8bd4722b8406e,True,2026-08-24 13:50:38,,"15,5–59,99%",,,2 000 000–35 000 000 ₽,4,,,,,,,,
16731,103,credit,На любые цели,На любые цели,https://www.banki.ru/products/credits/credit/1/,https://cdn.banki.ru/cdn/bank/322_mobile_logo_url.png,08.07.2026 11:18,322,3221,bank,Сбербанк,https://cdn.banki.ru/cdn/bank/322_mobile_logo_url.png,1481,www.sberbank.ru,8 800 555-55-50,"117997, г. Москва, ул. Вавилова, д. 19",sberbank,RUB,https://www.banki.ru/products/credits/credit/1/,18.4,49.9,,10000,30000000,,31,1825,1m,5y,,29098b1ae6d4268b748f442d2384314f35f51582ab1559ea194a8f492a2b11f4,True,2026-08-24 13:50:38,,"18,4–49,9%",,,10 000–30 000 000 ₽,4,,,,,,,,
19311,403,credit,На любые цели под залог недвижимости,На любые цели под залог недвижимости,https://www.banki.ru/products/credits/credit/4/,https://cdn.banki.ru/cdn/bank/322_mobile_logo_url.png,08.07.2026 11:22,322,3221,bank,Сбербанк,https://cdn.banki.ru/cdn/bank/322_mobile_logo_url.png,1481,www.sberbank.ru,8 800 555-55-50,"117997, г. Москва, ул. Вавилова, д. 19",sberbank,RUB,https://www.banki.ru/products/credits/credit/4/,16.2,29.722,,200000,20000000,,365,10950,1y,30y,,39f83320f0ae9d96c9f2d5885691781e6204017ca0e6aeff54401257792c75b3,True,2026-08-24 13:50:38,,"16,2–29,722%",,,200 000–20 000 000 ₽,4,,,,,,,,
16814,277003,credit,Стандартный плюс,Стандартный плюс,https://www.banki.ru/products/credits/credit/2770/,https://cdn.banki.ru/cdn/bank/76620_mobile_logo_url.png,08.07.2026 10:49,76620,766201,bank,Совкомбанк,https://cdn.banki.ru/cdn/bank/76620_mobile_logo_url.png,963,www.sovcombank.ru,8 800 100-00-06,"156000, г. Кострома, просп. Текстильщиков, д. 46",sovcombank,RUB,https://www.banki.ru/products/credits/credit/2770/,19.9,33.9,,50000,399999,,365,1825,5y,5y,,040943d524d6bad0bd9c9a73c5a24264c7a6cfd61163aab022b21b924fcf8c79,True,2026-08-24 13:50:38,,"19,9–33,9%",,,50 000–399 999 ₽,4,,,,,,,,
17033,458803,credit,Супер плюс,Супер плюс,https://www.banki.ru/products/credits/credit/4588/,https://cdn.banki.ru/cdn/bank/76620_mobile_logo_url.png,08.07.2026 10:50,76620,766201,bank,Совкомбанк,https://cdn.banki.ru/cdn/bank/76620_mobile_logo_url.png,963,www.sovcombank.ru,8 800 100-00-06,"156000, г. Кострома, просп. Текстильщиков, д. 46",sovcombank,RUB,https://www.banki.ru/products/credits/credit/4588/,19.9,31.9,,200000,3000000,,549,1825,18m,5y,,4d56af86d456f50deda518a9bce0aa5d1c19af34853e862c4be7e73d4950e080,True,2026-08-24 13:50:38,,"19,9–31,9%",,,200 000–3 000 000 ₽,4,,,,,,,,
16833,306303,credit,Пенсионный плюс,Пенсионный плюс,https://www.banki.ru/products/credits/credit/3063/,https://cdn.banki.ru/cdn/bank/76620_mobile_logo_url.png,08.07.2026 10:45,76620,766201,bank,Совкомбанк,https://cdn.banki.ru/cdn/bank/76620_mobile_logo_url.png,963,www.sovcombank.ru,8 800 100-00-06,"156000, г. Кострома, просп. Текстильщиков, д. 46",sovcombank,RUB,https://www.banki.ru/products/credits/credit/3063/,19.9,32.9,,50000,399999,,365,1825,5y,5y,,82e221e2f15e0737a0e891e334cefcdd4e578a18c57af6ee3c681acf4089de68,True,2026-08-24 13:50:38,,"19,9–32,9%",,,50 000–399 999 ₽,4,,,,,,,,
19367,394403,credit,Под залог недвижимости,Под залог недвижимости,https://www.banki.ru/products/credits/credit/3944/,https://cdn.banki.ru/cdn/bank/76620_mobile_logo_url.png,08.07.2026 10:53,76620,766201,bank,Совкомбанк,https://cdn.banki.ru/cdn/bank/76620_mobile_logo_url.png,963,www.sovcombank.ru,8 800 100-00-06,"156000, г. Кострома, просп. Текстильщиков, д. 46",sovcombank,RUB,https://www.banki.ru/products/credits/credit/3944/,28.9,32.4,,200000,30000000,,1095,5475,3y,15y,,ecfb4415173e7a4c23d8d416f8b5585a4301d9d6a4f7bdb158d8c2f326ec6b58,True,2026-08-24 13:50:38,,"28,9–32,4%",,,200 000–30 000 000 ₽,4,,,,,,,,
16989,433103,credit,Наличными ,Наличными ,https://www.banki.ru/products/credits/credit/4331/,https://cdn.banki.ru/cdn/bank/327_mobile_logo_url.png,08.07.2026 11:29,327,3271,bank,ВТБ,https://cdn.banki.ru/cdn/bank/327_mobile_logo_url.png,1000,www.vtb.ru,8 800 200-77-99,"190000, г. Санкт-Петербург, ул. Большая Морская, д. 29",vtb,RUB,https://www.banki.ru/products/credits/credit/4331/,3.7,40.5,,100001,7000000,,183,1825,6m,5y,,932945ef041b0b6735154fa681ad5bb6c57c28954a42883cff32f21f4555a481,True,2026-08-24 13:50:38,,"3,7–40,5%",,,100 001–7 000 000 ₽,4,,,,,,,,
17067,471603,credit,Экспресс,Экспресс,https://www.banki.ru/products/credits/credit/4716/,https://cdn.banki.ru/cdn/bank/327_mobile_logo_url.png,08.07.2026 11:29,327,3271,bank,ВТБ,https://cdn.banki.ru/cdn/bank/327_mobile_logo_url.png,1000,www.vtb.ru,8 800 200-77-99,"190000, г. Санкт-Петербург, ул. Большая Морская, д. 29",vtb,RUB,https://www.banki.ru/products/credits/credit/4716/,25.4,54.1,,30000,100000,,183,1825,6m,5y,,162fe550580fc8708706cfb15c8bf2544e336e37ed29c2185cd2a6dfe5e50069,True,2026-08-24 13:50:38,,"25,4–54,1%",,,30 000–100 000 ₽,4,,,,,,,,
19312,13703,credit,Под залог недвижимости,Под залог недвижимости,https://www.banki.ru/products/credits/credit/137/,https://cdn.banki.ru/cdn/bank/327_mobile_logo_url.png,08.07.2026 10:54,327,3271,bank,ВТБ,https://cdn.banki.ru/cdn/bank/327_mobile_logo_url.png,1000,www.vtb.ru,8 800 200-77-99,"190000, г. Санкт-Петербург, ул. Большая Морская, д. 29",vtb,RUB,https://www.banki.ru/products/credits/credit/137/,20.8,22.8,,1500000,40000000,,365,5475,1y,15y,,8f4444043b245e3a48f2461c33ee9f11d8ee4a92f0b9e9cb6a7ec9156043da66,True,2026-08-24 13:50:38,,"20,8–22,8%",,,1 500 000–40 000 000 ₽,4,,,,,,,,
17615,20101803,credit,Под залог автомобиля,Под залог автомобиля,https://www.banki.ru/products/credits/credit/201018/,https://cdn.banki.ru/cdn/bank/327_mobile_logo_url.png,08.07.2026 11:29,327,3271,bank,ВТБ,https://cdn.banki.ru/cdn/bank/327_mobile_logo_url.png,1000,www.vtb.ru,8 800 200-77-99,"190000, г. Санкт-Петербург, ул. Большая Морская, д. 29",vtb,RUB,https://www.banki.ru/products/credits/credit/201018/,21.0,33.8,,100001,40000000,,183,1825,6m,5y,,d75709aacfb4b0bd2d67dda365480aee66ef0c81ef93b32a2eba2fc2524c1c5d,True,2026-08-24 13:50:38,,"21–33,8%",,,100 001–40 000 000 ₽,4,,,,,,,,
18848,20113503,credit,Наличными (для новых клиентов),Наличными (для новых клиентов),https://www.banki.ru/products/credits/credit/201135/,https://cdn.banki.ru/cdn/bank/325_mobile_logo_url.png,08.07.2026 11:32,325,3251,bank,Альфа-Банк,https://cdn.banki.ru/cdn/bank/325_mobile_logo_url.png,1326,www.alfabank.ru,8 800 200-00-00,"107078, г. Москва, ул. Каланчевская, д. 27",alfabank,RUB,https://www.banki.ru/products/credits/credit/201135/,18.99,53.99,,30000,7500000,,365,1825,5y,5y,,4c97135cfc4766331b8ab2e29b8c0aa96360358f44a7c8cbe4f7ef066408440c,True,2026-08-24 13:50:38,,"18,99–53,99%",,,30 000–7 500 000 ₽,4,,,,,,,,
20284,21118603,credit,Наличными (без визита в банк),Наличными (без визита в банк),https://www.banki.ru/products/credits/credit/211186/,https://cdn.banki.ru/cdn/bank/325_mobile_logo_url.png,08.07.2026 11:31,325,3251,bank,Альфа-Банк,https://cdn.banki.ru/cdn/bank/325_mobile_logo_url.png,1326,www.alfabank.ru,8 800 200-00-00,"107078, г. Москва, ул. Каланчевская, д. 27",alfabank,RUB,https://www.banki.ru/products/credits/credit/211186/,18.99,53.99,,30000,7500000,,365,1825,5y,5y,,fb7f085bd1ef9162c20a8b8775206a15697a0ef98c39d7c0f21b17e79e657a3c,True,2026-08-24 13:50:38,,"18,99–53,99%",,,30 000–7 500 000 ₽,4,,,,,,,,
20360,20116403,credit,На любые цели под залог недвижимости,На любые цели под залог недвижимости,https://www.banki.ru/products/credits/credit/201164/,https://cdn.banki.ru/cdn/bank/325_mobile_logo_url.png,08.07.2026 11:37,325,3251,bank,Альфа-Банк,https://cdn.banki.ru/cdn/bank/325_mobile_logo_url.png,1326,www.alfabank.ru,8 800 200-00-00,"107078, г. Москва, ул. Каланчевская, д. 27",alfabank,RUB,https://www.banki.ru/products/credits/credit/201164/,17.4,27.9,,500000,30000000,,365,5475,1y,15y,,ba121a6872d7b53d076eddc55fd3e9d4a0c257642650a08e8e7075db92dc4a04,True,2026-08-24 13:50:38,,"17,4–27,9%",,,500 000–30 000 000 ₽,4,,,,,,,,
16818,280303,credit,На любые цели ,На любые цели ,https://www.banki.ru/products/credits/credit/2803/,https://cdn.banki.ru/cdn/card-designs/PSB_4_a53f377467.png,08.07.2026 11:56,5306,53061,bank,ПСБ,https://cdn.banki.ru/cdn/card-designs/PSB_4_a53f377467.png,3251,www.psbank.ru,8 800 333-03-03,"150003, г. Ярославль, ул. Республиканская, д. 16",promsvyazbank,RUB,https://www.banki.ru/products/credits/credit/2803/,20.9,36.9,,100000,5000000,,365,1825,1y,5y,,02822f58417212ae26a094ce0ba0c01735d20453c2689419fe27d3075213d4dc,True,2026-08-24 13:50:38,,"20,9–36,9%",,,100 000–5 000 000 ₽,4,,,,,,,,
17588,20098903,credit,Наличными,Наличными,https://www.banki.ru/products/credits/credit/200989/,https://cdn.banki.ru/cdn/bank/195706_mobile_logo_url.png,08.07.2026 11:03,195706,1957061,bank,Т-Банк,https://cdn.banki.ru/cdn/bank/195706_mobile_logo_url.png,2673,www.tbank.ru,8 800 555-10-10,"127287, г. Москва, ул. 2-я Хуторская, д.38А, стр.26",tcs,RUB,https://www.banki.ru/products/credits/credit/200989/,19.9,40.0,,50000,5000000,,365,1825,1y,5y,,7368131d82a13859d74b7e71c50d2e9534162b55ea89fc0982b9d3f9ce84dda8,True,2026-08-24 13:50:38,,"19,9–40%",,,50 000–5 000 000 ₽,4,,,,,,,,
17037,459703,credit,Под залог (авто),Под залог (авто),https://www.banki.ru/products/credits/credit/4597/,https://cdn.banki.ru/cdn/bank/195706_mobile_logo_url.png,08.07.2026 11:02,195706,1957061,bank,Т-Банк,https://cdn.banki.ru/cdn/bank/195706_mobile_logo_url.png,2673,www.tbank.ru,8 800 555-10-10,"127287, г. Москва, ул. 2-я Хуторская, д.38А, стр.26",tcs,RUB,https://www.banki.ru/products/credits/credit/4597/,19.9,32.9,,100000,7000000,,365,2555,1y,7y,,0cfb4c4349cd54093f313df6d70cc885f72c37b9129abe132a8592211b3fbb26,True,2026-08-24 13:50:38,,"19,9–32,9%",,,100 000–7 000 000 ₽,4,,,,,,,,
19349,342703,credit,Под залог (недвижимости),Под залог (недвижимости),https://www.banki.ru/products/credits/credit/3427/,https://cdn.banki.ru/cdn/bank/195706_mobile_logo_url.png,08.07.2026 10:59,195706,1957061,bank,Т-Банк,https://cdn.banki.ru/cdn/bank/195706_mobile_logo_url.png,2673,www.tbank.ru,8 800 555-10-10,"127287, г. Москва, ул. 2-я Хуторская, д.38А, стр.26",tcs,RUB,https://www.banki.ru/products/credits/credit/3427/,17.9,31.9,,200000,30000000,,365,5475,1y,15y,,a0816eb4309eaabba90803ff747b75e92846c6e4151fb16d9fbbb7d0a073fbe3,True,2026-08-24 13:50:38,,"17,9–31,9%",,,200 000–30 000 000 ₽,4,,,,,,,,
18833,20113403,credit,Кредит на всё,Кредит на всё,https://www.banki.ru/products/credits/credit/201134/,https://cdn.banki.ru/cdn/bank/8843166_mobile_logo_url.png,18.06.2026 18:05,8843166.0,88431661.0,bank,ЦМРБанк,https://cdn.banki.ru/cdn/bank/8843166_mobile_logo_url.png,3531,cmrbank.ru,8 800 234-43-00,"127055, г. Москва, ул. Палиха, д. 10, стр. 7",cmrbank,RUB,https://www.banki.ru/products/credits/credit/201134/,29.9,29.9,,100000,1500000,,365,1825,1y,5y,,0eea45e7dd4181fb091ba1945bebb24b4681a3d03501cc1449268b4704241b3b,True,2026-08-24 13:50:38,,"29,9%",,,100 000–1 500 000 ₽,4,,,,,,,,
20331,20116303,credit,Удобный,Удобный,https://www.banki.ru/products/credits/credit/201163/,https://cdn.banki.ru/cdn/bank/11518_mobile_logo_url.png,12.05.2026 19:01,11518,115181,bank,Банк ТКБ,https://cdn.banki.ru/cdn/bank/11518_mobile_logo_url.png,2210,www.tkbbank.ru,8 800 100-32-00,"109147, г. Москва, ул. Воронцовская, д. 27/35",transcapitalbank,RUB,https://www.banki.ru/products/credits/credit/201163/,20.1,22.75,,500000,100000000,,1095,9125,3y,25y,,0a0e2a5bc14d008b57c4b552e0f7d38cba812f83d200f04bdc2fdecffbcd4e30,True,2026-08-24 13:50:38,,"20,1–22,75%",,,500 000–100 000 000 ₽,4,,,,,,,,
19345,332903,credit,На большие цели,На большие цели,https://www.banki.ru/products/credits/credit/3329/,https://cdn.banki.ru/cdn/bank/192884_mobile_logo_url.png,21.05.2026 18:19,192884,1928841,bank,Банк Казани,https://cdn.banki.ru/cdn/bank/192884_mobile_logo_url.png,708,www.bankofkazan.ru,8 800 775-18-77,"420066, г. Казань, ул. Солдатская, д. 1",kazanbank,RUB,https://www.banki.ru/products/credits/credit/3329/,20.4,20.4,,300000,100000000,,397,3650,13m,10y,,ef8c426d965811fb6536d7d9de627bd7373462e2df3a396a32fdf92b30fd9286,True,2026-08-24 13:50:38,,"20,4%",,,300 000–100 000 000 ₽,4,,,,,,,,
19305,20103703,credit,Залоговый,Залоговый,https://www.banki.ru/products/credits/credit/201037/,https://cdn.banki.ru/cdn/bank/188785_mobile_logo_url.png,28.01.2026 17:21,188785,1887851,bank,Газтрансбанк,https://cdn.banki.ru/cdn/bank/188785_mobile_logo_url.png,665,www.gaztransbank.ru,+7 (861) 279-03-05,"350015, Краснодарский край, г. Краснодар, ул. Северная, д. 321",gaztransbank,RUB,https://www.banki.ru/products/credits/credit/201037/,20.5,25.0,,500000,15000000,,365,2555,3y,7y,,05fe75856de1184cacf3a392a0f517481026308e9faf2ec0c50192e1fb69c11a,True,2026-08-24 13:50:38,,"20,5–25%",,,500 000–15 000 000 ₽,4,,,,,,,,
18977,20113903,credit,Газификация,Газификация,https://www.banki.ru/products/credits/credit/201139/,https://cdn.banki.ru/cdn/bank/188785_mobile_logo_url.png,28.01.2026 17:08,188785,1887851,bank,Газтрансбанк,https://cdn.banki.ru/cdn/bank/188785_mobile_logo_url.png,665,www.gaztransbank.ru,+7 (861) 279-03-05,"350015, Краснодарский край, г. Краснодар, ул. Северная, д. 321",gaztransbank,RUB,https://www.banki.ru/products/credits/credit/201139/,24.0,28.5,,20000,300000,,365,1825,3y,5y,,90e36dc4e5a014c14c5b9dd22c4fb9d3661928bc9fc0ac50a4415043d3820a2c,True,2026-08-24 13:50:38,,"24–28,5%",,,20 000–300 000 ₽,4,,,,,,,,
19411,502303,credit,Под залог недвижимости,Под залог недвижимости,https://www.banki.ru/products/credits/credit/5023/,https://cdn.banki.ru/cdn/bank/12374_mobile_logo_url.png,27.01.2026 16:52,12374,123741,bank,НС Банк,https://cdn.banki.ru/cdn/bank/12374_mobile_logo_url.png,3124,www.nsbank.ru,8 800 555-43-24,"109004, г. Москва, ул. Добровольческая, д. 20, стр. 2",nsbank,RUB,https://www.banki.ru/products/credits/credit/5023/,21.0,23.0,,500000,20000000,,1825,7300,5y,20y,,694dc5de1edc43f7974cc31a4e68d572f77057f53891c02240219b4a5232b321,True,2026-08-24 13:50:38,,21–23%,,,500 000–20 000 000 ₽,4,,,,,,,,
16735,1603,credit,На любые цели,На любые цели,https://www.banki.ru/products/credits/credit/16/,https://cdn.banki.ru/cdn/bank/7292_mobile_logo_url.png,25.02.2026 15:50,7292,72921,bank,Московский кредитный банк (МКБ),https://cdn.banki.ru/cdn/bank/7292_mobile_logo_url.png,1978,www.mkb.ru,8 800 100-48-88,"107045, г. Москва, Луков пер., д. 2, стр. 1",mkb,RUB,https://www.banki.ru/products/credits/credit/16/,17.0,47.8,,50000,10000000,,183,1825,6m,5y,,6bff7bb5c49df1c8cd35ebee5fb180bdd10740b99d69e2b79be215b497173c96,True,2026-08-24 13:50:38,,"17–47,8%",,,50 000–10 000 000 ₽,4,,,,,,,,
20331,20116303,credit,Удобный,Удобный,https://www.banki.ru/products/credits/credit/201163/,https://cdn.banki.ru/cdn/bank/11518_mobile_logo_url.png,24.02.2026 19:21,11518,115181,bank,Банк ТКБ,https://cdn.banki.ru/cdn/bank/11518_mobile_logo_url.png,2210,www.tkbbank.ru,8 800 100-32-00,"109147, г. Москва, ул. Воронцовская, д. 27/35",transcapitalbank,RUB,https://www.banki.ru/products/credits/credit/201163/,21.75,24.9,,500000,100000000,,1095,10950,3y,30y,,bd64824ee0fb8dc53805e02ca951cbd701ee71ef381b938f31978021b923ab1c,True,2026-08-24 13:50:38,,"21,75–24,9%",,,500 000–100 000 000 ₽,4,,,,,,,,
19318,96903,credit,На любые цели (под залог недвижимости),На любые цели (под залог недвижимости),https://www.banki.ru/products/credits/credit/969/,,04.03.2026 18:18,191189,1911891,bank,Прио-Внешторгбанк,,212,www.priovtb.com,+7 (4912) 20-00-03,"390023, г. Рязань, ул. Есенина, д. 82/26",priovtb,RUB,https://www.banki.ru/products/credits/credit/969/,21.7,29.9,,50000,100000000,,397,3650,13m,10y,,b019d775c6430fb1812bc526841466381045c1ea8f943178f8c23b5da49e362e,True,2026-08-24 13:50:38,,"21,7–29,9%",,,50 000–100 000 000 ₽,4,,,,,,,,
16915,379603,credit,На любые цели (под залог авто),На любые цели (под залог авто),https://www.banki.ru/products/credits/credit/3796/,,04.03.2026 18:16,191189,1911891,bank,Прио-Внешторгбанк,,212,www.priovtb.com,+7 (4912) 20-00-03,"390023, г. Рязань, ул. Есенина, д. 82/26",priovtb,RUB,https://www.banki.ru/products/credits/credit/3796/,21.7,25.7,,50000,100000000,,397,1825,13m,5y,,22dda56a7891220004ff4b811ae19d3b3e8a5442c3ff65d4e9478a86031aafbf,True,2026-08-24 13:50:38,,"21,7–25,7%",,,50 000–100 000 000 ₽,4,,,,,,,,
17646,20104903,credit,КУБ-Комфорт (под залог автомобиля),КУБ-Комфорт (под залог автомобиля),https://www.banki.ru/products/credits/credit/201049/,https://cdn.banki.ru/cdn/bank/191036_mobile_logo_url.png,03.03.2026 17:08,191036,1910361,bank,Кредит Урал Банк,https://cdn.banki.ru/cdn/bank/191036_mobile_logo_url.png,2584,www.creditural.ru,+7 (3519) 24-89-33,"455044, Челябинская обл., г. Магнитогорск, ул. Гагарина, д. 17",credituralbank,RUB,https://www.banki.ru/products/credits/credit/201049/,26.9,30.95,,30000,5000000,,397,2555,13m,7y,,8d0e6c8e6857e4cb88772e85c4ea061f225caabc0817d75d246577b9ef6f695f,True,2026-08-24 13:50:38,,"26,9–30,95%",,,30 000–5 000 000 ₽,4,,,,,,,,
16856,333203,credit,КУБ-Комфорт,КУБ-Комфорт,https://www.banki.ru/products/credits/credit/3332/,https://cdn.banki.ru/cdn/bank/191036_mobile_logo_url.png,03.03.2026 17:06,191036,1910361,bank,Кредит Урал Банк,https://cdn.banki.ru/cdn/bank/191036_mobile_logo_url.png,2584,www.creditural.ru,+7 (3519) 24-89-33,"455044, Челябинская обл., г. Магнитогорск, ул. Гагарина, д. 17",credituralbank,RUB,https://www.banki.ru/products/credits/credit/3332/,27.4,31.45,,30000,5000000,,397,1825,13m,5y,,473e6155ed6825b93019ff6c8a94fe2d29fde7f7ece67702613ba822d31a9d84,True,2026-08-24 13:50:38,,"27,4–31,45%",,,30 000–5 000 000 ₽,4,,,,,,,,
20016,20116003,credit,VIP залог,VIP залог,https://www.banki.ru/products/credits/credit/201160/,https://cdn.banki.ru/cdn/bank/196704_mobile_logo_url.png,17.11.2025 15:16,196704,1967041,bank,Банк НООСФЕРА,https://cdn.banki.ru/cdn/bank/196704_mobile_logo_url.png,2650,www.noosferabank.ru,8 800 533-36-03,"141109, Московская обл., г. Щелково, ул. Талсинская, д. 59, стр. 3а
",noosfera,RUB,https://www.banki.ru/products/credits/credit/201160/,25.99,42.0,,15000000,200000000,,30,7300,1m,20y,,6ffc5f504d1c74e6f6c401f45ce09cb29a51ab9bdae278d537c4c29024043887,True,2026-08-24 13:50:38,,"25,99–42%",,,15 000 000–200 000 000 ₽,4,,,,,,,,
16993,438803,credit,Без справок,Без справок,https://www.banki.ru/products/credits/credit/4388/,https://cdn.banki.ru/cdn/bank/95970_mobile_logo_url.png,12.11.2025 18:01,95970,959701,bank,Уральский банк реконструкции и развития (УБРиР),https://cdn.banki.ru/cdn/bank/95970_mobile_logo_url.png,429,www.ubrr.ru,8 800 100-02-00,"620063, г. Екатеринбург, ул. 8 Марта, д. 51
",ubrr,RUB,https://www.banki.ru/products/credits/credit/4388/,19.4,37.0,,100000,700000,,1095,1825,5y,5y,,f7c995955a66ab8f9c8302d8c7c43a6efceb0c6a66c73cd39d3a96023fd3bcc6,True,2026-08-24 13:50:38,,"19,4–37%",,,100 000–700 000 ₽,4,,,,,,,,
19419,505103,credit,Под залог недвижимости,Под залог недвижимости,https://www.banki.ru/products/credits/credit/5051/,https://cdn.banki.ru/cdn/bank/191203_mobile_logo_url.png,10.11.2025 17:30,191203,1912031,bank,Примсоцбанк,https://cdn.banki.ru/cdn/bank/191203_mobile_logo_url.png,2733,www.pskb.com,8 800 350-42-02,"690106, Приморский край, г. Владивосток, Партизанский пр-т, д. 44
",primsotsbank,RUB,https://www.banki.ru/products/credits/credit/5051/,24.3,27.3,,500000,10000000,,365,9125,1y,25y,,71e39d8024cd5dde400a5ba6e47ed5d5439b20da31fac6a9065957fd8ea49c40,True,2026-08-24 13:50:38,,"24,3–27,3%",,,500 000–10 000 000 ₽,4,,,,,,,,
19508,20111903,credit,На любые цели,На любые цели,https://www.banki.ru/products/credits/credit/201119/,https://cdn.banki.ru/cdn/bank/191932_mobile_logo_url.png,10.11.2025 18:59,191932,1919321,bank,Северный Народный Банк,https://cdn.banki.ru/cdn/bank/191932_mobile_logo_url.png,2721,www.sevnb.ru,+7 (8212) 40-97-25,"167000, Республика Коми, г. Сыктывкар, ул. Первомайская, д. 68
",sevnb,RUB,https://www.banki.ru/products/credits/credit/201119/,24.0,31.0,,100000,5000000,,31,1825,1m,5y,,1e1c814b8c2de57811f4066b752d22ea861fb5565a60d2100293ce726c1088a9,True,2026-08-24 13:50:38,,24–31%,,,100 000–5 000 000 ₽,4,,,,,,,,
18171,20112103,credit,На любые цели,На любые цели,https://www.banki.ru/products/credits/credit/201121/,https://cdn.banki.ru/cdn/bank/191915_mobile_logo_url.png,05.11.2025 15:43,191915,1919151,bank,Профильный Банк,https://cdn.banki.ru/cdn/bank/191915_mobile_logo_url.png,2103,www.profitbank.ru,+7 (4152) 30-53-05,"107078, г. Москва, ул. Садовая-Спасская, д. 28
",mkpb,RUB,https://www.banki.ru/products/credits/credit/201121/,,35.5,,50000,3000000,,730,2555,6y,7y,,8137e912428f1f6a5559cab949ae7b3f8ff7ed6bbade541368da43f7971be5f4,True,2026-08-24 13:50:38,,"35,5%",,,50 000–3 000 000 ₽,4,,,,,,,,
18530,20112403,credit,На любые цели для бюджетников,На любые цели для бюджетников,https://www.banki.ru/products/credits/credit/201124/,https://cdn.banki.ru/cdn/bank/191915_mobile_logo_url.png,05.11.2025 15:46,191915,1919151,bank,Профильный Банк,https://cdn.banki.ru/cdn/bank/191915_mobile_logo_url.png,2103,www.profitbank.ru,+7 (4152) 30-53-05,"107078, г. Москва, ул. Садовая-Спасская, д. 28
",mkpb,RUB,https://www.banki.ru/products/credits/credit/201124/,,28.0,,50000,3000000,,730,2555,6y,7y,,9cda610d474ffeb2673a176314fd7b5c9fca0888be53bb741c427a4c04abfe0c,True,2026-08-24 13:50:38,,28%,,,50 000–3 000 000 ₽,4,,,,,,,,
17770,20109003,credit,На любые цели,На любые цели,https://www.banki.ru/products/credits/credit/201090/,https://cdn.banki.ru/cdn/bank/187472_mobile_logo_url.png,02.04.2026 17:04,187472,1874721,bank,Яндекс Банк,https://cdn.banki.ru/cdn/bank/187472_mobile_logo_url.png,3027,bank.yandex.ru,+7 (495) 787-37-96,"115035, г. Москва, ул. Садовническая, д. 82 стр. 2",yandexbank,RUB,https://www.banki.ru/products/credits/credit/201090/,1.0,54.16,,30000,1000000,,92,1825,3m,5y,,c3f1a1a53edff1eeb97b771fb06d45574bf6de43f032a0091849f0a46b3b2c08,True,2026-08-24 13:50:38,,"1–54,16%",,,30 000–1 000 000 ₽,4,,,,,,,,
17341,20074203,credit,Беззалоговый,Беззалоговый,https://www.banki.ru/products/credits/credit/200742/,https://cdn.banki.ru/cdn/bank/193364_mobile_logo_url.png,27.03.2026 13:41,193364,1933641,bank,КАМКОМБАНК,https://cdn.banki.ru/cdn/bank/193364_mobile_logo_url.png,438,www.kamkombank.ru,8 800 200-04-38,"423800, Республика Татарстан, г. Набережные Челны, ул. Гидростроителей, д. 21",kamkombank,RUB,https://www.banki.ru/products/credits/credit/200742/,23.5,33.5,,100000,2518000,,365,2555,1y,7y,,ab34a6c952f4eb60ec9ba85e90414b6105796dd81f2aaa70345fc43f177f4464,True,2026-08-24 13:50:38,,"23,5–33,5%",,,100 000–2 518 000 ₽,4,,,,,,,,
16886,356203,credit,Наличными,Наличными,https://www.banki.ru/products/credits/credit/3562/,https://cdn.banki.ru/cdn/bank/2237_mobile_logo_url.png,29.12.2025 17:21,2237,22371,bank,Банк ДОМ.РФ,https://cdn.banki.ru/cdn/bank/2237_mobile_logo_url.png,2312,domrfbank.ru,8 800 775-86-86 ,"125009, г. Москва, ул. Воздвиженка, д. 10",domrfbank,RUB,https://www.banki.ru/products/credits/credit/3562/,16.5,39.5,,100000,10000000,,730,2555,2y,7y,,272db588212b5a6b05faa7fd535fa86eeb4d21d12616e0ff7d192786f3db2e56,True,2026-08-24 13:50:38,,"16,5–39,5%",,,100 000–10 000 000 ₽,4,,,,,,,,
17783,20109103,credit,На любые цели,На любые цели,https://www.banki.ru/products/credits/credit/201091/,https://cdn.banki.ru/cdn/bank/188824_mobile_logo_url.png,22.12.2025 13:55,188824,1888241,bank,Внешфинбанк,https://cdn.banki.ru/cdn/bank/188824_mobile_logo_url.png,3173,www.vfbank.ru,8 800 234-55-10,"350059, г. Краснодар, ул. Волжская, д. 47",vneshfinbank,RUB,https://www.banki.ru/products/credits/credit/201091/,19.5,19.5,,30000,100000000,,31,1095,1m,3y,,713d62f91711147ac42ec414cb3cbaf2d650c6d7d8a91ae9b932d5a2033dda36,True,2026-08-24 13:50:38,,"19,5%",,,30 000–100 000 000 ₽,4,,,,,,,,
19305,20103703,credit,Залоговый,Залоговый,https://www.banki.ru/products/credits/credit/201037/,https://cdn.banki.ru/cdn/bank/188785_mobile_logo_url.png,19.02.2026 17:27,188785,1887851,bank,Газтрансбанк,https://cdn.banki.ru/cdn/bank/188785_mobile_logo_url.png,665,www.gaztransbank.ru,+7 (861) 279-03-05,"350015, Краснодарский край, г. Краснодар, ул. Северная, д. 321",gaztransbank,RUB,https://www.banki.ru/products/credits/credit/201037/,20.0,24.5,,500000,15000000,,365,2555,3y,7y,,dce11af14678b883c1c9b9891145ca338afa5b9b491517330ab97166d4f88b35,True,2026-08-24 13:50:38,,"20–24,5%",,,500 000–15 000 000 ₽,4,,,,,,,,
17092,482803,credit,Легкий,Легкий,https://www.banki.ru/products/credits/credit/4828/,https://cdn.banki.ru/cdn/bank/188785_mobile_logo_url.png,19.02.2026 17:02,188785,1887851,bank,Газтрансбанк,https://cdn.banki.ru/cdn/bank/188785_mobile_logo_url.png,665,www.gaztransbank.ru,+7 (861) 279-03-05,"350015, Краснодарский край, г. Краснодар, ул. Северная, д. 321",gaztransbank,RUB,https://www.banki.ru/products/credits/credit/4828/,22.0,27.5,,50000,1000000,,365,1825,3y,5y,,de909327cfc6ce36e123ea2f0c49256a11bc4dc8a4d57c0c6fb9c28700057be3,True,2026-08-24 13:50:38,,"22–27,5%",,,50 000–1 000 000 ₽,4,,,,,,,,
17631,20103403,credit,Деньги — возможности (под залог авто),Деньги — возможности (под залог авто),https://www.banki.ru/products/credits/credit/201034/,https://cdn.banki.ru/cdn/bank/68683_mobile_logo_url.png,19.02.2026 18:12,68683,686831,bank,Банк «РОССИЯ»,https://cdn.banki.ru/cdn/bank/68683_mobile_logo_url.png,328,www.abr.ru,8 800 100-11-11 ,"191124, г. Санкт-Петербург, пл. Растрелли, д. 2, стр.1",rossiya,RUB,https://www.banki.ru/products/credits/credit/201034/,20.0,30.0,,100000,5000000,,549,2555,18m,7y,,75f43a857865f5f7fa1b56b1f27ea9beea3468f4969517dd20acec5f99c9be38,True,2026-08-24 13:50:38,,20–30%,,,100 000–5 000 000 ₽,4,,,,,,,,
16976,422903,credit,Деньги — возможности ,Деньги — возможности ,https://www.banki.ru/products/credits/credit/4229/,https://cdn.banki.ru/cdn/bank/68683_mobile_logo_url.png,19.02.2026 18:12,68683,686831,bank,Банк «РОССИЯ»,https://cdn.banki.ru/cdn/bank/68683_mobile_logo_url.png,328,www.abr.ru,8 800 100-11-11 ,"191124, г. Санкт-Петербург, пл. Растрелли, д. 2, стр.1",rossiya,RUB,https://www.banki.ru/products/credits/credit/4229/,22.0,32.0,,100000,5000000,,549,1825,18m,5y,,80949fbf78f16f1244709c24ea6543aa4045384aa383376bf66ca541539fb954,True,2026-08-24 13:50:38,,22–32%,,,100 000–5 000 000 ₽,4,,,,,,,,
19411,502303,credit,Под залог недвижимости,Под залог недвижимости,https://www.banki.ru/products/credits/credit/5023/,https://cdn.banki.ru/cdn/bank/12374_mobile_logo_url.png,19.02.2026 18:48,12374,123741,bank,НС Банк,https://cdn.banki.ru/cdn/bank/12374_mobile_logo_url.png,3124,www.nsbank.ru,8 800 555-43-24,"109004, г. Москва, ул. Добровольческая, д. 20, стр. 2",nsbank,RUB,https://www.banki.ru/products/credits/credit/5023/,20.5,22.5,,500000,20000000,,1825,7300,5y,20y,,051e4222f001068526f59408f4a381b195feb19e07b9a4efad9174894c23ca57,True,2026-08-24 13:50:38,,"20,5–22,5%",,,500 000–20 000 000 ₽,4,,,,,,,,
16755,59803,credit,Классический,Классический,https://www.banki.ru/products/credits/credit/598/,https://cdn.banki.ru/cdn/bank/192884_mobile_logo_url.png,20.02.2026 16:21,192884,1928841,bank,Банк Казани,https://cdn.banki.ru/cdn/bank/192884_mobile_logo_url.png,708,www.bankofkazan.ru,8 800 775-18-77,"420066, г. Казань, ул. Солдатская, д. 1",kazanbank,RUB,https://www.banki.ru/products/credits/credit/598/,20.9,25.9,,100000,100000000,,365,2555,1y,7y,,d8b682889ff49e4d68aca4d8bb771e6f6b79c77b531602785783fccef0dbbd4c,True,2026-08-24 13:50:38,,"20,9–25,9%",,,100 000–100 000 000 ₽,4,,,,,,,,
19345,332903,credit,На большие цели,На большие цели,https://www.banki.ru/products/credits/credit/3329/,https://cdn.banki.ru/cdn/bank/192884_mobile_logo_url.png,20.02.2026 16:30,192884,1928841,bank,Банк Казани,https://cdn.banki.ru/cdn/bank/192884_mobile_logo_url.png,708,www.bankofkazan.ru,8 800 775-18-77,"420066, г. Казань, ул. Солдатская, д. 1",kazanbank,RUB,https://www.banki.ru/products/credits/credit/3329/,21.9,21.9,,300000,100000000,,397,2555,13m,7y,,1c26d4bfb29aaa87b1bfec0722d6d12502809a404bf7b0853f20c8bf8de0dbb2,True,2026-08-24 13:50:38,,"21,9%",,,300 000–100 000 000 ₽,4,,,,,,,,
17270,521803,credit,Доверительный ,Доверительный ,https://www.banki.ru/products/credits/credit/5218/,https://cdn.banki.ru/cdn/bank/192884_mobile_logo_url.png,20.02.2026 16:23,192884,1928841,bank,Банк Казани,https://cdn.banki.ru/cdn/bank/192884_mobile_logo_url.png,708,www.bankofkazan.ru,8 800 775-18-77,"420066, г. Казань, ул. Солдатская, д. 1",kazanbank,RUB,https://www.banki.ru/products/credits/credit/5218/,25.5,30.5,,30000,1500000,,365,1825,1y,5y,,4bfe6b3922f5f810f451207519e6c378c2eeed8fd9866941348aafc1a4444513,True,2026-08-24 13:50:38,,"25,5–30,5%",,,30 000–1 500 000 ₽,4,,,,,,,,
19318,96903,credit,На любые цели (под залог недвижимости),На любые цели (под залог недвижимости),https://www.banki.ru/products/credits/credit/969/,,19.02.2026 18:37,191189,1911891,bank,Прио-Внешторгбанк,,212,www.priovtb.com,+7 (4912) 20-00-03,"390023, г. Рязань, ул. Есенина, д. 82/26",priovtb,RUB,https://www.banki.ru/products/credits/credit/969/,23.7,24.7,,50000,100000000,,397,3650,13m,10y,,2818f4b87e9b197b4a83eaa004eedcbd3124930fe07c154e9ab49b438a7162f8,True,2026-08-24 13:50:38,,"23,7–24,7%",,,50 000–100 000 000 ₽,4,,,,,,,,
16915,379603,credit,На любые цели (под залог авто),На любые цели (под залог авто),https://www.banki.ru/products/credits/credit/3796/,,19.02.2026 18:35,191189,1911891,bank,Прио-Внешторгбанк,,212,www.priovtb.com,+7 (4912) 20-00-03,"390023, г. Рязань, ул. Есенина, д. 82/26",priovtb,RUB,https://www.banki.ru/products/credits/credit/3796/,23.7,27.7,,50000,100000000,,397,1825,13m,5y,,9ec1e4427959a604e92e55c1381bc7a6616e89f56e39c51acfc28aea8afad710,True,2026-08-24 13:50:38,,"23,7–27,7%",,,50 000–100 000 000 ₽,4,,,,,,,,
16856,333203,credit,КУБ-Комфорт,КУБ-Комфорт,https://www.banki.ru/products/credits/credit/3332/,https://cdn.banki.ru/cdn/bank/191036_mobile_logo_url.png,04.08.2026 16:12,191036,1910361,bank,Кредит Урал Банк,https://cdn.banki.ru/cdn/bank/191036_mobile_logo_url.png,2584,www.creditural.ru,+7 (3519) 24-89-33,"455044, Челябинская обл., г. Магнитогорск, ул. Гагарина, д. 17",credituralbank,RUB,https://www.banki.ru/products/credits/credit/3332/,27.0,32.45,,30000,5000000,,396,1825,13m,5y,,57d8cf6523300f1288fbe096e184e8c1e0cbd79debaec261b99ef7b37ab18920,True,2026-08-24 13:50:38,,"27–32,45%",,,30 000–5 000 000 ₽,4,,,,,,,,
17646,20104903,credit,КУБ-Комфорт (под залог автомобиля),КУБ-Комфорт (под залог автомобиля),https://www.banki.ru/products/credits/credit/201049/,https://cdn.banki.ru/cdn/bank/191036_mobile_logo_url.png,04.08.2026 16:13,191036,1910361,bank,Кредит Урал Банк,https://cdn.banki.ru/cdn/bank/191036_mobile_logo_url.png,2584,www.creditural.ru,+7 (3519) 24-89-33,"455044, Челябинская обл., г. Магнитогорск, ул. Гагарина, д. 17",credituralbank,RUB,https://www.banki.ru/products/credits/credit/201049/,26.5,31.95,,30000,5000000,,396,2555,13m,7y,,1d7c62c1aaa5b71cc07dbce6c5b43d27510e866f59ace937d6a8cb0431b319ed,True,2026-08-24 13:50:38,,"26,5–31,95%",,,30 000–5 000 000 ₽,4,,,,,,,,
16953,405103,credit,Просто,Просто,https://www.banki.ru/products/credits/credit/4051/,https://cdn.banki.ru/cdn/bank/192866_mobile_logo_url.png,03.08.2026 18:16,192866,1928661,bank,Банк Акцепт,https://cdn.banki.ru/cdn/bank/192866_mobile_logo_url.png,567,www.akcept.ru,8 800 100-27-37,"630099, г. Новосибирск, ул. Советская, д. 14",akcept,RUB,https://www.banki.ru/products/credits/credit/4051/,8.8,29.0,,50000,1500000,,549,1825,18m,5y,,245d3189a0ac7464ad6b37e10b76464458239c3f6cc80e6d5712e4cbae018805,True,2026-08-24 13:50:38,,"8,8–29%",,,50 000–1 500 000 ₽,4,,,,,,,,
19329,193903,credit,Под залог недвижимости,Под залог недвижимости,https://www.banki.ru/products/credits/credit/1939/,https://cdn.banki.ru/cdn/bank/192866_mobile_logo_url.png,03.08.2026 18:18,192866,1928661,bank,Банк Акцепт,https://cdn.banki.ru/cdn/bank/192866_mobile_logo_url.png,567,www.akcept.ru,8 800 100-27-37,"630099, г. Новосибирск, ул. Советская, д. 14",akcept,RUB,https://www.banki.ru/products/credits/credit/1939/,14.8,27.0,,500000,15000000,,1095,5475,3y,15y,,daade7439d0cf63240b62ce1304152b6de11f0a83f328cfc9e9789931e34fa21,True,2026-08-24 13:50:38,,"14,8–27%",,,500 000–15 000 000 ₽,4,,,,,,,,
19493,20108103,credit,На любые цели,На любые цели,https://www.banki.ru/products/credits/credit/201081/,,16.01.2026 16:41,6208,62081,bank,Банк «ЦентроКредит»,,121,www.ccb.ru,+7 (495) 956-86-26,"119017, Москва, ул. Пятницкая, д. 31/2, стр. 1",ccb,RUB,https://www.banki.ru/products/credits/credit/201081/,16.0,26.0,,1000000,200000000,,31,1825,1m,5y,,996e7911d774614b53c005608d5f404d2170acae23fd01d338b5fcc99d394e49,True,2026-08-24 13:50:38,,16–26%,,,1 000 000–200 000 000 ₽,4,,,,,,,,
16753,56103,credit,Наличными,Наличными,https://www.banki.ru/products/credits/credit/561/,https://cdn.banki.ru/cdn/bank/36119_mobile_logo_url.png,13.01.2026 18:40,36119,361191,bank,Ак Барс Банк,https://cdn.banki.ru/cdn/bank/36119_mobile_logo_url.png,2590,www.akbars.ru,8 800 200-53-03,"420066, г. Казань, ул. Декабристов, д. 1",akbars,RUB,https://www.banki.ru/products/credits/credit/561/,16.2,51.7,,30000,3000000,,365,1825,1y,5y,,263150e431ba46158f9c9f2e5e1d7a38b74d01b52fb30b25a1f2d2b4e1359e86,True,2026-08-24 13:50:38,,"16,2–51,7%",,,30 000–3 000 000 ₽,4,,,,,,,,
16953,405103,credit,Просто,Просто,https://www.banki.ru/products/credits/credit/4051/,https://cdn.banki.ru/cdn/bank/192866_mobile_logo_url.png,16.01.2026 14:03,192866,1928661,bank,Банк Акцепт,https://cdn.banki.ru/cdn/bank/192866_mobile_logo_url.png,567,www.akcept.ru,8 800 100-27-37,"630099, г. Новосибирск, ул. Советская, д. 14",akcept,RUB,https://www.banki.ru/products/credits/credit/4051/,17.0,27.0,,50000,1500000,,549,1825,18m,5y,,d0531e15a3c23435f81e5e8b4fa6794c00f1804140194064d32ff9017c9f66be,True,2026-08-24 13:50:38,,17–27%,,,50 000–1 500 000 ₽,4,,,,,,,,
16924,387503,credit,Под залог транспорта,Под залог транспорта,https://www.banki.ru/products/credits/credit/3875/,https://cdn.banki.ru/cdn/bank/192866_mobile_logo_url.png,16.01.2026 14:06,192866,1928661,bank,Банк Акцепт,https://cdn.banki.ru/cdn/bank/192866_mobile_logo_url.png,567,www.akcept.ru,8 800 100-27-37,"630099, г. Новосибирск, ул. Советская, д. 14",akcept,RUB,https://www.banki.ru/products/credits/credit/3875/,22.0,30.0,,300000,3000000,,730,1825,2y,5y,,a7404af2070656cd64ecd81a19cebcc5d7cf9250f9370e4e2039162159045cc0,True,2026-08-24 13:50:38,,22–30%,,,300 000–3 000 000 ₽,4,,,,,,,,
19337,298003,credit,Под залог,Под залог,https://www.banki.ru/products/credits/credit/2980/,https://cdn.banki.ru/cdn/bank/17111_mobile_logo_url.png,15.01.2026 19:03,17111,171111,bank,Банк Финсервис,https://cdn.banki.ru/cdn/bank/17111_mobile_logo_url.png,3388,www.finsb.ru,8 800 200-07-67,"121151, г. Москва, наб. Тараса Шевченко, д. 23А",finservice,RUB,https://www.banki.ru/products/credits/credit/2980/,20.5,23.5,,500000,100000000,,183,3650,6m,10y,,8001861096f4ffe55691d1ec64c14c164549120a0ed4a13320d908139f3a6af5,True,2026-08-24 13:50:38,,"20,5–23,5%",,,500 000–100 000 000 ₽,4,,,,,,,,
17012,446803,credit,На любые цели (под поручительство),На любые цели (под поручительство),https://www.banki.ru/products/credits/credit/4468/,https://cdn.banki.ru/cdn/bank/17111_mobile_logo_url.png,15.01.2026 19:00,17111,171111,bank,Банк Финсервис,https://cdn.banki.ru/cdn/bank/17111_mobile_logo_url.png,3388,www.finsb.ru,8 800 200-07-67,"121151, г. Москва, наб. Тараса Шевченко, д. 23А",finservice,RUB,https://www.banki.ru/products/credits/credit/4468/,23.0,28.0,,1500001,100000000,,183,1825,1m3y,5y,,53e05d60b3e74b19a8e47133aaa420f65ddeaed30f30e9be7ffb3b16b027f16b,True,2026-08-24 13:50:38,,23–28%,,,1 500 001–100 000 000 ₽,4,,,,,,,,
16812,272703,credit,На любые цели,На любые цели,https://www.banki.ru/products/credits/credit/2727/,https://cdn.banki.ru/cdn/bank/17111_mobile_logo_url.png,15.01.2026 18:59,17111,171111,bank,Банк Финсервис,https://cdn.banki.ru/cdn/bank/17111_mobile_logo_url.png,3388,www.finsb.ru,8 800 200-07-67,"121151, г. Москва, наб. Тараса Шевченко, д. 23А",finservice,RUB,https://www.banki.ru/products/credits/credit/2727/,24.0,29.0,,50000,1500000,,183,1825,1m3y,5y,,17fcf68922a473bd8add2498a02492a99ee0af0cba33d15c8e144e5b9c2ca2d9,True,2026-08-24 13:50:38,,24–29%,,,50 000–1 500 000 ₽,4,,,,,,,,
17631,20103403,credit,Деньги — возможности (под залог авто),Деньги — возможности (под залог авто),https://www.banki.ru/products/credits/credit/201034/,https://cdn.banki.ru/cdn/bank/68683_mobile_logo_url.png,16.01.2026 16:03,68683,686831,bank,Банк «РОССИЯ»,https://cdn.banki.ru/cdn/bank/68683_mobile_logo_url.png,328,www.abr.ru,8 800 100-11-11 ,"191124, г. Санкт-Петербург, пл. Растрелли, д. 2, стр.1",rossiya,RUB,https://www.banki.ru/products/credits/credit/201034/,20.5,30.5,,100000,5000000,,549,2555,18m,7y,,ec5581898e84ca0cb1ee9ac3c0288a3e9638038e740e27d4baebb0b44f141e6d,True,2026-08-24 13:50:38,,"20,5–30,5%",,,100 000–5 000 000 ₽,4,,,,,,,,
16976,422903,credit,Деньги — возможности ,Деньги — возможности ,https://www.banki.ru/products/credits/credit/4229/,https://cdn.banki.ru/cdn/bank/68683_mobile_logo_url.png,16.01.2026 16:01,68683,686831,bank,Банк «РОССИЯ»,https://cdn.banki.ru/cdn/bank/68683_mobile_logo_url.png,328,www.abr.ru,8 800 100-11-11 ,"191124, г. Санкт-Петербург, пл. Растрелли, д. 2, стр.1",rossiya,RUB,https://www.banki.ru/products/credits/credit/4229/,22.5,32.5,,100000,5000000,,549,1825,18m,5y,,11b6ed7c1eadaa802dbbeb552b94e30678a350dc43704d01fc9b3933963e9830,True,2026-08-24 13:50:38,,"22,5–32,5%",,,100 000–5 000 000 ₽,4,,,,,,,,
16755,59803,credit,Классический,Классический,https://www.banki.ru/products/credits/credit/598/,https://cdn.banki.ru/cdn/bank/192884_mobile_logo_url.png,19.01.2026 14:58,192884,1928841,bank,Банк Казани,https://cdn.banki.ru/cdn/bank/192884_mobile_logo_url.png,708,www.bankofkazan.ru,8 800 775-18-77,"420066, г. Казань, ул. Солдатская, д. 1",kazanbank,RUB,https://www.banki.ru/products/credits/credit/598/,21.9,26.9,,100000,100000000,,365,2555,1y,7y,,e8ce5fb494dc565e93b7c5b2e89c1d3073df2258a39938792d6da30ddd1675fe,True,2026-08-24 13:50:38,,"21,9–26,9%",,,100 000–100 000 000 ₽,4,,,,,,,,
17270,521803,credit,Доверительный ,Доверительный ,https://www.banki.ru/products/credits/credit/5218/,https://cdn.banki.ru/cdn/bank/192884_mobile_logo_url.png,19.01.2026 14:59,192884,1928841,bank,Банк Казани,https://cdn.banki.ru/cdn/bank/192884_mobile_logo_url.png,708,www.bankofkazan.ru,8 800 775-18-77,"420066, г. Казань, ул. Солдатская, д. 1",kazanbank,RUB,https://www.banki.ru/products/credits/credit/5218/,26.5,31.5,,30000,1500000,,365,1825,1y,5y,,a1a5647a3cc3d9755ca4a30c163bec96323b56001eda0e41146d14fe67d3c631,True,2026-08-24 13:50:38,,"26,5–31,5%",,,30 000–1 500 000 ₽,4,,,,,,,,
19354,370703,credit,Под залог недвижимости,Под залог недвижимости,https://www.banki.ru/products/credits/credit/3707/,https://cdn.banki.ru/cdn/bank/9259_mobile_logo_url.png,20.01.2026 14:31,9259,92591,bank,Абсолют Банк,https://cdn.banki.ru/cdn/bank/9259_mobile_logo_url.png,2306,www.absolutbank.ru,8 800 200-20-05,"127051, г. Москва, Цветной б-р, д. 18",absolutbank,RUB,https://www.banki.ru/products/credits/credit/3707/,22.5,23.5,,500000,50000000,,1095,5475,3y,15y,,c9bd49b0f3b68fb24ce3b344caf97cd085db46815c6afb8076c49d4a9536c1a9,True,2026-08-24 13:50:38,,"22,5–23,5%",,,500 000–50 000 000 ₽,4,,,,,,,,
16976,422903,credit,Деньги — возможности ,Деньги — возможности ,https://www.banki.ru/products/credits/credit/4229/,https://cdn.banki.ru/cdn/bank/68683_mobile_logo_url.png,21.07.2026 12:43,68683,686831,bank,Банк «РОССИЯ»,https://cdn.banki.ru/cdn/bank/68683_mobile_logo_url.png,328,www.abr.ru,8 800 100-11-11 ,"191124, г. Санкт-Петербург, пл. Растрелли, д. 2, стр.1",rossiya,RUB,https://www.banki.ru/products/credits/credit/4229/,20.75,30.75,,100000,5000000,,365,1825,1y,5y,,999f0497da9fee94157218e73eca049141895dd9d13f9a02997927e3a2792dc3,True,2026-08-24 13:50:38,,"20,75–30,75%",,,100 000–5 000 000 ₽,4,,,,,,,,
17631,20103403,credit,Деньги — возможности (под залог авто),Деньги — возможности (под залог авто),https://www.banki.ru/products/credits/credit/201034/,https://cdn.banki.ru/cdn/bank/68683_mobile_logo_url.png,21.07.2026 12:43,68683,686831,bank,Банк «РОССИЯ»,https://cdn.banki.ru/cdn/bank/68683_mobile_logo_url.png,328,www.abr.ru,8 800 100-11-11 ,"191124, г. Санкт-Петербург, пл. Растрелли, д. 2, стр.1",rossiya,RUB,https://www.banki.ru/products/credits/credit/201034/,18.75,28.75,,100000,5000000,,365,2555,1y,7y,,30c159399c4e6c2fc39aed006c6d53b3b3cfe661d791e6ddbfe2afe87951d5f3,True,2026-08-24 13:50:38,,"18,75–28,75%",,,100 000–5 000 000 ₽,4,,,,,,,,
19493,20108103,credit,На любые цели,На любые цели,https://www.banki.ru/products/credits/credit/201081/,,16.02.2026 15:59,6208,62081,bank,Банк «ЦентроКредит»,,121,www.ccb.ru,+7 (495) 956-86-26,"119017, Москва, ул. Пятницкая, д. 31/2, стр. 1",ccb,RUB,https://www.banki.ru/products/credits/credit/201081/,15.5,25.5,,1000000,200000000,,31,1825,1m,5y,,f8088e2b8c97db920874f878f368ea4d8a0944a8109c0ae0d7f23c020922ce80,True,2026-08-24 13:50:38,,"15,5–25,5%",,,1 000 000–200 000 000 ₽,4,,,,,,,,
17455,20085603,credit,КУБ-Авто+,КУБ-Авто+,https://www.banki.ru/products/credits/credit/200856/,https://cdn.banki.ru/cdn/bank/191036_mobile_logo_url.png,18.02.2026 17:11,191036,1910361,bank,Кредит Урал Банк,https://cdn.banki.ru/cdn/bank/191036_mobile_logo_url.png,2584,www.creditural.ru,+7 (3519) 24-89-33,"455044, Челябинская обл., г. Магнитогорск, ул. Гагарина, д. 17",credituralbank,RUB,https://www.banki.ru/products/credits/credit/200856/,26.15,30.15,,200000,7000000,,397,3650,13m,10y,,93c5dcd517c7413982b57942f5e87f3df32df21a415e7f75376200f1d1085798,True,2026-08-24 13:50:38,,"26,15–30,15%",,,200 000–7 000 000 ₽,4,,,,,,,,
16857,334203,credit,КУБ-Помощь,КУБ-Помощь,https://www.banki.ru/products/credits/credit/3342/,https://cdn.banki.ru/cdn/bank/191036_mobile_logo_url.png,18.02.2026 17:08,191036,1910361,bank,Кредит Урал Банк,https://cdn.banki.ru/cdn/bank/191036_mobile_logo_url.png,2584,www.creditural.ru,+7 (3519) 24-89-33,"455044, Челябинская обл., г. Магнитогорск, ул. Гагарина, д. 17",credituralbank,RUB,https://www.banki.ru/products/credits/credit/3342/,26.9,29.15,,30000,5000000,,397,1825,13m,5y,,2337d5f3bb100d9b402dd52054077d1a16dc58016bd11513a697bdc0c110913a,True,2026-08-24 13:50:38,,"26,9–29,15%",,,30 000–5 000 000 ₽,4,,,,,,,,
17646,20104903,credit,КУБ-Комфорт (под залог автомобиля),КУБ-Комфорт (под залог автомобиля),https://www.banki.ru/products/credits/credit/201049/,https://cdn.banki.ru/cdn/bank/191036_mobile_logo_url.png,18.02.2026 17:07,191036,1910361,bank,Кредит Урал Банк,https://cdn.banki.ru/cdn/bank/191036_mobile_logo_url.png,2584,www.creditural.ru,+7 (3519) 24-89-33,"455044, Челябинская обл., г. Магнитогорск, ул. Гагарина, д. 17",credituralbank,RUB,https://www.banki.ru/products/credits/credit/201049/,27.15,30.95,,30000,5000000,,397,2555,13m,7y,,680ca45aa1098daccf48aee33152a633fdf07ea3a6f24e0cfc2da4cf992929b6,True,2026-08-24 13:50:38,,"27,15–30,95%",,,30 000–5 000 000 ₽,4,,,,,,,,
16856,333203,credit,КУБ-Комфорт,КУБ-Комфорт,https://www.banki.ru/products/credits/credit/3332/,https://cdn.banki.ru/cdn/bank/191036_mobile_logo_url.png,18.02.2026 17:07,191036,1910361,bank,Кредит Урал Банк,https://cdn.banki.ru/cdn/bank/191036_mobile_logo_url.png,2584,www.creditural.ru,+7 (3519) 24-89-33,"455044, Челябинская обл., г. Магнитогорск, ул. Гагарина, д. 17",credituralbank,RUB,https://www.banki.ru/products/credits/credit/3332/,27.65,31.45,,30000,5000000,,397,1825,13m,5y,,a425dcc942433d2e7b1e454fad432d208fa585fd5d119eba3610a0eb49d2bc8e,True,2026-08-24 13:50:38,,"27,65–31,45%",,,30 000–5 000 000 ₽,4,,,,,,,,
16858,334403,credit,КУБ-Пенсионный,КУБ-Пенсионный,https://www.banki.ru/products/credits/credit/3344/,https://cdn.banki.ru/cdn/bank/191036_mobile_logo_url.png,18.02.2026 17:08,191036,1910361,bank,Кредит Урал Банк,https://cdn.banki.ru/cdn/bank/191036_mobile_logo_url.png,2584,www.creditural.ru,+7 (3519) 24-89-33,"455044, Челябинская обл., г. Магнитогорск, ул. Гагарина, д. 17",credituralbank,RUB,https://www.banki.ru/products/credits/credit/3344/,27.7,28.95,,10000,1000000,,397,2555,13m,7y,,d7cae3f5b7ee3762fa8ce3f43340efd1982eae31be4b81ad080368ac8c928efc,True,2026-08-24 13:50:38,,"27,7–28,95%",,,10 000–1 000 000 ₽,4,,,,,,,,
16735,1603,credit,На любые цели,На любые цели,https://www.banki.ru/products/credits/credit/16/,https://cdn.banki.ru/cdn/bank/7292_mobile_logo_url.png,29.04.2026 13:10,7292,72921,bank,Московский кредитный банк (МКБ),https://cdn.banki.ru/cdn/bank/7292_mobile_logo_url.png,1978,www.mkb.ru,8 800 100-48-88,"107045, г. Москва, Луков пер., д. 2, стр. 1",mkb,RUB,https://www.banki.ru/products/credits/credit/16/,14.0,51.0,,50000,10000000,,183,1825,6m,5y,,aa3376900601901424d00d7d4478b4ba483ea82927dc37379fac4ebb900e98b3,True,2026-08-24 13:50:38,,14–51%,,,50 000–10 000 000 ₽,4,,,,,,,,
16886,356203,credit,Наличными,Наличными,https://www.banki.ru/products/credits/credit/3562/,https://cdn.banki.ru/cdn/bank/2237_mobile_logo_url.png,27.04.2026 18:52,2237,22371,bank,Банк ДОМ.РФ,https://cdn.banki.ru/cdn/bank/2237_mobile_logo_url.png,2312,domrfbank.ru,8 800 775-86-86 ,"125009, г. Москва, ул. Воздвиженка, д. 10",domrfbank,RUB,https://www.banki.ru/products/credits/credit/3562/,15.3,39.0,,100000,10000000,,730,2555,2y,7y,,0b2e129195a6d565dafdbd7e2cf909ed4acb68d4eab6ae367c0a511598601f3e,True,2026-08-24 13:50:38,,"15,3–39%",,,100 000–10 000 000 ₽,4,,,,,,,,
19866,21116003,credit,Базовый (с обеспечением) ,Базовый (с обеспечением) ,https://www.banki.ru/products/credits/credit/211160/,https://cdn.banki.ru/cdn/bank/191203_mobile_logo_url.png,27.04.2026 15:56,191203,1912031,bank,Примсоцбанк,https://cdn.banki.ru/cdn/bank/191203_mobile_logo_url.png,2733,www.pskb.com,8 800 350-42-02,"690106, Приморский край, г. Владивосток, Партизанский пр-т, д. 44",primsotsbank,RUB,https://www.banki.ru/products/credits/credit/211160/,28.0,28.0,,100001,7000000,,1460,1825,4y,5y,,1264a9de7a34fbdecdceb265563442bc2a924727f985c4f7668f152f234ffed0,True,2026-08-24 13:50:38,,28%,,,100 001–7 000 000 ₽,4,,,,,,,,
19864,21115903,credit,Базовый,Базовый,https://www.banki.ru/products/credits/credit/211159/,https://cdn.banki.ru/cdn/bank/191203_mobile_logo_url.png,27.04.2026 15:56,191203,1912031,bank,Примсоцбанк,https://cdn.banki.ru/cdn/bank/191203_mobile_logo_url.png,2733,www.pskb.com,8 800 350-42-02,"690106, Приморский край, г. Владивосток, Партизанский пр-т, д. 44",primsotsbank,RUB,https://www.banki.ru/products/credits/credit/211159/,28.0,28.0,,100001,2000000,,1460,1825,4y,5y,,9cbc3aebc5b62ac5f86a7869b8b1c6be62a46ad4ae6b0a93a5425322ca39d59c,True,2026-08-24 13:50:38,,28%,,,100 001–2 000 000 ₽,4,,,,,,,,
19847,21115503,credit,На любые цели,На любые цели,https://www.banki.ru/products/credits/credit/211155/,https://cdn.banki.ru/cdn/bank/37473_mobile_logo_url.png,24.04.2026 13:55,37473,374731,bank,СДМ-Банк,https://cdn.banki.ru/cdn/bank/37473_mobile_logo_url.png,1637,www.sdm.ru,8 800 200-02-23,"125424, г. Москва, Волоколамское ш., д. 73",sdm-bank,RUB,https://www.banki.ru/products/credits/credit/211155/,24.0,24.0,,100000,3000000,,30,1460,1m,4y,,30e353328ff549eb6255bd5a7def9f719771b7981e4179a21cc537e601ede7ce,True,2026-08-24 13:50:38,,24%,,,100 000–3 000 000 ₽,4,,,,,,,,
17035,459203,credit,Обеспеченный (под залог транспорта),Обеспеченный (под залог транспорта),https://www.banki.ru/products/credits/credit/4592/,,17.03.2026 18:45,12453,124531,bank,ГЕНБАНК,,2490,www.genbank.ru,8 800 333-55-45,"295011, Республика Крым, г. Симферополь, ул. Севастопольская, д. 13",genbank,RUB,https://www.banki.ru/products/credits/credit/4592/,26.0,27.0,,300000,7000000,,1095,2555,3y,7y,,2f32670002523bb794e98bd85b49c9785b9cd860839bdf0eb76c6fb2a3a0826b,True,2026-08-24 13:50:38,,26–27%,,,300 000–7 000 000 ₽,4,,,,,,,,
16886,356203,credit,Наличными,Наличными,https://www.banki.ru/products/credits/credit/3562/,https://cdn.banki.ru/cdn/bank/2237_mobile_logo_url.png,06.03.2026 18:55,2237,22371,bank,Банк ДОМ.РФ,https://cdn.banki.ru/cdn/bank/2237_mobile_logo_url.png,2312,domrfbank.ru,8 800 775-86-86 ,"125009, г. Москва, ул. Воздвиженка, д. 10",domrfbank,RUB,https://www.banki.ru/products/credits/credit/3562/,16.0,39.5,,100000,10000000,,730,2555,2y,7y,,d518cdca149ce90a9d2b4cca6f5d165b896f96a8331b09c89c42fcb2a4046b55,True,2026-08-24 13:50:38,,"16–39,5%",,,100 000–10 000 000 ₽,4,,,,,,,,
16799,222103,credit,Классический,Классический,https://www.banki.ru/products/credits/credit/2221/,https://cdn.banki.ru/cdn/bank/68665_mobile_logo_url.png,11.03.2026 18:56,68665,686651,bank,БСПБ,https://cdn.banki.ru/cdn/bank/68665_mobile_logo_url.png,436,www.bspb.ru,8 800 222-50-50,"195112, г. Санкт-Петербург, Малоохтинский просп., д. 64, лит. А",bspb,RUB,https://www.banki.ru/products/credits/credit/2221/,16.9,41.1,,50000,1500000,,91,1825,3m,5y,,b210658b825209961376a2ccb7a8c25c89e9731cc1da334f8eadbef0e69be6dc,True,2026-08-24 13:50:38,,"16,9–41,1%",,,50 000–1 500 000 ₽,4,,,,,,,,
17022,454103,credit,Пенсионный,Пенсионный,https://www.banki.ru/products/credits/credit/4541/,https://cdn.banki.ru/cdn/bank/68665_mobile_logo_url.png,11.03.2026 18:56,68665,686651,bank,БСПБ,https://cdn.banki.ru/cdn/bank/68665_mobile_logo_url.png,436,www.bspb.ru,8 800 222-50-50,"195112, г. Санкт-Петербург, Малоохтинский просп., д. 64, лит. А",bspb,RUB,https://www.banki.ru/products/credits/credit/4541/,21.9,32.9,,10000,500000,,91,1825,3m,5y,,4e567179c19055a1c8871673e6701d6161c0c5a1397a7fb175ce06e3c0b6ae46,True,2026-08-24 13:50:38,,"21,9–32,9%",,,10 000–500 000 ₽,4,,,,,,,,
17577,20097803,credit,По паспорту,По паспорту,https://www.banki.ru/products/credits/credit/200978/,https://cdn.banki.ru/cdn/bank/68665_mobile_logo_url.png,11.03.2026 18:57,68665,686651,bank,БСПБ,https://cdn.banki.ru/cdn/bank/68665_mobile_logo_url.png,436,www.bspb.ru,8 800 222-50-50,"195112, г. Санкт-Петербург, Малоохтинский просп., д. 64, лит. А",bspb,RUB,https://www.banki.ru/products/credits/credit/200978/,30.5,48.6,,10000,100000,,91,1825,3m,5y,,b5cadcb2f34fc9d5f78b5f337a692066150c31088cd0c452ba55dd79b66681aa,True,2026-08-24 13:50:38,,"30,5–48,6%",,,10 000–100 000 ₽,4,,,,,,,,
17636,20103903,credit,Обеспеченный,Обеспеченный,https://www.banki.ru/products/credits/credit/201039/,https://cdn.banki.ru/cdn/bank/11518_mobile_logo_url.png,06.03.2026 18:22,11518,115181,bank,Банк ТКБ,https://cdn.banki.ru/cdn/bank/11518_mobile_logo_url.png,2210,www.tkbbank.ru,8 800 100-32-00,"109147, г. Москва, ул. Воронцовская, д. 27/35",transcapitalbank,RUB,https://www.banki.ru/products/credits/credit/201039/,18.9,34.5,,100000,3000000,,397,1825,13m,5y,,99df92427076b7acd881ef9036bc5b42f6679bf16be41ed33ae430eabbe8f3ad,True,2026-08-24 13:50:38,,"18,9–34,5%",,,100 000–3 000 000 ₽,4,,,,,,,,
16807,261503,credit,Наличными,Наличными,https://www.banki.ru/products/credits/credit/2615/,https://cdn.banki.ru/cdn/bank/11518_mobile_logo_url.png,06.03.2026 18:21,11518,115181,bank,Банк ТКБ,https://cdn.banki.ru/cdn/bank/11518_mobile_logo_url.png,2210,www.tkbbank.ru,8 800 100-32-00,"109147, г. Москва, ул. Воронцовская, д. 27/35",transcapitalbank,RUB,https://www.banki.ru/products/credits/credit/2615/,19.9,35.5,,50000,1000000,,397,1825,13m,5y,,15ffe01ff3de264c256d9bfdf5e7c4d5bf7ec8ac50f1df19f84d0cf2b524f219,True,2026-08-24 13:50:38,,"19,9–35,5%",,,50 000–1 000 000 ₽,4,,,,,,,,
19328,177103,credit,Наличными (с обеспечением),Наличными (с обеспечением),https://www.banki.ru/products/credits/credit/1771/,https://cdn.banki.ru/cdn/bank/192869_mobile_logo_url.png,12.03.2026 18:26,192869,1928691,bank,ЕВРОАЛЬЯНС,https://cdn.banki.ru/cdn/bank/192869_mobile_logo_url.png,1781,www.euroalliance.ru,8 800 700-92-22,"153000, г. Иваново, ул. Станко, д. 13",euroalliance,RUB,https://www.banki.ru/products/credits/credit/1771/,19.5,20.5,,100000,9000000,,31,1095,2y,3y,,1f4d3ad43c1bb94ef1fad12b10495f1c33ac23f8ab48ae820d42e2f83fa9db5d,True,2026-08-24 13:50:38,,"19,5–20,5%",,,100 000–9 000 000 ₽,4,,,,,,,,
16791,177003,credit,Наличными,Наличными,https://www.banki.ru/products/credits/credit/1770/,https://cdn.banki.ru/cdn/bank/192869_mobile_logo_url.png,12.03.2026 18:26,192869,1928691,bank,ЕВРОАЛЬЯНС,https://cdn.banki.ru/cdn/bank/192869_mobile_logo_url.png,1781,www.euroalliance.ru,8 800 700-92-22,"153000, г. Иваново, ул. Станко, д. 13",euroalliance,RUB,https://www.banki.ru/products/credits/credit/1770/,20.5,21.5,,100000,3000000,,31,1095,2y,3y,,f1005fdb5765dfd7ba9aa20bda96f226128a395235026d0a6991cfc02d34ef17,True,2026-08-24 13:50:38,,"20,5–21,5%",,,100 000–3 000 000 ₽,4,,,,,,,,
16815,278103,credit,ЭТБ – деньги для пенсионеров,ЭТБ – деньги для пенсионеров,https://www.banki.ru/products/credits/credit/2781/,https://cdn.banki.ru/cdn/bank/193407_mobile_logo_url.png,06.03.2026 17:27,193407,1934071,bank,Энерготрансбанк,https://cdn.banki.ru/cdn/bank/193407_mobile_logo_url.png,1307,www.energotransbank.com,8 800 100-22-48,"236016, г. Калининград, ул. Клиническая, д. 83а",energotransbank,RUB,https://www.banki.ru/products/credits/credit/2781/,23.7,24.7,,30000,500000,,31,1825,1m,5y,,5246f713b42087eb0cd3f540eb7c1bdb9b4bef93f6065f67a9842620e8878045,True,2026-08-24 13:50:38,,"23,7–24,7%",,,30 000–500 000 ₽,4,,,,,,,,
16788,172503,credit,ЭТБ – деньги,ЭТБ – деньги,https://www.banki.ru/products/credits/credit/1725/,https://cdn.banki.ru/cdn/bank/193407_mobile_logo_url.png,06.03.2026 17:26,193407,1934071,bank,Энерготрансбанк,https://cdn.banki.ru/cdn/bank/193407_mobile_logo_url.png,1307,www.energotransbank.com,8 800 100-22-48,"236016, г. Калининград, ул. Клиническая, д. 83а",energotransbank,RUB,https://www.banki.ru/products/credits/credit/1725/,24.2,25.7,,30000,1000000,,31,1825,1m,5y,,d72c0790b8e68989fe77c6162c46958cb4c7b130c29b055fb9bd1eb4e302a6f5,True,2026-08-24 13:50:38,,"24,2–25,7%",,,30 000–1 000 000 ₽,4,,,,,,,,
19824,20115403,credit,Под залог недвижимости,Под залог недвижимости,https://www.banki.ru/products/credits/credit/201154/,https://cdn.banki.ru/cdn/bank/16995_mobile_logo_url.png,10.03.2026 17:53,16995,169951,bank,ВБРР,https://cdn.banki.ru/cdn/bank/16995_mobile_logo_url.png,3287,www.vbrr.ru,8 800 700-03-49 ,"129594, г. Москва, ул. Сущевский вал, д. 65, корп. 1",vbrr,RUB,https://www.banki.ru/products/credits/credit/201154/,21.4,22.9,,500000,60000000,,1825,10950,5y,30y,,166e2d8da9bd0569472b7f3603591ef66b0f255bfbfc9cd10f4fc6d631e38938,True,2026-08-24 13:50:38,,"21,4–22,9%",,,500 000–60 000 000 ₽,4,,,,,,,,
16877,348703,credit,На любые цели под залог авто,На любые цели под залог авто,https://www.banki.ru/products/credits/credit/3487/,https://cdn.banki.ru/cdn/bank/9183_mobile_logo_url.png,11.03.2026 12:54,9183,91831,bank,Локо-Банк,https://cdn.banki.ru/cdn/bank/9183_mobile_logo_url.png,2707,www.lockobank.ru,8 800 250-50-50,"125167, г. Москва, Ленинградский просп., д. 39, стр. 80",locko-bank,RUB,https://www.banki.ru/products/credits/credit/3487/,22.9,34.9,,500001,10000000,,1095,2920,3y,8y,,760fa455e86bc07741d8fe68d6ecd0f47d3bedab374b044dc40fd8108016cab7,True,2026-08-24 13:50:38,,"22,9–34,9%",,,500 001–10 000 000 ₽,4,,,,,,,,
17216,514103,credit,Под залог авто,Под залог авто,https://www.banki.ru/products/credits/credit/5141/,https://cdn.banki.ru/cdn/bank/191082_mobile_logo_url.png,19.03.2026 13:17,191082,1910821,bank,Банк «Приморье»,https://cdn.banki.ru/cdn/bank/191082_mobile_logo_url.png,3001,www.primbank.ru,8 800 200-20-86,"690091, Приморский край, г. Владивосток, ул. Светланская, д. 47",primorye,RUB,https://www.banki.ru/products/credits/credit/5141/,26.0,29.5,,500000,7000000,,397,1825,13m,5y,,67c9994a7c92dbfcc605f1cb2e66acd524bbf81c9493c29476158edc585131a4,True,2026-08-24 13:50:38,,"26–29,5%",,,500 000–7 000 000 ₽,4,,,,,,,,
17045,461803,credit,Наличными,Наличными,https://www.banki.ru/products/credits/credit/4618/,https://cdn.banki.ru/cdn/bank/191082_mobile_logo_url.png,19.03.2026 13:18,191082,1910821,bank,Банк «Приморье»,https://cdn.banki.ru/cdn/bank/191082_mobile_logo_url.png,3001,www.primbank.ru,8 800 200-20-86,"690091, Приморский край, г. Владивосток, ул. Светланская, д. 47",primorye,RUB,https://www.banki.ru/products/credits/credit/4618/,30.5,34.0,,300000,2000000,,396,1825,13m,5y,,29adb7e47db10c9ba903ae33de6fa42c08d83fd2cb4274fd92c5a4c903ef42a6,True,2026-08-24 13:50:38,,"30,5–34%",,,300 000–2 000 000 ₽,4,,,,,,,,
20418,21118803,credit,Да!,Да!,https://www.banki.ru/products/credits/credit/211188/,https://cdn.banki.ru/cdn/bank/192701_mobile_logo_url.png,11.03.2026 16:21,192701,1927011,bank,Банк «Пойдём!»,https://cdn.banki.ru/cdn/bank/192701_mobile_logo_url.png,2534,www.poidem.ru,8 800 200-12-30,"127015, г. Москва, ул. Бутырская, д. 76, стр. 1",poidem,RUB,https://www.banki.ru/products/credits/credit/211188/,48.9,48.9,,50000,99999,,396,1095,13m,3y,,8cdeb6d02680d085681451c87b6e08c2f9f81a8e9543317aadd63b950dfebc1d,True,2026-08-24 13:50:38,,"48,9%",,,50 000–99 999 ₽,4,,,,,,,,
16877,348703,credit,На любые цели под залог авто,На любые цели под залог авто,https://www.banki.ru/products/credits/credit/3487/,https://cdn.banki.ru/cdn/bank/9183_mobile_logo_url.png,19.11.2025 15:28,9183,91831,bank,Локо-Банк,https://cdn.banki.ru/cdn/bank/9183_mobile_logo_url.png,2707,www.lockobank.ru,8 800 250-50-50,"125167, г. Москва, Ленинградский просп., д. 39, стр. 80
",locko-bank,RUB,https://www.banki.ru/products/credits/credit/3487/,25.9,33.9,,500001,10000000,,1095,2555,3y,7y,,31183947c0ffad6bf894a307d7033e4cc242cbee9ea9c17af686199423cde2cc,True,2026-08-24 13:50:38,,"25,9–33,9%",,,500 001–10 000 000 ₽,4,,,,,,,,
17353,20075403,credit,Образовательный,Образовательный,https://www.banki.ru/products/credits/credit/200754/,https://cdn.banki.ru/cdn/bank/101146_mobile_logo_url.png,27.11.2025 15:33,101146,1011461,bank,Алмазэргиэнбанк,https://cdn.banki.ru/cdn/bank/101146_mobile_logo_url.png,2602,www.albank.ru,8 800 100-34-22,"677000, г. Якутск, просп. Ленина, д. 1
",almazergienbank,RUB,https://www.banki.ru/products/credits/credit/200754/,3.0,3.0,,10000,5000000,,3681,9125,1m10y,25y,,53f573d6c515573a6534321e15dbb8281b1312bafe88c4f284892abb0c329cb0,True,2026-08-24 13:50:38,,3%,,,10 000–5 000 000 ₽,4,,,,,,,,
19813,20115303,credit,Под залог недвижимости,Под залог недвижимости,https://www.banki.ru/products/credits/credit/201153/,https://cdn.banki.ru/cdn/bank/5348_mobile_logo_url.png,24.11.2025 17:59,5348,53481,bank,Инго Банк,https://cdn.banki.ru/cdn/bank/5348_mobile_logo_url.png,2307,www.ingobank.ru,8 800 100-33-22,"127030, г. Москва, ул. Сущевская, д. 27, стр. 1
",ingobank,RUB,https://www.banki.ru/products/credits/credit/201153/,24.8,26.3,,500000,7000000,,365,5475,1y,15y,,02071010a93a30135c4e0ecf563ab734782f61244c9ba3738cf24b7544419ec1,True,2026-08-24 13:50:38,,"24,8–26,3%",,,500 000–7 000 000 ₽,4,,,,,,,,
19385,446403,credit,На любые цели,На любые цели,https://www.banki.ru/products/credits/credit/4464/,https://cdn.banki.ru/cdn/bank/189319_mobile_logo_url.png,27.11.2025 17:38,189319,1893191,bank,Почтобанк,https://cdn.banki.ru/cdn/bank/189319_mobile_logo_url.png,1788,www.uralexpress.ru,+7 (342) 236-07-72,"614096, г. Пермь, ул. Ленина, д. 68
",pochtobank,RUB,https://www.banki.ru/products/credits/credit/4464/,18.5,18.5,,100000,10000000,,31,1825,1m,5y,,06eb0d2c2e3f0b6d1681d495284c63c48363535e28b8870a76d7b40cb7bb12c7,True,2026-08-24 13:50:38,,"18,5%",,,100 000–10 000 000 ₽,4,,,,,,,,
19866,21116003,credit,Базовый (с обеспечением) ,Базовый (с обеспечением) ,https://www.banki.ru/products/credits/credit/211160/,https://cdn.banki.ru/cdn/bank/191203_mobile_logo_url.png,12.01.2026 18:00,191203,1912031,bank,Примсоцбанк,https://cdn.banki.ru/cdn/bank/191203_mobile_logo_url.png,2733,www.pskb.com,8 800 350-42-02,"690106, Приморский край, г. Владивосток, Партизанский пр-т, д. 44",primsotsbank,RUB,https://www.banki.ru/products/credits/credit/211160/,29.5,29.5,,100001,7000000,,1460,1825,4y,5y,,de13a36aa27c14dfe85a6b74653538e35c4e1b926af27618ee62dff5afcd7fcb,True,2026-08-24 13:50:38,,"29,5%",,,100 001–7 000 000 ₽,4,,,,,,,,
19864,21115903,credit,Базовый,Базовый,https://www.banki.ru/products/credits/credit/211159/,https://cdn.banki.ru/cdn/bank/191203_mobile_logo_url.png,12.01.2026 18:00,191203,1912031,bank,Примсоцбанк,https://cdn.banki.ru/cdn/bank/191203_mobile_logo_url.png,2733,www.pskb.com,8 800 350-42-02,"690106, Приморский край, г. Владивосток, Партизанский пр-т, д. 44",primsotsbank,RUB,https://www.banki.ru/products/credits/credit/211159/,29.5,29.5,,100001,2000000,,1460,1825,4y,5y,,b7e6d89e2f1a3ed2b1de6e4c517a294e7e66641b3900417af3d991cda47a879c,True,2026-08-24 13:50:38,,"29,5%",,,100 001–2 000 000 ₽,4,,,,,,,,
16924,387503,credit,Под залог транспорта,Под залог транспорта,https://www.banki.ru/products/credits/credit/3875/,https://cdn.banki.ru/cdn/bank/192866_mobile_logo_url.png,20.03.2026 15:16,192866,1928661,bank,Банк Акцепт,https://cdn.banki.ru/cdn/bank/192866_mobile_logo_url.png,567,www.akcept.ru,8 800 100-27-37,"630099, г. Новосибирск, ул. Советская, д. 14",akcept,RUB,https://www.banki.ru/products/credits/credit/3875/,10.8,28.5,,300000,3000000,,730,1825,2y,5y,,6e358e652c3c5b1bade9407a077b0d3455f652e0768b20418cfc21599a44f46c,True,2026-08-24 13:50:38,,"10,8–28,5%",,,300 000–3 000 000 ₽,4,,,,,,,,
19337,298003,credit,Под залог,Под залог,https://www.banki.ru/products/credits/credit/2980/,https://cdn.banki.ru/cdn/bank/17111_mobile_logo_url.png,19.03.2026 19:00,17111,171111,bank,Банк Финсервис,https://cdn.banki.ru/cdn/bank/17111_mobile_logo_url.png,3388,www.finsb.ru,8 800 200-07-67,"121151, г. Москва, наб. Тараса Шевченко, д. 23А",finservice,RUB,https://www.banki.ru/products/credits/credit/2980/,20.0,23.0,,500000,100000000,,183,3650,6m,10y,,59e078e2e7604ff1c80254faa24c5687482c5b53b39702ae0717f5895e5a19f8,True,2026-08-24 13:50:38,,20–23%,,,500 000–100 000 000 ₽,4,,,,,,,,
20297,20116103,credit,Наличными,Наличными,https://www.banki.ru/products/credits/credit/201161/,https://cdn.banki.ru/cdn/bank/196721_mobile_logo_url.png,19.03.2026 17:46,196721,1967211,bank,Агророс Банк,https://cdn.banki.ru/cdn/bank/196721_mobile_logo_url.png,2860,www.agroros.ru,8 800 222-44-19 ,"410017, г. Саратов, ул. Чернышевского, д. 90",agroros,RUB,https://www.banki.ru/products/credits/credit/201161/,22.0,25.9,,1000000,50000000,,30,3650,1m,10y,,8b4a3e8c56f742e7031d19d750b9dab0f0edceb3588036f97ddff839a13b3723,True,2026-08-24 13:50:38,,"22–25,9%",,,1 000 000–50 000 000 ₽,4,,,,,,,,
16873,347603,credit,Пенсионный,Пенсионный,https://www.banki.ru/products/credits/credit/3476/,https://cdn.banki.ru/cdn/bank/9011_mobile_logo_url.png,13.02.2026 18:58,9011,90111,bank,Металлинвестбанк,https://cdn.banki.ru/cdn/bank/9011_mobile_logo_url.png,2440,www.metallinvestbank.ru,8 800 250-97-97,"119180, г. Москва, ул. Большая Полянка, д. 47, стр. 2",metallinvestbank,RUB,https://www.banki.ru/products/credits/credit/3476/,22.5,34.5,,30000,3000000,,183,1825,6m,5y,,1dce45efc973d02f33cede6c5d9e4a4b405607def8559eefbe885328f76e4e56,True,2026-08-24 13:50:38,,"22,5–34,5%",,,30 000–3 000 000 ₽,4,,,,,,,,
19866,21116003,credit,Базовый (с обеспечением) ,Базовый (с обеспечением) ,https://www.banki.ru/products/credits/credit/211160/,https://cdn.banki.ru/cdn/bank/191203_mobile_logo_url.png,16.02.2026 15:46,191203,1912031,bank,Примсоцбанк,https://cdn.banki.ru/cdn/bank/191203_mobile_logo_url.png,2733,www.pskb.com,8 800 350-42-02,"690106, Приморский край, г. Владивосток, Партизанский пр-т, д. 44",primsotsbank,RUB,https://www.banki.ru/products/credits/credit/211160/,29.0,29.0,,100001,7000000,,1460,1825,4y,5y,,cd6294a2c00e2762d66dee34f7b2abe22cb14b78a5c056d96c89be450f2d2edf,True,2026-08-24 13:50:38,,29%,,,100 001–7 000 000 ₽,4,,,,,,,,
19864,21115903,credit,Базовый,Базовый,https://www.banki.ru/products/credits/credit/211159/,https://cdn.banki.ru/cdn/bank/191203_mobile_logo_url.png,16.02.2026 15:43,191203,1912031,bank,Примсоцбанк,https://cdn.banki.ru/cdn/bank/191203_mobile_logo_url.png,2733,www.pskb.com,8 800 350-42-02,"690106, Приморский край, г. Владивосток, Партизанский пр-т, д. 44",primsotsbank,RUB,https://www.banki.ru/products/credits/credit/211159/,29.0,29.0,,100001,2000000,,1460,1825,4y,5y,,97026a81fb125fb500f815622d9547d2a2af6593aeccf4c5d34e0b8a4b270ca0,True,2026-08-24 13:50:38,,29%,,,100 001–2 000 000 ₽,4,,,,,,,,
16735,1603,credit,На любые цели,На любые цели,https://www.banki.ru/products/credits/credit/16/,https://cdn.banki.ru/cdn/bank/7292_mobile_logo_url.png,23.07.2026 16:07,7292,72921,bank,Московский кредитный банк (МКБ),https://cdn.banki.ru/cdn/bank/7292_mobile_logo_url.png,1978,www.mkb.ru,8 800 100-48-88,"107045, г. Москва, Луков пер., д. 2, стр. 1",mkb,RUB,https://www.banki.ru/products/credits/credit/16/,10.0,51.0,,50000,10000000,,183,1825,6m,5y,,1d18eaab9354d8a06a650c3e109362e19070056fd02f493aea52cabc804d1ac6,True,2026-08-24 13:50:38,,10–51%,,,50 000–10 000 000 ₽,4,,,,,,,,
16877,348703,credit,На любые цели под залог авто,На любые цели под залог авто,https://www.banki.ru/products/credits/credit/3487/,https://cdn.banki.ru/cdn/bank/9183_mobile_logo_url.png,24.07.2026 15:26,9183,91831,bank,Локо-Банк,https://cdn.banki.ru/cdn/bank/9183_mobile_logo_url.png,2707,www.lockobank.ru,8 800 250-50-50,"125167, г. Москва, Ленинградский просп., д. 39, стр. 80",locko-bank,RUB,https://www.banki.ru/products/credits/credit/3487/,16.0,33.9,,500001,10000000,,1095,2920,3y,8y,,7e333616397e917c9ca361f3dc8f74428a9166debe8ae9a89f44c626078c5091,True,2026-08-24 13:50:38,,"16–33,9%",,,500 001–10 000 000 ₽,4,,,,,,,,
19411,502303,credit,Под залог недвижимости,Под залог недвижимости,https://www.banki.ru/products/credits/credit/5023/,https://cdn.banki.ru/cdn/bank/12374_mobile_logo_url.png,27.07.2026 13:00,12374,123741,bank,НС Банк,https://cdn.banki.ru/cdn/bank/12374_mobile_logo_url.png,3124,www.nsbank.ru,8 800 555-43-24,"109004, г. Москва, ул. Добровольческая, д. 20, стр. 2",nsbank,RUB,https://www.banki.ru/products/credits/credit/5023/,19.0,21.0,,500000,20000000,,1825,7300,5y,20y,,76319ff03ecddc394e219b7774546535083695a935e7df26959ed40b5957315b,True,2026-08-24 13:50:38,,19–21%,,,500 000–20 000 000 ₽,4,,,,,,,,
19465,20096603,credit,Обеспеченный (под залог недвижимости),Обеспеченный (под залог недвижимости),https://www.banki.ru/products/credits/credit/200966/,,27.07.2026 12:52,12453,124531,bank,ГЕНБАНК,,2490,www.genbank.ru,8 800 333-55-45,"295011, Республика Крым, г. Симферополь, ул. Севастопольская, д. 13",genbank,RUB,https://www.banki.ru/products/credits/credit/200966/,21.0,23.0,,400000,15000000,,1095,5475,3y,15y,,3d13e084ab9291bbd65984835a62a00a2e95cc2ee2cd5b20765d981f700dcb33,True,2026-08-24 13:50:38,,21–23%,,,400 000–15 000 000 ₽,4,,,,,,,,
17035,459203,credit,Обеспеченный (под залог транспорта),Обеспеченный (под залог транспорта),https://www.banki.ru/products/credits/credit/4592/,,27.07.2026 12:51,12453,124531,bank,ГЕНБАНК,,2490,www.genbank.ru,8 800 333-55-45,"295011, Республика Крым, г. Симферополь, ул. Севастопольская, д. 13",genbank,RUB,https://www.banki.ru/products/credits/credit/4592/,21.5,22.5,,300000,7000000,,1095,2555,3y,7y,,387307cedbe5233d075d70edd1a96ac20994b2d7ac21d5111e8a29b4ecc62c35,True,2026-08-24 13:50:38,,"21,5–22,5%",,,300 000–7 000 000 ₽,4,,,,,,,,
19824,20115403,credit,Под залог недвижимости,Под залог недвижимости,https://www.banki.ru/products/credits/credit/201154/,https://cdn.banki.ru/cdn/bank/16995_mobile_logo_url.png,23.07.2026 16:00,16995,169951,bank,ВБРР,https://cdn.banki.ru/cdn/bank/16995_mobile_logo_url.png,3287,www.vbrr.ru,8 800 700-03-49 ,"129594, г. Москва, ул. Сущевский вал, д. 65, корп. 1",vbrr,RUB,https://www.banki.ru/products/credits/credit/201154/,18.9,20.4,,500000,60000000,,1825,10950,5y,30y,,65e102b1485db66f1a7d216ea7a8aa91f2c985ef09b3cadd65754102de8967ef,True,2026-08-24 13:50:38,,"18,9–20,4%",,,500 000–60 000 000 ₽,4,,,,,,,,
17012,446803,credit,На любые цели (под поручительство),На любые цели (под поручительство),https://www.banki.ru/products/credits/credit/4468/,https://cdn.banki.ru/cdn/bank/17111_mobile_logo_url.png,27.07.2026 11:44,17111,171111,bank,Банк Финсервис,https://cdn.banki.ru/cdn/bank/17111_mobile_logo_url.png,3388,www.finsb.ru,8 800 200-07-67,"121151, г. Москва, наб. Тараса Шевченко, д. 23А",finservice,RUB,https://www.banki.ru/products/credits/credit/4468/,21.0,26.0,,1500001,100000000,,183,1825,1m3y,5y,,925408eae89640ec1be48730af34c8e20f7a5a79c36fe16f376ae7cb2e99757e,True,2026-08-24 13:50:38,,21–26%,,,1 500 001–100 000 000 ₽,4,,,,,,,,
16812,272703,credit,На любые цели,На любые цели,https://www.banki.ru/products/credits/credit/2727/,https://cdn.banki.ru/cdn/bank/17111_mobile_logo_url.png,27.07.2026 11:44,17111,171111,bank,Банк Финсервис,https://cdn.banki.ru/cdn/bank/17111_mobile_logo_url.png,3388,www.finsb.ru,8 800 200-07-67,"121151, г. Москва, наб. Тараса Шевченко, д. 23А",finservice,RUB,https://www.banki.ru/products/credits/credit/2727/,22.0,27.0,,50000,1500000,,183,1825,1m3y,5y,,c95b5efd7309d11a601b622ab4c34ca3dff9735a67c13cb8ce0c81e35ae72a84,True,2026-08-24 13:50:38,,22–27%,,,50 000–1 500 000 ₽,4,,,,,,,,
19337,298003,credit,Под залог,Под залог,https://www.banki.ru/products/credits/credit/2980/,https://cdn.banki.ru/cdn/bank/17111_mobile_logo_url.png,27.07.2026 11:42,17111,171111,bank,Банк Финсервис,https://cdn.banki.ru/cdn/bank/17111_mobile_logo_url.png,3388,www.finsb.ru,8 800 200-07-67,"121151, г. Москва, наб. Тараса Шевченко, д. 23А",finservice,RUB,https://www.banki.ru/products/credits/credit/2980/,18.5,21.5,,500000,100000000,,183,3650,6m,10y,,ae1222ae19582c8c7d0d3d94122302a971c1b2b8df1541ad465a057bec5269b9,True,2026-08-24 13:50:38,,"18,5–21,5%",,,500 000–100 000 000 ₽,4,,,,,,,,
16976,422903,credit,Деньги — возможности ,Деньги — возможности ,https://www.banki.ru/products/credits/credit/4229/,https://cdn.banki.ru/cdn/bank/68683_mobile_logo_url.png,29.07.2026 12:59,68683,686831,bank,Банк «РОССИЯ»,https://cdn.banki.ru/cdn/bank/68683_mobile_logo_url.png,328,www.abr.ru,8 800 100-11-11 ,"191124, г. Санкт-Петербург, пл. Растрелли, д. 2, стр.1",rossiya,RUB,https://www.banki.ru/products/credits/credit/4229/,20.5,30.5,,100000,5000000,,365,1825,1y,5y,,e02b106d79f29a5efd8b36d8d542e98d5d1124d486f3a46f5ca6dec975f68035,True,2026-08-24 13:50:38,,"20,5–30,5%",,,100 000–5 000 000 ₽,4,,,,,,,,
17631,20103403,credit,Деньги — возможности (под залог авто),Деньги — возможности (под залог авто),https://www.banki.ru/products/credits/credit/201034/,https://cdn.banki.ru/cdn/bank/68683_mobile_logo_url.png,29.07.2026 13:00,68683,686831,bank,Банк «РОССИЯ»,https://cdn.banki.ru/cdn/bank/68683_mobile_logo_url.png,328,www.abr.ru,8 800 100-11-11 ,"191124, г. Санкт-Петербург, пл. Растрелли, д. 2, стр.1",rossiya,RUB,https://www.banki.ru/products/credits/credit/201034/,18.5,28.5,,100000,5000000,,365,2555,1y,7y,,1c85fa75b7898c61b981ca906d0d1f1bcd6ebb5acf48bb30901eaf7cf2898319,True,2026-08-24 13:50:38,,"18,5–28,5%",,,100 000–5 000 000 ₽,4,,,,,,,,
17092,482803,credit,Легкий,Легкий,https://www.banki.ru/products/credits/credit/4828/,https://cdn.banki.ru/cdn/bank/188785_mobile_logo_url.png,27.07.2026 16:02,188785,1887851,bank,Газтрансбанк,https://cdn.banki.ru/cdn/bank/188785_mobile_logo_url.png,665,www.gaztransbank.ru,+7 (861) 279-03-05,"350015, Краснодарский край, г. Краснодар, ул. Северная, д. 321",gaztransbank,RUB,https://www.banki.ru/products/credits/credit/4828/,20.5,26.5,,50000,1000000,,365,1825,3y,5y,,68e697b90b06882e7dfc6d84a9d039bcb7e3c59a40897e484678941c6c3d66fd,True,2026-08-24 13:50:38,,"20,5–26,5%",,,50 000–1 000 000 ₽,4,,,,,,,,
19305,20103703,credit,Залоговый,Залоговый,https://www.banki.ru/products/credits/credit/201037/,https://cdn.banki.ru/cdn/bank/188785_mobile_logo_url.png,27.07.2026 16:02,188785,1887851,bank,Газтрансбанк,https://cdn.banki.ru/cdn/bank/188785_mobile_logo_url.png,665,www.gaztransbank.ru,+7 (861) 279-03-05,"350015, Краснодарский край, г. Краснодар, ул. Северная, д. 321",gaztransbank,RUB,https://www.banki.ru/products/credits/credit/201037/,19.0,24.0,,500000,15000000,,365,2555,3y,7y,,4c3ccb0b0853b962a405313371165cac0f2e3e8945f81ddc9a75884759a545d6,True,2026-08-24 13:50:38,,19–24%,,,500 000–15 000 000 ₽,4,,,,,,,,
16856,333203,credit,КУБ-Комфорт,КУБ-Комфорт,https://www.banki.ru/products/credits/credit/3332/,https://cdn.banki.ru/cdn/bank/191036_mobile_logo_url.png,27.07.2026 16:10,191036,1910361,bank,Кредит Урал Банк,https://cdn.banki.ru/cdn/bank/191036_mobile_logo_url.png,2584,www.creditural.ru,+7 (3519) 24-89-33,"455044, Челябинская обл., г. Магнитогорск, ул. Гагарина, д. 17",credituralbank,RUB,https://www.banki.ru/products/credits/credit/3332/,26.0,32.45,,30000,5000000,,396,1825,13m,5y,,2369a3f3aed107d8c1990ba080a152c4be63c07e42558279d82ede5d984ed6e8,True,2026-08-24 13:50:38,,"26–32,45%",,,30 000–5 000 000 ₽,4,,,,,,,,
17646,20104903,credit,КУБ-Комфорт (под залог автомобиля),КУБ-Комфорт (под залог автомобиля),https://www.banki.ru/products/credits/credit/201049/,https://cdn.banki.ru/cdn/bank/191036_mobile_logo_url.png,27.07.2026 16:14,191036,1910361,bank,Кредит Урал Банк,https://cdn.banki.ru/cdn/bank/191036_mobile_logo_url.png,2584,www.creditural.ru,+7 (3519) 24-89-33,"455044, Челябинская обл., г. Магнитогорск, ул. Гагарина, д. 17",credituralbank,RUB,https://www.banki.ru/products/credits/credit/201049/,25.5,31.95,,30000,5000000,,396,2555,13m,7y,,28c280eccee7772f66d78e197b8de42edaf32a4a0ece4f014924c19d3ea113e3,True,2026-08-24 13:50:38,,"25,5–31,95%",,,30 000–5 000 000 ₽,4,,,,,,,,
17013,447403,credit,Доверительный,Доверительный,https://www.banki.ru/products/credits/credit/4474/,https://cdn.banki.ru/cdn/bank/191070_mobile_logo_url.png,28.07.2026 14:48,191070,1910701,bank,Урал ФД,https://cdn.banki.ru/cdn/bank/191070_mobile_logo_url.png,249,www.uralfd.ru,8 800 100-10-40,"614066, г. Пермь, ул. Стахановская, д. 54 стр. Д",uralfd,RUB,https://www.banki.ru/products/credits/credit/4474/,17.74,34.74,,50000,5000000,,397,1825,13m,5y,,63a620548b49f85a8019482d603c5c7f618c27083ed24aab5f0f002377ea9967,True,2026-08-24 13:50:38,,"17,74–34,74%",,,50 000–5 000 000 ₽,4,,,,,,,,
19317,87203,credit,Универсальный (под залог недвижимости),Универсальный (под залог недвижимости),https://www.banki.ru/products/credits/credit/872/,https://cdn.banki.ru/cdn/bank/191070_mobile_logo_url.png,28.07.2026 17:31,191070,1910701,bank,Урал ФД,https://cdn.banki.ru/cdn/bank/191070_mobile_logo_url.png,249,www.uralfd.ru,8 800 100-10-40,"614066, г. Пермь, ул. Стахановская, д. 54 стр. Д",uralfd,RUB,https://www.banki.ru/products/credits/credit/872/,19.5,22.0,,500000,20000000,,1095,10950,3y,30y,,6d9e33b4aa02f6d720d961f37cb0da5d084bee676bead92e0cfa078aef56595f,True,2026-08-24 13:50:38,,"19,5–22%",,,500 000–20 000 000 ₽,4,,,,,,,,
19430,514003,credit,Под залог недвижимости,Под залог недвижимости,https://www.banki.ru/products/credits/credit/5140/,https://cdn.banki.ru/cdn/bank/191082_mobile_logo_url.png,28.07.2026 12:15,191082,1910821,bank,Банк «Приморье»,https://cdn.banki.ru/cdn/bank/191082_mobile_logo_url.png,3001,www.primbank.ru,8 800 200-20-86,"690091, Приморский край, г. Владивосток, ул. Светланская, д. 47",primorye,RUB,https://www.banki.ru/products/credits/credit/5140/,21.5,25.0,,500000,30000000,,397,5475,13m,15y,,b103d661865c2ae6d7bb853cca9c3e9cffb6c8a064d9e95ad3bbacc8f5b4d326,True,2026-08-24 13:50:38,,"21,5–25%",,,500 000–30 000 000 ₽,4,,,,,,,,
17216,514103,credit,Под залог авто,Под залог авто,https://www.banki.ru/products/credits/credit/5141/,https://cdn.banki.ru/cdn/bank/191082_mobile_logo_url.png,28.07.2026 12:13,191082,1910821,bank,Банк «Приморье»,https://cdn.banki.ru/cdn/bank/191082_mobile_logo_url.png,3001,www.primbank.ru,8 800 200-20-86,"690091, Приморский край, г. Владивосток, ул. Светланская, д. 47",primorye,RUB,https://www.banki.ru/products/credits/credit/5141/,21.5,24.5,,500000,7000000,,397,1825,13m,5y,,eedae556140a805da7378f329a8770f8ec8384b562741f31497c772b04c9aa88,True,2026-08-24 13:50:38,,"21,5–24,5%",,,500 000–7 000 000 ₽,4,,,,,,,,
19318,96903,credit,На любые цели (под залог недвижимости),На любые цели (под залог недвижимости),https://www.banki.ru/products/credits/credit/969/,,24.07.2026 17:21,191189,1911891,bank,Прио-Внешторгбанк,,212,www.priovtb.com,+7 (4912) 20-00-03,"390023, г. Рязань, ул. Есенина, д. 82/26",priovtb,RUB,https://www.banki.ru/products/credits/credit/969/,20.7,21.9,,50000,100000000,,397,3650,13m,10y,,736b53b031ba7887c914ef5f2d345efeaca9ced39ab67912d1315844f1707c46,True,2026-08-24 13:50:38,,"20,7–21,9%",,,50 000–100 000 000 ₽,4,,,,,,,,
16915,379603,credit,На любые цели (под залог авто),На любые цели (под залог авто),https://www.banki.ru/products/credits/credit/3796/,,24.07.2026 17:18,191189,1911891,bank,Прио-Внешторгбанк,,212,www.priovtb.com,+7 (4912) 20-00-03,"390023, г. Рязань, ул. Есенина, д. 82/26",priovtb,RUB,https://www.banki.ru/products/credits/credit/3796/,20.9,22.7,,50000,100000000,,397,1825,13m,5y,,c329ef8911fe54e027ddc51316a82c6b3f1f6deae4ab441b9d36c0bfb95156d6,True,2026-08-24 13:50:38,,"20,9–22,7%",,,50 000–100 000 000 ₽,4,,,,,,,,
16873,347603,credit,Пенсионный,Пенсионный,https://www.banki.ru/products/credits/credit/3476/,https://cdn.banki.ru/cdn/bank/9011_mobile_logo_url.png,24.03.2026 12:13,9011,90111,bank,Металлинвестбанк,https://cdn.banki.ru/cdn/bank/9011_mobile_logo_url.png,2440,www.metallinvestbank.ru,8 800 250-97-97,"119180, г. Москва, ул. Большая Полянка, д. 47, стр. 2",metallinvestbank,RUB,https://www.banki.ru/products/credits/credit/3476/,21.0,34.0,,30000,3000000,,183,1825,6m,5y,,98afd3b508a936e1578b4cb3a01443097b9d3d553b3f9cc6e05db76649eac7f2,True,2026-08-24 13:50:38,,21–34%,,,30 000–3 000 000 ₽,4,,,,,,,,
17631,20103403,credit,Деньги — возможности (под залог авто),Деньги — возможности (под залог авто),https://www.banki.ru/products/credits/credit/201034/,https://cdn.banki.ru/cdn/bank/68683_mobile_logo_url.png,23.03.2026 16:02,68683,686831,bank,Банк «РОССИЯ»,https://cdn.banki.ru/cdn/bank/68683_mobile_logo_url.png,328,www.abr.ru,8 800 100-11-11 ,"191124, г. Санкт-Петербург, пл. Растрелли, д. 2, стр.1",rossiya,RUB,https://www.banki.ru/products/credits/credit/201034/,19.5,29.5,,100000,5000000,,549,2555,18m,7y,,f1337fd2e9c5703351da9e8515f0dfce994d3ed25e84aeed7609a6ff86d1bab0,True,2026-08-24 13:50:38,,"19,5–29,5%",,,100 000–5 000 000 ₽,4,,,,,,,,
16976,422903,credit,Деньги — возможности ,Деньги — возможности ,https://www.banki.ru/products/credits/credit/4229/,https://cdn.banki.ru/cdn/bank/68683_mobile_logo_url.png,23.03.2026 16:01,68683,686831,bank,Банк «РОССИЯ»,https://cdn.banki.ru/cdn/bank/68683_mobile_logo_url.png,328,www.abr.ru,8 800 100-11-11 ,"191124, г. Санкт-Петербург, пл. Растрелли, д. 2, стр.1",rossiya,RUB,https://www.banki.ru/products/credits/credit/4229/,21.5,31.5,,100000,5000000,,549,1825,18m,5y,,ccd014b631f9b64ef721b692fe0dbd6610cf38e12b139d8bd872c9c9e6368fb3,True,2026-08-24 13:50:38,,"21,5–31,5%",,,100 000–5 000 000 ₽,4,,,,,,,,
16877,348703,credit,На любые цели под залог авто,На любые цели под залог авто,https://www.banki.ru/products/credits/credit/3487/,https://cdn.banki.ru/cdn/bank/9183_mobile_logo_url.png,23.03.2026 18:50,9183,91831,bank,Локо-Банк,https://cdn.banki.ru/cdn/bank/9183_mobile_logo_url.png,2707,www.lockobank.ru,8 800 250-50-50,"125167, г. Москва, Ленинградский просп., д. 39, стр. 80",locko-bank,RUB,https://www.banki.ru/products/credits/credit/3487/,16.0,34.9,,500001,10000000,,1095,2920,3y,8y,,b9f1f7bc77e844e3644389f37e7da3cef4fab2432439a4e59f57ab3ff51a1033,True,2026-08-24 13:50:38,,"16–34,9%",,,500 001–10 000 000 ₽,4,,,,,,,,
20439,21119003,credit,На любые цели (под залог),На любые цели (под залог),https://www.banki.ru/products/credits/credit/211190/,https://cdn.banki.ru/cdn/bank/95970_mobile_logo_url.png,23.03.2026 18:09,95970,959701,bank,Уральский банк реконструкции и развития (УБРиР),https://cdn.banki.ru/cdn/bank/95970_mobile_logo_url.png,429,www.ubrr.ru,8 800 100-02-00,"620063, г. Екатеринбург, ул. 8 Марта, д. 51",ubrr,RUB,https://www.banki.ru/products/credits/credit/211190/,17.9,37.0,,100000,5000000,,1095,3650,10y,10y,,6c98e2f468f82aca6733976071f0442cda789ea05fe182bb8a32a8beceb2c814,True,2026-08-24 13:50:38,,"17,9–37%",,,100 000–5 000 000 ₽,4,,,,,,,,
19328,177103,credit,Наличными (с обеспечением),Наличными (с обеспечением),https://www.banki.ru/products/credits/credit/1771/,https://cdn.banki.ru/cdn/bank/192869_mobile_logo_url.png,23.03.2026 13:55,192869,1928691,bank,ЕВРОАЛЬЯНС,https://cdn.banki.ru/cdn/bank/192869_mobile_logo_url.png,1781,www.euroalliance.ru,8 800 700-92-22,"153000, г. Иваново, ул. Станко, д. 13",euroalliance,RUB,https://www.banki.ru/products/credits/credit/1771/,19.0,20.0,,100000,9000000,,31,1095,2y,3y,,dad5999379aa714ee92e16cd306162e033461b6e91e8d60c3361f614479271e2,True,2026-08-24 13:50:38,,19–20%,,,100 000–9 000 000 ₽,4,,,,,,,,
16791,177003,credit,Наличными,Наличными,https://www.banki.ru/products/credits/credit/1770/,https://cdn.banki.ru/cdn/bank/192869_mobile_logo_url.png,23.03.2026 13:54,192869,1928691,bank,ЕВРОАЛЬЯНС,https://cdn.banki.ru/cdn/bank/192869_mobile_logo_url.png,1781,www.euroalliance.ru,8 800 700-92-22,"153000, г. Иваново, ул. Станко, д. 13",euroalliance,RUB,https://www.banki.ru/products/credits/credit/1770/,20.0,21.0,,100000,3000000,,31,1095,2y,3y,,8dc525088c09610825bd8beab4c7f749ee44347d658edc9c64bac5629110d1fe,True,2026-08-24 13:50:38,,20–21%,,,100 000–3 000 000 ₽,4,,,,,,,,
19337,298003,credit,Под залог,Под залог,https://www.banki.ru/products/credits/credit/2980/,https://cdn.banki.ru/cdn/bank/17111_mobile_logo_url.png,23.03.2026 12:42,17111,171111,bank,Банк Финсервис,https://cdn.banki.ru/cdn/bank/17111_mobile_logo_url.png,3388,www.finsb.ru,8 800 200-07-67,"121151, г. Москва, наб. Тараса Шевченко, д. 23А",finservice,RUB,https://www.banki.ru/products/credits/credit/2980/,19.5,22.5,,500000,100000000,,183,3650,6m,10y,,f70f96b4703e08df3047bbe95ad8b2e4c28cfc2f3b999b852a1ccb51f5e79160,True,2026-08-24 13:50:38,,"19,5–22,5%",,,500 000–100 000 000 ₽,4,,,,,,,,
17012,446803,credit,На любые цели (под поручительство),На любые цели (под поручительство),https://www.banki.ru/products/credits/credit/4468/,https://cdn.banki.ru/cdn/bank/17111_mobile_logo_url.png,23.03.2026 12:40,17111,171111,bank,Банк Финсервис,https://cdn.banki.ru/cdn/bank/17111_mobile_logo_url.png,3388,www.finsb.ru,8 800 200-07-67,"121151, г. Москва, наб. Тараса Шевченко, д. 23А",finservice,RUB,https://www.banki.ru/products/credits/credit/4468/,22.0,27.0,,1500001,100000000,,183,1825,1m3y,5y,,098f4639cbccd9cadd13ddfcbea3837626f9f8ff6da1dcec63714b49d42d5210,True,2026-08-24 13:50:38,,22–27%,,,1 500 001–100 000 000 ₽,4,,,,,,,,
16812,272703,credit,На любые цели,На любые цели,https://www.banki.ru/products/credits/credit/2727/,https://cdn.banki.ru/cdn/bank/17111_mobile_logo_url.png,23.03.2026 12:39,17111,171111,bank,Банк Финсервис,https://cdn.banki.ru/cdn/bank/17111_mobile_logo_url.png,3388,www.finsb.ru,8 800 200-07-67,"121151, г. Москва, наб. Тараса Шевченко, д. 23А",finservice,RUB,https://www.banki.ru/products/credits/credit/2727/,23.0,28.0,,50000,1500000,,183,1825,1m3y,5y,,a1f7262ac7f4522a13273570c42a42da0d89710eb155cc24019a4a32dc0d360c,True,2026-08-24 13:50:38,,23–28%,,,50 000–1 500 000 ₽,4,,,,,,,,
19411,502303,credit,Под залог недвижимости,Под залог недвижимости,https://www.banki.ru/products/credits/credit/5023/,https://cdn.banki.ru/cdn/bank/12374_mobile_logo_url.png,23.03.2026 13:59,12374,123741,bank,НС Банк,https://cdn.banki.ru/cdn/bank/12374_mobile_logo_url.png,3124,www.nsbank.ru,8 800 555-43-24,"109004, г. Москва, ул. Добровольческая, д. 20, стр. 2",nsbank,RUB,https://www.banki.ru/products/credits/credit/5023/,20.0,22.0,,500000,20000000,,1825,7300,5y,20y,,7e33c4491a9dfd012a6ca23078f7ea79042e0ed1430b4e1436969a63e2fea71b,True,2026-08-24 13:50:38,,20–22%,,,500 000–20 000 000 ₽,4,,,,,,,,
19506,20111403,credit,Под залог недвижимости,Под залог недвижимости,https://www.banki.ru/products/credits/credit/201114/,https://cdn.banki.ru/cdn/bank/351_mobile_logo_url.png,24.06.2026 15:06,351.0,3511.0,bank,Русский Стандарт,https://cdn.banki.ru/cdn/bank/351_mobile_logo_url.png,2289,www.rsb.ru,+7 (495) 748-07-48,"105187, г. Москва, ул. Ткацкая, д. 36",rsb,RUB,https://www.banki.ru/products/credits/credit/201114/,22.9,33.0,,500000,10000000,,183,3650,6m,10y,,ae6b50008e0ffae7f3400bc98255d2c813153750472fedadbd09eb0527e71958,True,2026-08-24 13:50:38,,"22,9–33%",,,500 000–10 000 000 ₽,4,,,,,,,,
19315,57103,credit,Под залог недвижимости,Под залог недвижимости,https://www.banki.ru/products/credits/credit/571/,https://cdn.banki.ru/cdn/bank/36119_mobile_logo_url.png,25.06.2026 15:01,36119.0,361191.0,bank,Ак Барс Банк,https://cdn.banki.ru/cdn/bank/36119_mobile_logo_url.png,2590,www.akbars.ru,8 800 200-53-03,"420066, г. Казань, ул. Декабристов, д. 1",akbars,RUB,https://www.banki.ru/products/credits/credit/571/,22.0,24.0,,500000,20000000,,1095,5475,3y,15y,,469ef1fe3937afe9fd1608778ace65a6ef38c38eb9aacf70afbafae12a3db668,True,2026-08-24 13:50:38,,22–24%,,,500 000–20 000 000 ₽,4,,,,,,,,
20031,21117903,credit,Наличными с оформлением на Банки.ру,Наличными с оформлением на Банки.ру,https://www.banki.ru/products/credits/credit/211179/,https://cdn.banki.ru/cdn/bank/16196_mobile_logo_url.png,02.07.2026 12:28,16196.0,161961.0,bank,ОТП Банк,https://cdn.banki.ru/cdn/bank/16196_mobile_logo_url.png,2766,www.otpbank.ru,+7 (495) 775-47-75,"125171, г. Москва, Ленинградское ш., д. 16а, стр. 2",otpbank,RUB,https://www.banki.ru/products/credits/credit/211179/,21.9,55.9,,15000,3000000,,365,2555,1y,7y,,c347a5e67a5fddc6bffbd7b11d2a74c7b8d84c95ce00412e4e58d2004e6ba18b,True,2026-08-24 13:50:38,,"21,9–55,9%",,,15 000–3 000 000 ₽,4,,,,,,,,
19754,20115003,credit,Под залог недвижимости,Под залог недвижимости,https://www.banki.ru/products/credits/credit/201150/,https://cdn.banki.ru/cdn/bank/9011_mobile_logo_url.png,24.06.2026 18:45,9011.0,90111.0,bank,Металлинвестбанк,https://cdn.banki.ru/cdn/bank/9011_mobile_logo_url.png,2440,www.metallinvestbank.ru,8 800 250-97-97,"119180, г. Москва, ул. Большая Полянка, д. 47, стр. 2",metallinvestbank,RUB,https://www.banki.ru/products/credits/credit/201150/,20.5,21.5,,500000,15000000,,365,10950,1y,30y,,b4aa35112af30863631cd1c181728f0598d5580bafb34e7c796c4879e6e0d8ae,True,2026-08-24 13:50:38,,"20,5–21,5%",,,500 000–15 000 000 ₽,4,,,,,,,,
16972,422103,credit,Экспресс,Экспресс,https://www.banki.ru/products/credits/credit/4221/,https://cdn.banki.ru/cdn/bank/863_mobile_logo_url.png,25.06.2026 11:42,863.0,8631.0,bank,Банк ЗЕНИТ,https://cdn.banki.ru/cdn/bank/863_mobile_logo_url.png,3255,www.zenit.ru,8 800 500-66-77,"117638, г. Москва, Одесская ул., д. 2",zenit,RUB,https://www.banki.ru/products/credits/credit/4221/,16.5,45.9,,50000,300000,,397,1825,13m,5y,,7cc8bc69bb36e194f3eef17d4a034c86d9a9b6f86ea8e4fc34bdeff8bf54ac0a,True,2026-08-24 13:50:38,,"16,5–45,9%",,,50 000–300 000 ₽,4,,,,,,,,
17162,505503,credit,Под залог авто,Под залог авто,https://www.banki.ru/products/credits/credit/5055/,https://cdn.banki.ru/cdn/bank/863_mobile_logo_url.png,25.06.2026 11:42,863.0,8631.0,bank,Банк ЗЕНИТ,https://cdn.banki.ru/cdn/bank/863_mobile_logo_url.png,3255,www.zenit.ru,8 800 500-66-77,"117638, г. Москва, Одесская ул., д. 2",zenit,RUB,https://www.banki.ru/products/credits/credit/5055/,22.5,33.5,,300000,5000000,,730,2555,2y,7y,,cdc6837e325bbc37789804425521f5c4344ae07882ed1064b8ee5cf66e7e8f5a,True,2026-08-24 13:50:38,,"22,5–33,5%",,,300 000–5 000 000 ₽,4,,,,,,,,
18178,20112503,credit,Наличными (без визита в банк),Наличными (без визита в банк),https://www.banki.ru/products/credits/credit/201125/,https://cdn.banki.ru/cdn/bank/9183_mobile_logo_url.png,02.07.2026 12:17,9183.0,91831.0,bank,Локо-Банк,https://cdn.banki.ru/cdn/bank/9183_mobile_logo_url.png,2707,www.lockobank.ru,8 800 250-50-50,"125167, г. Москва, Ленинградский просп., д. 39, стр. 80",locko-bank,RUB,https://www.banki.ru/products/credits/credit/201125/,16.0,54.0,,50000,5000000,,365,2555,1y,7y,,c1294a9d1a53bc434293c1c9f9b8a12fba7176f9c0b4562817a189b6b4b448f5,True,2026-08-24 13:50:38,,16–54%,,,50 000–5 000 000 ₽,4,,,,,,,,
16876,348603,credit,Наличными,Наличными,https://www.banki.ru/products/credits/credit/3486/,https://cdn.banki.ru/cdn/bank/9183_mobile_logo_url.png,02.07.2026 12:19,9183.0,91831.0,bank,Локо-Банк,https://cdn.banki.ru/cdn/bank/9183_mobile_logo_url.png,2707,www.lockobank.ru,8 800 250-50-50,"125167, г. Москва, Ленинградский просп., д. 39, стр. 80",locko-bank,RUB,https://www.banki.ru/products/credits/credit/3486/,16.0,54.0,,50000,5000000,,365,2555,1y,7y,,304340316fb6ca8ffcb1e069ad6b0dc02f441d32ab1b3d9e7bd8b1d7fb86ac30,True,2026-08-24 13:50:38,,16–54%,,,50 000–5 000 000 ₽,4,,,,,,,,
17201,511903,credit,Акционный (с обеспечением),Акционный (с обеспечением),https://www.banki.ru/products/credits/credit/5119/,https://cdn.banki.ru/cdn/bank/191203_mobile_logo_url.png,26.06.2026 16:25,191203.0,1912031.0,bank,Примсоцбанк,https://cdn.banki.ru/cdn/bank/191203_mobile_logo_url.png,2733,www.pskb.com,8 800 350-42-02,"690106, Приморский край, г. Владивосток, Партизанский пр-т, д. 44",primsotsbank,RUB,https://www.banki.ru/products/credits/credit/5119/,20.4,30.4,,100000,5000000,,1460,1825,4y,5y,,cd8f47aabf12d1d7fa1c88fef634621cff48c82f808fbf7a653bb8a2c1992a5d,True,2026-08-24 13:50:38,,"20,4–30,4%",,,100 000–5 000 000 ₽,4,,,,,,,,
19861,21115803,credit,Рациональный (с обеспечением),Рациональный (с обеспечением),https://www.banki.ru/products/credits/credit/211158/,https://cdn.banki.ru/cdn/bank/191203_mobile_logo_url.png,26.06.2026 16:51,191203.0,1912031.0,bank,Примсоцбанк,https://cdn.banki.ru/cdn/bank/191203_mobile_logo_url.png,2733,www.pskb.com,8 800 350-42-02,"690106, Приморский край, г. Владивосток, Партизанский пр-т, д. 44",primsotsbank,RUB,https://www.banki.ru/products/credits/credit/211158/,20.4,30.4,,100000,5000000,,730,1825,2y,5y,,8aa715f18595b2d7c6061c0f6ca87afb2ad6c46df6ba583b5e57b789f533edc3,True,2026-08-24 13:50:38,,"20,4–30,4%",,,100 000–5 000 000 ₽,4,,,,,,,,
19860,21115703,credit,Рациональный,Рациональный,https://www.banki.ru/products/credits/credit/211157/,https://cdn.banki.ru/cdn/bank/191203_mobile_logo_url.png,26.06.2026 16:46,191203.0,1912031.0,bank,Примсоцбанк,https://cdn.banki.ru/cdn/bank/191203_mobile_logo_url.png,2733,www.pskb.com,8 800 350-42-02,"690106, Приморский край, г. Владивосток, Партизанский пр-т, д. 44",primsotsbank,RUB,https://www.banki.ru/products/credits/credit/211157/,20.4,30.4,,100000,2000000,,730,1825,2y,5y,,1e43bcd68ed58cfcf38f39361e294fa86aa93c3a006bdb9cccbdf842037b57c0,True,2026-08-24 13:50:38,,"20,4–30,4%",,,100 000–2 000 000 ₽,4,,,,,,,,
19419,505103,credit,Под залог недвижимости,Под залог недвижимости,https://www.banki.ru/products/credits/credit/5051/,https://cdn.banki.ru/cdn/bank/191203_mobile_logo_url.png,26.06.2026 17:38,191203.0,1912031.0,bank,Примсоцбанк,https://cdn.banki.ru/cdn/bank/191203_mobile_logo_url.png,2733,www.pskb.com,8 800 350-42-02,"690106, Приморский край, г. Владивосток, Партизанский пр-т, д. 44",primsotsbank,RUB,https://www.banki.ru/products/credits/credit/5051/,20.6,21.6,,500000,50000000,,365,9125,1y,25y,,21652406bbb6b03a0bc457c9b915570c309c462ca4da873afcae9456d7758d21,True,2026-08-24 13:50:38,,"20,6–21,6%",,,500 000–50 000 000 ₽,4,,,,,,,,
17039,460003,credit,Для пенсионеров (с обеспечением),Для пенсионеров (с обеспечением),https://www.banki.ru/products/credits/credit/4600/,https://cdn.banki.ru/cdn/bank/191203_mobile_logo_url.png,26.06.2026 16:53,191203.0,1912031.0,bank,Примсоцбанк,https://cdn.banki.ru/cdn/bank/191203_mobile_logo_url.png,2733,www.pskb.com,8 800 350-42-02,"690106, Приморский край, г. Владивосток, Партизанский пр-т, д. 44",primsotsbank,RUB,https://www.banki.ru/products/credits/credit/4600/,24.4,24.4,,30000,7000000,,183,1825,6m,5y,,b8e53516cd9f327a635a94368da1d7ed4ee41718cfb4823a9dd996184e92a4b3,True,2026-08-24 13:50:38,,"24,4%",,,30 000–7 000 000 ₽,4,,,,,,,,
17038,459903,credit,Для пенсионеров,Для пенсионеров,https://www.banki.ru/products/credits/credit/4599/,https://cdn.banki.ru/cdn/bank/191203_mobile_logo_url.png,26.06.2026 16:52,191203.0,1912031.0,bank,Примсоцбанк,https://cdn.banki.ru/cdn/bank/191203_mobile_logo_url.png,2733,www.pskb.com,8 800 350-42-02,"690106, Приморский край, г. Владивосток, Партизанский пр-т, д. 44",primsotsbank,RUB,https://www.banki.ru/products/credits/credit/4599/,24.4,24.4,,30000,2000000,,183,1825,6m,5y,,9d1f1c42a995e6b2f3da7152c0c0cc18a9172c5694cf27c78834e14168674ef7,True,2026-08-24 13:50:38,,"24,4%",,,30 000–2 000 000 ₽,4,,,,,,,,
19866,21116003,credit,Базовый (с обеспечением) ,Базовый (с обеспечением) ,https://www.banki.ru/products/credits/credit/211160/,https://cdn.banki.ru/cdn/bank/191203_mobile_logo_url.png,26.06.2026 17:27,191203.0,1912031.0,bank,Примсоцбанк,https://cdn.banki.ru/cdn/bank/191203_mobile_logo_url.png,2733,www.pskb.com,8 800 350-42-02,"690106, Приморский край, г. Владивосток, Партизанский пр-т, д. 44",primsotsbank,RUB,https://www.banki.ru/products/credits/credit/211160/,28.0,28.0,,100000,7000000,,1460,1825,4y,5y,,1806edde4e75c5c4defdf273b90fc141e2357f7c46bb58e4a9bcb48f444489c9,True,2026-08-24 13:50:38,,28%,,,100 000–7 000 000 ₽,4,,,,,,,,
19864,21115903,credit,Базовый,Базовый,https://www.banki.ru/products/credits/credit/211159/,https://cdn.banki.ru/cdn/bank/191203_mobile_logo_url.png,26.06.2026 17:27,191203.0,1912031.0,bank,Примсоцбанк,https://cdn.banki.ru/cdn/bank/191203_mobile_logo_url.png,2733,www.pskb.com,8 800 350-42-02,"690106, Приморский край, г. Владивосток, Партизанский пр-т, д. 44",primsotsbank,RUB,https://www.banki.ru/products/credits/credit/211159/,28.0,28.0,,100000,2000000,,1460,1825,4y,5y,,872692eec2394b60ef1404135950473869f565b81a949ed3f7cc9878268f5f89,True,2026-08-24 13:50:38,,28%,,,100 000–2 000 000 ₽,4,,,,,,,,
16750,51703,credit,Оптимальный (с обеспечением),Оптимальный (с обеспечением),https://www.banki.ru/products/credits/credit/517/,https://cdn.banki.ru/cdn/bank/191203_mobile_logo_url.png,26.06.2026 16:09,191203.0,1912031.0,bank,Примсоцбанк,https://cdn.banki.ru/cdn/bank/191203_mobile_logo_url.png,2733,www.pskb.com,8 800 350-42-02,"690106, Приморский край, г. Владивосток, Партизанский пр-т, д. 44",primsotsbank,RUB,https://www.banki.ru/products/credits/credit/517/,29.9,29.9,,30000,7000000,,397,1825,13m,5y,,b256ffdeff193c7c4541ea6ac16475b67f4a513cd18147ef371f56a137576aa3,True,2026-08-24 13:50:38,,"29,9%",,,30 000–7 000 000 ₽,4,,,,,,,,
16749,51603,credit,Оптимальный,Оптимальный,https://www.banki.ru/products/credits/credit/516/,https://cdn.banki.ru/cdn/bank/191203_mobile_logo_url.png,26.06.2026 16:09,191203.0,1912031.0,bank,Примсоцбанк,https://cdn.banki.ru/cdn/bank/191203_mobile_logo_url.png,2733,www.pskb.com,8 800 350-42-02,"690106, Приморский край, г. Владивосток, Партизанский пр-т, д. 44",primsotsbank,RUB,https://www.banki.ru/products/credits/credit/516/,29.9,29.9,,30000,2000000,,397,1825,13m,5y,,4fc408f72d27fca8089f3c58a11d38305e502fbd64103678fdc382ae2becb9a9,True,2026-08-24 13:50:38,,"29,9%",,,30 000–2 000 000 ₽,4,,,,,,,,
17082,477703,credit,Экспресс–кредит,Экспресс–кредит,https://www.banki.ru/products/credits/credit/4777/,https://cdn.banki.ru/cdn/bank/191203_mobile_logo_url.png,26.06.2026 16:51,191203.0,1912031.0,bank,Примсоцбанк,https://cdn.banki.ru/cdn/bank/191203_mobile_logo_url.png,2733,www.pskb.com,8 800 350-42-02,"690106, Приморский край, г. Владивосток, Партизанский пр-т, д. 44",primsotsbank,RUB,https://www.banki.ru/products/credits/credit/4777/,34.0,34.0,,10000,100000,,30,730,1m,2y,,9faa1cabb4948e92af3d77f59264fdfe552693f9d51d784cb82ca75feb86c0ce,True,2026-08-24 13:50:38,,34%,,,10 000–100 000 ₽,4,,,,,,,,
17659,20106203,credit,На любые цели,На любые цели,https://www.banki.ru/products/credits/credit/201062/,https://cdn.banki.ru/cdn/bank/619_mobile_logo_url.png,29.06.2026 14:44,619.0,6191.0,bank,Банк Жилищного Финансирования,https://cdn.banki.ru/cdn/bank/619_mobile_logo_url.png,3138,www.bgfbank.ru,8 800 555-00-26,"121357, г. Москва, ул. Верейская, д. 29, стр. 134",bgfbank,RUB,https://www.banki.ru/products/credits/credit/201062/,38.0,38.0,,100000,6000000,,365,1825,1y,5y,,ed68f9b44e9a608dfbe03f5f1d582b81c0bdd074480a712e8deb32a330d75171,True,2026-08-24 13:50:38,,38%,,,100 000–6 000 000 ₽,4,,,,,,,,
20014,20115903,credit,Под 16% годовых,Под 16% годовых,https://www.banki.ru/products/credits/credit/201159/,https://cdn.banki.ru/cdn/bank/196704_mobile_logo_url.png,25.06.2026 14:55,196704.0,1967041.0,bank,Банк НООСФЕРА,https://cdn.banki.ru/cdn/bank/196704_mobile_logo_url.png,2650,www.noosferabank.ru,8 800 533-36-03,"141109, Московская обл., г. Щелково, ул. Талсинская, д. 59, стр. 3а",noosfera,RUB,https://www.banki.ru/products/credits/credit/201159/,16.0,16.0,,100000,500000,,31,5475,1m,15y,,322f40ca5d45936b14748a1a1ce91d555d068c07f916c31600f16d3401c11eb2,True,2026-08-24 13:50:38,,16%,,,100 000–500 000 ₽,4,,,,,,,,
20016,20116003,credit,VIP залог,VIP залог,https://www.banki.ru/products/credits/credit/201160/,https://cdn.banki.ru/cdn/bank/196704_mobile_logo_url.png,25.06.2026 14:59,196704.0,1967041.0,bank,Банк НООСФЕРА,https://cdn.banki.ru/cdn/bank/196704_mobile_logo_url.png,2650,www.noosferabank.ru,8 800 533-36-03,"141109, Московская обл., г. Щелково, ул. Талсинская, д. 59, стр. 3а",noosfera,RUB,https://www.banki.ru/products/credits/credit/201160/,24.99,42.0,,15000000,100000000,,30,7300,1m,20y,,259ae308b75d46937fd46da859184df28100b297054933af59a7124a4f8f2ea9,True,2026-08-24 13:50:38,,"24,99–42%",,,15 000 000–100 000 000 ₽,4,,,,,,,,
17770,20109003,credit,На любые цели,На любые цели,https://www.banki.ru/products/credits/credit/201090/,https://cdn.banki.ru/cdn/bank/187472_mobile_logo_url.png,25.06.2026 18:53,187472.0,1874721.0,bank,Яндекс Банк,https://cdn.banki.ru/cdn/bank/187472_mobile_logo_url.png,3027,bank.yandex.ru,+7 (495) 787-37-96,"115035, г. Москва, ул. Садовническая, д. 82 стр. 2",yandexbank,RUB,https://www.banki.ru/products/credits/credit/201090/,1.0,100.0,,30000,1000000,,92,1825,3m,5y,,847990cb22bb15b5466bb2f144463275618ee25a9e95b49ed36e0845ad23a899,True,2026-08-24 13:50:38,,1–100%,,,30 000–1 000 000 ₽,4,,,,,,,,
16909,376103,credit,На всё про всё,На всё про всё,https://www.banki.ru/products/credits/credit/3761/,https://cdn.banki.ru/cdn/bank/193300_mobile_logo_url.png,26.06.2026 12:40,193300.0,1933001.0,bank,Газэнергобанк,https://cdn.banki.ru/cdn/bank/193300_mobile_logo_url.png,3252,www.gebank.ru,8 800 700-3000,"248030, г. Калуга, ул. Плеханова, д. 4",gazenergobank,RUB,https://www.banki.ru/products/credits/credit/3761/,2.0,25.4,,15000,1300000,,31,1825,1m,5y,,1901246b3e2763d8438aa9e59bfa1f9d41d1500e7fea0edc334d2079f1cdf309,True,2026-08-24 13:50:38,,"2–25,4%",,,15 000–1 300 000 ₽,4,,,,,,,,
17353,20075403,credit,Образовательный,Образовательный,https://www.banki.ru/products/credits/credit/200754/,https://cdn.banki.ru/cdn/bank/101146_mobile_logo_url.png,29.06.2026 14:35,101146.0,1011461.0,bank,Алмазэргиэнбанк,https://cdn.banki.ru/cdn/bank/101146_mobile_logo_url.png,2602,www.albank.ru,8 800 100-34-22,"677000, г. Якутск, просп. Ленина, д. 1",almazergienbank,RUB,https://www.banki.ru/products/credits/credit/200754/,3.0,3.0,,20000,5000000,,3681,9125,1m10y,25y,,8d143ce557c50eca5c931c0dba4741c133e5d44ba25afd40f771b1f0f69d761a,True,2026-08-24 13:50:38,,3%,,,20 000–5 000 000 ₽,4,,,,,,,,
17350,20075103,credit,На любые цели,На любые цели,https://www.banki.ru/products/credits/credit/200751/,https://cdn.banki.ru/cdn/bank/101146_mobile_logo_url.png,29.06.2026 14:37,101146.0,1011461.0,bank,Алмазэргиэнбанк,https://cdn.banki.ru/cdn/bank/101146_mobile_logo_url.png,2602,www.albank.ru,8 800 100-34-22,"677000, г. Якутск, просп. Ленина, д. 1",almazergienbank,RUB,https://www.banki.ru/products/credits/credit/200751/,27.0,39.0,,20000,3000000,,92,1825,1y,5y,,6f3b3c0f10f5e59d35beb1a89ff53e5e500d226b94637a610b147fbbb25f4605,True,2026-08-24 13:50:38,,27–39%,,,20 000–3 000 000 ₽,4,,,,,,,,
20297,20116103,credit,Наличными,Наличными,https://www.banki.ru/products/credits/credit/201161/,https://cdn.banki.ru/cdn/bank/196721_mobile_logo_url.png,25.06.2026 18:28,196721.0,1967211.0,bank,Агророс Банк,https://cdn.banki.ru/cdn/bank/196721_mobile_logo_url.png,2860,www.agroros.ru,8 800 222-44-19 ,"410017, г. Саратов, ул. Чернышевского, д. 90",agroros,RUB,https://www.banki.ru/products/credits/credit/201161/,20.5,25.0,,1000000,50000000,,30,3650,1m,10y,,12de5637b42e07282387f7f30c60125cc08394fee4ebeba5d21fc1041664bad1,True,2026-08-24 13:50:38,,"20,5–25%",,,1 000 000–50 000 000 ₽,4,,,,,,,,
17092,482803,credit,Легкий,Легкий,https://www.banki.ru/products/credits/credit/4828/,https://cdn.banki.ru/cdn/bank/188785_mobile_logo_url.png,25.06.2026 18:54,188785.0,1887851.0,bank,Газтрансбанк,https://cdn.banki.ru/cdn/bank/188785_mobile_logo_url.png,665,www.gaztransbank.ru,+7 (861) 279-03-05,"350015, Краснодарский край, г. Краснодар, ул. Северная, д. 321",gaztransbank,RUB,https://www.banki.ru/products/credits/credit/4828/,21.5,27.5,,50000,1000000,,365,1825,3y,5y,,c84f7d692b3328745a9a676887da0c39f1cb0a6e0d29ac9a5624614075181087,True,2026-08-24 13:50:38,,"21,5–27,5%",,,50 000–1 000 000 ₽,4,,,,,,,,
18977,20113903,credit,Газификация,Газификация,https://www.banki.ru/products/credits/credit/201139/,https://cdn.banki.ru/cdn/bank/188785_mobile_logo_url.png,25.06.2026 18:54,188785.0,1887851.0,bank,Газтрансбанк,https://cdn.banki.ru/cdn/bank/188785_mobile_logo_url.png,665,www.gaztransbank.ru,+7 (861) 279-03-05,"350015, Краснодарский край, г. Краснодар, ул. Северная, д. 321",gaztransbank,RUB,https://www.banki.ru/products/credits/credit/201139/,24.5,29.0,,20000,300000,,365,1825,3y,5y,,bb9e7711b2c805eef3e6be98dc13914e29b00408b4cdbe86a0e51f55a45e47a7,True,2026-08-24 13:50:38,,"24,5–29%",,,20 000–300 000 ₽,4,,,,,,,,
19305,20103703,credit,Залоговый,Залоговый,https://www.banki.ru/products/credits/credit/201037/,https://cdn.banki.ru/cdn/bank/188785_mobile_logo_url.png,26.06.2026 15:24,188785.0,1887851.0,bank,Газтрансбанк,https://cdn.banki.ru/cdn/bank/188785_mobile_logo_url.png,665,www.gaztransbank.ru,+7 (861) 279-03-05,"350015, Краснодарский край, г. Краснодар, ул. Северная, д. 321",gaztransbank,RUB,https://www.banki.ru/products/credits/credit/201037/,20.0,25.0,,500000,15000000,,365,2555,3y,7y,,e52d1a8f615d7e558af240f4248ebf0124ad7d09054da25cd04439c4f80787fb,True,2026-08-24 13:50:38,,20–25%,,,500 000–15 000 000 ₽,4,,,,,,,,
17339,20074003,credit,Для сотрудников других банков,Для сотрудников других банков,https://www.banki.ru/products/credits/credit/200740/,https://cdn.banki.ru/cdn/bank/189187_mobile_logo_url.png,29.06.2026 18:09,189187.0,1891871.0,bank,Солид Банк,https://cdn.banki.ru/cdn/bank/189187_mobile_logo_url.png,1329,www.solidbank.ru,8 800 775-56-06,"690091, г. Владивосток, ул. Алеутская, д. 33",solid-bank,RUB,https://www.banki.ru/products/credits/credit/200740/,26.5,37.0,,50000,1000000,,365,1825,1y,5y,,f853255b3f9e7cfbbff346a849c4bd806e43c9460e82e09e1333e120cc4de114,True,2026-08-24 13:50:38,,"26,5–37%",,,50 000–1 000 000 ₽,4,,,,,,,,
17340,20074103,credit,Для сотрудников других банков (с обеспечением),Для сотрудников других банков (с обеспечением),https://www.banki.ru/products/credits/credit/200741/,https://cdn.banki.ru/cdn/bank/189187_mobile_logo_url.png,29.06.2026 18:39,189187.0,1891871.0,bank,Солид Банк,https://cdn.banki.ru/cdn/bank/189187_mobile_logo_url.png,1329,www.solidbank.ru,8 800 775-56-06,"690091, г. Владивосток, ул. Алеутская, д. 33",solid-bank,RUB,https://www.banki.ru/products/credits/credit/200741/,26.5,35.0,,3000001,5000000,,365,2555,1y,7y,,a2ebf250f4d02d2e2baf7512ad6eb421f62d4608aa66cf6573d6a5b0e04ab278,True,2026-08-24 13:50:38,,"26,5–35%",,,3 000 001–5 000 000 ₽,4,,,,,,,,
17052,464703,credit,Стандартный (под поручительство),Стандартный (под поручительство),https://www.banki.ru/products/credits/credit/4647/,https://cdn.banki.ru/cdn/bank/189266_mobile_logo_url.png,24.06.2026 18:52,189266.0,1892661.0,bank,ИК Банк,https://cdn.banki.ru/cdn/bank/189266_mobile_logo_url.png,1732,www.icbru.ru,+7 (843) 238-03-39,"420043, г. Казань, ул. Вишневского, д. 24",tatinvestbank,RUB,https://www.banki.ru/products/credits/credit/4647/,23.0,23.0,,100000,1000000,,397,1095,13m,3y,,e4f921470d4602cffb525850c851dc5da34c015ba187617f84388deec2eda48e,True,2026-08-24 13:50:38,,23%,,,100 000–1 000 000 ₽,4,,,,,,,,
17138,500003,credit,Стандартный,Стандартный,https://www.banki.ru/products/credits/credit/5000/,https://cdn.banki.ru/cdn/bank/189266_mobile_logo_url.png,24.06.2026 18:51,189266.0,1892661.0,bank,ИК Банк,https://cdn.banki.ru/cdn/bank/189266_mobile_logo_url.png,1732,www.icbru.ru,+7 (843) 238-03-39,"420043, г. Казань, ул. Вишневского, д. 24",tatinvestbank,RUB,https://www.banki.ru/products/credits/credit/5000/,24.0,24.0,,100000,500000,,397,1095,13m,3y,,40bb5ff727dba24ad19378e2b8521fd4e9eca8f6675e07c7ba4708ce4a915236,True,2026-08-24 13:50:38,,24%,,,100 000–500 000 ₽,4,,,,,,,,
19420,505303,credit,Дом мечты,Дом мечты,https://www.banki.ru/products/credits/credit/5053/,,25.06.2026 17:58,189909.0,1899091.0,bank,ТАТСОЦБАНК,,480,www.tatsotsbank.ru,8 800 350-51-51,"420111, г. Казань, ул. Чернышевского, д. 18/23",tatsotsbank,RUB,https://www.banki.ru/products/credits/credit/5053/,17.5,21.0,,300000,100000000,,365,10950,1y,30y,,b773b05dba7dc273c6919bdd0952b59def80dae2620ffe1ac8825bda0e1a5e73,True,2026-08-24 13:50:38,,"17,5–21%",,,300 000–100 000 000 ₽,4,,,,,,,,
19408,500603,credit,Под залог недвижимости,Под залог недвижимости,https://www.banki.ru/products/credits/credit/5006/,,25.06.2026 17:59,189909.0,1899091.0,bank,ТАТСОЦБАНК,,480,www.tatsotsbank.ru,8 800 350-51-51,"420111, г. Казань, ул. Чернышевского, д. 18/23",tatsotsbank,RUB,https://www.banki.ru/products/credits/credit/5006/,20.5,23.5,,200000,100000000,,365,5475,1y,15y,,437dd1d4be2c581e5a390599197c05a01e5fc53bdd837e9434351eb33df1987c,True,2026-08-24 13:50:38,,"20,5–23,5%",,,200 000–100 000 000 ₽,4,,,,,,,,
17116,495203,credit,Под залог транспортного средства,Под залог транспортного средства,https://www.banki.ru/products/credits/credit/4952/,,25.06.2026 17:56,189909.0,1899091.0,bank,ТАТСОЦБАНК,,480,www.tatsotsbank.ru,8 800 350-51-51,"420111, г. Казань, ул. Чернышевского, д. 18/23",tatsotsbank,RUB,https://www.banki.ru/products/credits/credit/4952/,20.5,23.5,,200000,100000000,,365,5475,1y,15y,,0c8b72d684cbcd07998b9705d03ac9bc358f4f97cb0624be9d9c0d2727c420fe,True,2026-08-24 13:50:38,,"20,5–23,5%",,,200 000–100 000 000 ₽,4,,,,,,,,
19358,383503,credit,Залоговый,Залоговый,https://www.banki.ru/products/credits/credit/3835/,https://cdn.banki.ru/cdn/bank/189923_mobile_logo_url.png,25.06.2026 15:01,189923.0,1899231.0,bank,Живаго банк,https://cdn.banki.ru/cdn/bank/189923_mobile_logo_url.png,2065,www.zhivagobank.ru,8 800 100-64-44,"390000, г. Рязань, ул. Почтовая, д. 64",zhivago-bank,RUB,https://www.banki.ru/products/credits/credit/3835/,29.0,31.0,,500000,100000000,,365,1825,1y,5y,,23d58132ea70e37c1035020d9d341263d7f2c0df987f47512a9dbf61b5e67f71,True,2026-08-24 13:50:38,,29–31%,,,500 000–100 000 000 ₽,4,,,,,,,,
16857,334203,credit,КУБ-Помощь,КУБ-Помощь,https://www.banki.ru/products/credits/credit/3342/,https://cdn.banki.ru/cdn/bank/191036_mobile_logo_url.png,26.06.2026 13:03,191036.0,1910361.0,bank,Кредит Урал Банк,https://cdn.banki.ru/cdn/bank/191036_mobile_logo_url.png,2584,www.creditural.ru,+7 (3519) 24-89-33,"455044, Челябинская обл., г. Магнитогорск, ул. Гагарина, д. 17",credituralbank,RUB,https://www.banki.ru/products/credits/credit/3342/,26.65,29.15,,30000,5000000,,397,1825,13m,5y,,5222b59607d3678afa2c056f33b978d215e23f6ed04c76ed1c4f041b3c27a6e2,True,2026-08-24 13:50:38,,"26,65–29,15%",,,30 000–5 000 000 ₽,4,,,,,,,,
16858,334403,credit,КУБ-Пенсионный,КУБ-Пенсионный,https://www.banki.ru/products/credits/credit/3344/,https://cdn.banki.ru/cdn/bank/191036_mobile_logo_url.png,26.06.2026 13:00,191036.0,1910361.0,bank,Кредит Урал Банк,https://cdn.banki.ru/cdn/bank/191036_mobile_logo_url.png,2584,www.creditural.ru,+7 (3519) 24-89-33,"455044, Челябинская обл., г. Магнитогорск, ул. Гагарина, д. 17",credituralbank,RUB,https://www.banki.ru/products/credits/credit/3344/,27.2,28.95,,10000,1000000,,396,2555,13m,7y,,448bc9357dfa2c4d9a9fcd275ab7f67d347f83b7864fcf9a730bd4aab5059ac5,True,2026-08-24 13:50:38,,"27,2–28,95%",,,10 000–1 000 000 ₽,4,,,,,,,,
16856,333203,credit,КУБ-Комфорт,КУБ-Комфорт,https://www.banki.ru/products/credits/credit/3332/,https://cdn.banki.ru/cdn/bank/191036_mobile_logo_url.png,26.06.2026 13:00,191036.0,1910361.0,bank,Кредит Урал Банк,https://cdn.banki.ru/cdn/bank/191036_mobile_logo_url.png,2584,www.creditural.ru,+7 (3519) 24-89-33,"455044, Челябинская обл., г. Магнитогорск, ул. Гагарина, д. 17",credituralbank,RUB,https://www.banki.ru/products/credits/credit/3332/,26.0,31.45,,30000,5000000,,396,1825,13m,5y,,26d2d14752270181b2ef8f9325a1ca13b5f1d57423922209f2211e11eef386bb,True,2026-08-24 13:50:38,,"26–31,45%",,,30 000–5 000 000 ₽,4,,,,,,,,
19416,503503,credit,Под залог недвижимости,Под залог недвижимости,https://www.banki.ru/products/credits/credit/5035/,https://cdn.banki.ru/cdn/bank/191036_mobile_logo_url.png,26.06.2026 13:13,191036.0,1910361.0,bank,Кредит Урал Банк,https://cdn.banki.ru/cdn/bank/191036_mobile_logo_url.png,2584,www.creditural.ru,+7 (3519) 24-89-33,"455044, Челябинская обл., г. Магнитогорск, ул. Гагарина, д. 17",credituralbank,RUB,https://www.banki.ru/products/credits/credit/5035/,21.6,23.6,,500000,15000000,,2555,7300,7y,20y,,8402fcfcc149d64748a29e273430504a30c90fb576e315faf4829c42ebf1c7e5,True,2026-08-24 13:50:38,,"21,6–23,6%",,,500 000–15 000 000 ₽,4,,,,,,,,
17646,20104903,credit,КУБ-Комфорт (под залог автомобиля),КУБ-Комфорт (под залог автомобиля),https://www.banki.ru/products/credits/credit/201049/,https://cdn.banki.ru/cdn/bank/191036_mobile_logo_url.png,26.06.2026 13:00,191036.0,1910361.0,bank,Кредит Урал Банк,https://cdn.banki.ru/cdn/bank/191036_mobile_logo_url.png,2584,www.creditural.ru,+7 (3519) 24-89-33,"455044, Челябинская обл., г. Магнитогорск, ул. Гагарина, д. 17",credituralbank,RUB,https://www.banki.ru/products/credits/credit/201049/,25.5,30.95,,30000,5000000,,396,2555,13m,7y,,3c9f0cd9868259c613863fb9e2d4b0509d13b7f779fb9d9994a53cd2e9c4d71f,True,2026-08-24 13:50:38,,"25,5–30,95%",,,30 000–5 000 000 ₽,4,,,,,,,,
17045,461803,credit,Наличными,Наличными,https://www.banki.ru/products/credits/credit/4618/,https://cdn.banki.ru/cdn/bank/191082_mobile_logo_url.png,26.06.2026 15:02,191082.0,1910821.0,bank,Банк «Приморье»,https://cdn.banki.ru/cdn/bank/191082_mobile_logo_url.png,3001,www.primbank.ru,8 800 200-20-86,"690091, Приморский край, г. Владивосток, ул. Светланская, д. 47",primorye,RUB,https://www.banki.ru/products/credits/credit/4618/,29.0,32.5,,300000,2000000,,396,1825,13m,5y,,2c6090b634fd525a63d8c45c6e12786839094ced0ba7f54073b67e347cebe3c9,True,2026-08-24 13:50:38,,"29–32,5%",,,300 000–2 000 000 ₽,4,,,,,,,,
19430,514003,credit,Под залог недвижимости,Под залог недвижимости,https://www.banki.ru/products/credits/credit/5140/,https://cdn.banki.ru/cdn/bank/191082_mobile_logo_url.png,26.06.2026 15:03,191082.0,1910821.0,bank,Банк «Приморье»,https://cdn.banki.ru/cdn/bank/191082_mobile_logo_url.png,3001,www.primbank.ru,8 800 200-20-86,"690091, Приморский край, г. Владивосток, ул. Светланская, д. 47",primorye,RUB,https://www.banki.ru/products/credits/credit/5140/,24.0,27.5,,500000,30000000,,397,5475,13m,15y,,036fccd0517de03c438c81d1b4994d264a52c7379566f5ca16da1948d552fc26,True,2026-08-24 13:50:38,,"24–27,5%",,,500 000–30 000 000 ₽,4,,,,,,,,
17216,514103,credit,Под залог авто,Под залог авто,https://www.banki.ru/products/credits/credit/5141/,https://cdn.banki.ru/cdn/bank/191082_mobile_logo_url.png,26.06.2026 14:58,191082.0,1910821.0,bank,Банк «Приморье»,https://cdn.banki.ru/cdn/bank/191082_mobile_logo_url.png,3001,www.primbank.ru,8 800 200-20-86,"690091, Приморский край, г. Владивосток, ул. Светланская, д. 47",primorye,RUB,https://www.banki.ru/products/credits/credit/5141/,24.5,28.0,,500000,7000000,,397,1825,13m,5y,,e397e242b8d2c21e9eb1e24ea089eb0052ff345b1a5930a74b789e4e90d8ba32,True,2026-08-24 13:50:38,,"24,5–28%",,,500 000–7 000 000 ₽,4,,,,,,,,
17036,459503,credit,На любые цели,На любые цели,https://www.banki.ru/products/credits/credit/4595/,https://cdn.banki.ru/cdn/bank/5348_mobile_logo_url.png,24.06.2026 18:21,5348.0,53481.0,bank,Инго Банк,https://cdn.banki.ru/cdn/bank/5348_mobile_logo_url.png,2307,www.ingobank.ru,8 800 100-33-22,"127030, г. Москва, ул. Сущевская, д. 27, стр. 1",ingobank,RUB,https://www.banki.ru/products/credits/credit/4595/,11.7,45.0,,50000,3000000,,365,2555,1y,7y,,c64eed7905c6c7e3f42639d5dc5b11f023a7d43c4ed67b647b21a627848ada1a,True,2026-08-24 13:50:38,,"11,7–45%",,,50 000–3 000 000 ₽,4,,,,,,,,
19813,20115303,credit,Под залог недвижимости,Под залог недвижимости,https://www.banki.ru/products/credits/credit/201153/,https://cdn.banki.ru/cdn/bank/5348_mobile_logo_url.png,24.06.2026 18:43,5348.0,53481.0,bank,Инго Банк,https://cdn.banki.ru/cdn/bank/5348_mobile_logo_url.png,2307,www.ingobank.ru,8 800 100-33-22,"127030, г. Москва, ул. Сущевская, д. 27, стр. 1",ingobank,RUB,https://www.banki.ru/products/credits/credit/201153/,23.5,25.0,,500000,7000000,,365,5475,1y,15y,,5c2a90aca75f8f56e77eee7193e779317bcbd2bf12d1a8b4deb0d6382b8425c8,True,2026-08-24 13:50:38,,"23,5–25%",,,500 000–7 000 000 ₽,4,,,,,,,,
17792,20109503,credit,На любые цели,На любые цели,https://www.banki.ru/products/credits/credit/201095/,,24.06.2026 18:55,195551.0,1955511.0,bank,БАНК КОСМОС,,2245,www.bcosm.ru,+7 (495) 792-88-92,"123317, г. Москва, Красногвардейский б-р, д. 7, стр. 1",cosmos,RUB,https://www.banki.ru/products/credits/credit/201095/,25.0,46.0,,30000,15000000,,31,1825,1m,5y,,21bd0230bff2640b30ccdbb0d511e3dbe1e2da207497c0d0ce02959b80948c5a,True,2026-08-24 13:50:38,,25–46%,,,30 000–15 000 000 ₽,4,,,,,,,,
16902,370903,credit,Газификация жилья,Газификация жилья,https://www.banki.ru/products/credits/credit/3709/,https://cdn.banki.ru/cdn/bank/191120_modern_logo_url.svg,26.06.2026 12:43,191120.0,1911201.0,bank,Банк «Левобережный»,https://cdn.banki.ru/cdn/bank/191120_modern_logo_url.svg,1343,www.nskbl.ru,8 800 333-35-55,"630102, г. Новосибирск, ул. Кирова, д. 48",levoberezhny,RUB,https://www.banki.ru/products/credits/credit/3709/,9.0,9.0,,5000,200000,,183,1825,6m,5y,,8b500ee3b9ca8b57b16caeba0a2c625598f80583ae500cc6efa5c8aa5cd5aa20,True,2026-08-24 13:50:38,,9%,,,5 000–200 000 ₽,4,,,,,,,,
16940,397503,credit,На любые цели Акционный,На любые цели Акционный,https://www.banki.ru/products/credits/credit/3975/,https://cdn.banki.ru/cdn/bank/191120_modern_logo_url.svg,26.06.2026 12:53,191120.0,1911201.0,bank,Банк «Левобережный»,https://cdn.banki.ru/cdn/bank/191120_modern_logo_url.svg,1343,www.nskbl.ru,8 800 333-35-55,"630102, г. Новосибирск, ул. Кирова, д. 48",levoberezhny,RUB,https://www.banki.ru/products/credits/credit/3975/,16.5,33.9,,5000,2000000,,183,1825,6m,5y,,e163a594819b25b76e202e6a95f1787984d095f5ad87ebe25ca79869e9832c09,True,2026-08-24 13:50:38,,"16,5–33,9%",,,5 000–2 000 000 ₽,4,,,,,,,,
19778,20115203,credit,Под залог недвижимости,Под залог недвижимости,https://www.banki.ru/products/credits/credit/201152/,https://cdn.banki.ru/cdn/bank/191120_modern_logo_url.svg,26.06.2026 12:56,191120.0,1911201.0,bank,Банк «Левобережный»,https://cdn.banki.ru/cdn/bank/191120_modern_logo_url.svg,1343,www.nskbl.ru,8 800 333-35-55,"630102, г. Новосибирск, ул. Кирова, д. 48",levoberezhny,RUB,https://www.banki.ru/products/credits/credit/201152/,19.0,23.0,,300000,20000000,,1095,9125,3y,25y,,00424b8b8ad8e29e3747149af0ae63ffb111aa123ef82cff7007674538369f4c,True,2026-08-24 13:50:38,,19–23%,,,300 000–20 000 000 ₽,4,,,,,,,,
17311,527303,credit,На любые цели — авто,На любые цели — авто,https://www.banki.ru/products/credits/credit/5273/,https://cdn.banki.ru/cdn/bank/191120_modern_logo_url.svg,26.06.2026 12:53,191120.0,1911201.0,bank,Банк «Левобережный»,https://cdn.banki.ru/cdn/bank/191120_modern_logo_url.svg,1343,www.nskbl.ru,8 800 333-35-55,"630102, г. Новосибирск, ул. Кирова, д. 48",levoberezhny,RUB,https://www.banki.ru/products/credits/credit/5273/,13.9,22.9,,5000,2000000,,183,2555,6m,7y,,09a9b0e7465d64af2064eeff2849ab7cb6f9421da34551ee18e42c8073d4d173,True,2026-08-24 13:50:38,,"13,9–22,9%",,,5 000–2 000 000 ₽,4,,,,,,,,
19499,20109703,credit,На любые цели,На любые цели,https://www.banki.ru/products/credits/credit/201097/,https://cdn.banki.ru/cdn/bank/194215_mobile_logo_url.png,25.06.2026 18:34,194215.0,1942151.0,bank,Тендербанк,https://cdn.banki.ru/cdn/bank/194215_mobile_logo_url.png,2252,www.tenderbank.ru,+7 (499) 947-00-77,"115280, г. Москва, ул. Ленинская Слобода, д. 19, стр. 1",tender-bank,RUB,https://www.banki.ru/products/credits/credit/201097/,12.0,35.0,,10000,150000000,,92,5475,3m,15y,,7a19b3c6ac0dd2a89acca3fb16524126fa771cc7104fc35f09e8e94dca93376e,True,2026-08-24 13:50:38,,12–35%,,,10 000–150 000 000 ₽,4,,,,,,,,
19318,96903,credit,На любые цели (под залог недвижимости),На любые цели (под залог недвижимости),https://www.banki.ru/products/credits/credit/969/,,25.06.2026 18:02,191189.0,1911891.0,bank,Прио-Внешторгбанк,,212,www.priovtb.com,+7 (4912) 20-00-03,"390023, г. Рязань, ул. Есенина, д. 82/26",priovtb,RUB,https://www.banki.ru/products/credits/credit/969/,21.7,22.9,,50000,100000000,,397,3650,13m,10y,,7463dd2630a80e81b2e889d5603b8e838be874e37879f7e64ca6298b5f6b3229,True,2026-08-24 13:50:38,,"21,7–22,9%",,,50 000–100 000 000 ₽,4,,,,,,,,
16915,379603,credit,На любые цели (под залог авто),На любые цели (под залог авто),https://www.banki.ru/products/credits/credit/3796/,,25.06.2026 18:01,191189.0,1911891.0,bank,Прио-Внешторгбанк,,212,www.priovtb.com,+7 (4912) 20-00-03,"390023, г. Рязань, ул. Есенина, д. 82/26",priovtb,RUB,https://www.banki.ru/products/credits/credit/3796/,21.9,25.7,,50000,100000000,,397,1825,13m,5y,,9fc37b3c65e69fac35c8767b742aac369059882925158d692431d063227b51c1,True,2026-08-24 13:50:38,,"21,9–25,7%",,,50 000–100 000 000 ₽,4,,,,,,,,
16953,405103,credit,Просто,Просто,https://www.banki.ru/products/credits/credit/4051/,https://cdn.banki.ru/cdn/bank/192866_mobile_logo_url.png,25.06.2026 18:11,192866.0,1928661.0,bank,Банк Акцепт,https://cdn.banki.ru/cdn/bank/192866_mobile_logo_url.png,567,www.akcept.ru,8 800 100-27-37,"630099, г. Новосибирск, ул. Советская, д. 14",akcept,RUB,https://www.banki.ru/products/credits/credit/4051/,9.3,29.5,,50000,1500000,,549,1825,18m,5y,,e3239d0dc90f50e4db25efb51782866193cf7f446d83e434805f67abc22d1900,True,2026-08-24 13:50:38,,"9,3–29,5%",,,50 000–1 500 000 ₽,4,,,,,,,,
19329,193903,credit,Под залог недвижимости,Под залог недвижимости,https://www.banki.ru/products/credits/credit/1939/,https://cdn.banki.ru/cdn/bank/192866_mobile_logo_url.png,25.06.2026 18:14,192866.0,1928661.0,bank,Банк Акцепт,https://cdn.banki.ru/cdn/bank/192866_mobile_logo_url.png,567,www.akcept.ru,8 800 100-27-37,"630099, г. Новосибирск, ул. Советская, д. 14",akcept,RUB,https://www.banki.ru/products/credits/credit/1939/,15.3,27.5,,500000,15000000,,1095,5475,3y,15y,,322e84747c21d36022da75d38b1f38e082a633c24ca6c9a774274c99dda827a2,True,2026-08-24 13:50:38,,"15,3–27,5%",,,500 000–15 000 000 ₽,4,,,,,,,,
19374,419503,credit,На любые цели,На любые цели,https://www.banki.ru/products/credits/credit/4195/,https://cdn.banki.ru/cdn/bank/192855_mobile_logo_url.png,24.06.2026 15:28,192855.0,1928551.0,bank,Банк «Ермак»,https://cdn.banki.ru/cdn/bank/192855_mobile_logo_url.png,1809,www.bankermak.ru,+7 (3466) 49-50-00,"628624, Ханты-Мансийский автономный округ — Югра, г. Нижневартовск, ул. Мира, д. 68",ermak,RUB,https://www.banki.ru/products/credits/credit/4195/,16.0,17.0,,50000,10000000,,92,3650,2y,10y,,bfcac1b122f7709577afc3438f273132e5882cf61d410e076f326ebd22cb4008,True,2026-08-24 13:50:38,,16–17%,,,50 000–10 000 000 ₽,4,,,,,,,,
19399,478803,credit,На любые цели,На любые цели,https://www.banki.ru/products/credits/credit/4788/,,26.06.2026 15:24,191376.0,1913761.0,bank,Банк РСИ,,3415,www.bankrsi.ru,+7 (495) 951-72-53,"115184, г. Москва, ул. М. Ордынка, д. 35, стр.1",bankrsi,RUB,https://www.banki.ru/products/credits/credit/4788/,16.0,34.0,,10000,25000000,,365,3650,1y,10y,,8bc1fd91e17f59d7212b908237af3c635a7d44ed559e31514047b8ef23450e42,True,2026-08-24 13:50:38,,16–34%,,,10 000–25 000 000 ₽,4,,,,,,,,
19508,20111903,credit,На любые цели,На любые цели,https://www.banki.ru/products/credits/credit/201119/,https://cdn.banki.ru/cdn/bank/191932_mobile_logo_url.png,24.06.2026 15:16,191932.0,1919321.0,bank,Северный Народный Банк,https://cdn.banki.ru/cdn/bank/191932_mobile_logo_url.png,2721,www.sevnb.ru,+7 (8212) 40-97-25,"167000, Республика Коми, г. Сыктывкар, ул. Первомайская, д. 68",sevnb,RUB,https://www.banki.ru/products/credits/credit/201119/,19.0,26.5,,100000,5000000,,31,1825,1m,5y,,35ee10b60c2a3dfcffaa6cdbfcc1395c12c249538316824282222426a396492b,True,2026-08-24 13:50:38,,"19–26,5%",,,100 000–5 000 000 ₽,4,,,,,,,,
19768,20115103,credit,Под залог недвижимости,Под залог недвижимости,https://www.banki.ru/products/credits/credit/201151/,https://cdn.banki.ru/cdn/bank/7292_mobile_logo_url.png,23.06.2026 17:42,7292.0,72921.0,bank,Московский кредитный банк (МКБ),https://cdn.banki.ru/cdn/bank/7292_mobile_logo_url.png,1978,www.mkb.ru,8 800 100-48-88,"107045, г. Москва, Луков пер., д. 2, стр. 1",mkb,RUB,https://www.banki.ru/products/credits/credit/201151/,19.5,20.9,,500000,70000000,,365,10950,1y,30y,,c988f5af4ec9cdcba9d0f31ccf300893bf64824f6c0f2e17d751e4fd92145eef,True,2026-08-24 13:50:38,,"19,5–20,9%",,,500 000–70 000 000 ₽,4,,,,,,,,
16735,1603,credit,На любые цели,На любые цели,https://www.banki.ru/products/credits/credit/16/,https://cdn.banki.ru/cdn/bank/7292_mobile_logo_url.png,23.06.2026 17:36,7292.0,72921.0,bank,Московский кредитный банк (МКБ),https://cdn.banki.ru/cdn/bank/7292_mobile_logo_url.png,1978,www.mkb.ru,8 800 100-48-88,"107045, г. Москва, Луков пер., д. 2, стр. 1",mkb,RUB,https://www.banki.ru/products/credits/credit/16/,10.0,54.0,,50000,10000000,,183,1825,6m,5y,,0a2dd8ecadc6238badfd053d52cd8f31a6b9fe587daeef90dcb06cbf3be5c8f3,True,2026-08-24 13:50:38,,10–54%,,,50 000–10 000 000 ₽,4,,,,,,,,
17081,477003,credit,На любые цели (с обеспечением),На любые цели (с обеспечением),https://www.banki.ru/products/credits/credit/4770/,https://cdn.banki.ru/cdn/bank/8534_mobile_logo_url.png,24.06.2026 14:44,8534.0,85341.0,bank,Русьуниверсалбанк,https://cdn.banki.ru/cdn/bank/8534_mobile_logo_url.png,3293,www.rubank.ru,+7 (495) 917-76-04,"105064, г. Москва, Малый Казенный пер., д. 14, стр. 1",rusuniversalbank,RUB,https://www.banki.ru/products/credits/credit/4770/,15.5,20.5,,50000,20000000,,183,3650,6m,10y,,4be827ed132a0a1cbf5aaf8eae088bafd5a461a2a32415796ab51deb33acc9f2,True,2026-08-24 13:50:38,,"15,5–20,5%",,,50 000–20 000 000 ₽,4,,,,,,,,
16807,261503,credit,Наличными,Наличными,https://www.banki.ru/products/credits/credit/2615/,https://cdn.banki.ru/cdn/bank/11518_mobile_logo_url.png,29.06.2026 15:03,11518.0,115181.0,bank,Банк ТКБ,https://cdn.banki.ru/cdn/bank/11518_mobile_logo_url.png,2210,www.tkbbank.ru,8 800 100-32-00,"109147, г. Москва, ул. Воронцовская, д. 27/35",transcapitalbank,RUB,https://www.banki.ru/products/credits/credit/2615/,19.9,35.5,,50000,1500000,,397,1825,13m,5y,,35dd6dd8fa6d179dba48fa4d17f6ec71fc8cd8ae2d6f0a0f90075d3635517426,True,2026-08-24 13:50:38,,"19,9–35,5%",,,50 000–1 500 000 ₽,4,,,,,,,,
20331,20116303,credit,Удобный,Удобный,https://www.banki.ru/products/credits/credit/201163/,https://cdn.banki.ru/cdn/bank/11518_mobile_logo_url.png,30.06.2026 18:26,11518.0,115181.0,bank,Банк ТКБ,https://cdn.banki.ru/cdn/bank/11518_mobile_logo_url.png,2210,www.tkbbank.ru,8 800 100-32-00,"109147, г. Москва, ул. Воронцовская, д. 27/35",transcapitalbank,RUB,https://www.banki.ru/products/credits/credit/201163/,20.1,27.25,,500000,100000000,,1095,9125,3y,25y,,b098334329b9c287302ed08bf45b1625bcd8b186741e65984045caf08078d963,True,2026-08-24 13:50:38,,"20,1–27,25%",,,500 000–100 000 000 ₽,4,,,,,,,,
17636,20103903,credit,Обеспеченный,Обеспеченный,https://www.banki.ru/products/credits/credit/201039/,https://cdn.banki.ru/cdn/bank/11518_mobile_logo_url.png,29.06.2026 15:04,11518.0,115181.0,bank,Банк ТКБ,https://cdn.banki.ru/cdn/bank/11518_mobile_logo_url.png,2210,www.tkbbank.ru,8 800 100-32-00,"109147, г. Москва, ул. Воронцовская, д. 27/35",transcapitalbank,RUB,https://www.banki.ru/products/credits/credit/201039/,18.9,34.9,,100000,3000000,,397,1825,13m,5y,,2329fafe1ed4c3b9cefaa0239972fe75fbb466d5c5168128ad0e7b5a764f7d2e,True,2026-08-24 13:50:38,,"18,9–34,9%",,,100 000–3 000 000 ₽,4,,,,,,,,
19824,20115403,credit,Под залог недвижимости,Под залог недвижимости,https://www.banki.ru/products/credits/credit/201154/,https://cdn.banki.ru/cdn/bank/16995_mobile_logo_url.png,23.06.2026 14:43,16995.0,169951.0,bank,ВБРР,https://cdn.banki.ru/cdn/bank/16995_mobile_logo_url.png,3287,www.vbrr.ru,8 800 700-03-49 ,"129594, г. Москва, ул. Сущевский вал, д. 65, корп. 1",vbrr,RUB,https://www.banki.ru/products/credits/credit/201154/,20.9,22.4,,500000,60000000,,1825,10950,5y,30y,,787cd0e1e0433a8c9f003e6ecb1c1981fbd0132b3f4bf361640d99a7e08bad1f,True,2026-08-24 13:50:38,,"20,9–22,4%",,,500 000–60 000 000 ₽,4,,,,,,,,
16799,222103,credit,Классический,Классический,https://www.banki.ru/products/credits/credit/2221/,https://cdn.banki.ru/cdn/bank/68665_mobile_logo_url.png,23.06.2026 18:20,68665.0,686651.0,bank,БСПБ,https://cdn.banki.ru/cdn/bank/68665_mobile_logo_url.png,436,www.bspb.ru,8 800 222-50-50,"195112, г. Санкт-Петербург, Малоохтинский просп., д. 64, лит. А",bspb,RUB,https://www.banki.ru/products/credits/credit/2221/,15.9,39.6,,50000,1500000,,91,1825,3m,5y,,9a86fbd4025cd5b1dc9ee8b56f85f7ab8cababda9dd855f768b55c7fad3896e0,True,2026-08-24 13:50:38,,"15,9–39,6%",,,50 000–1 500 000 ₽,4,,,,,,,,
17022,454103,credit,Пенсионный,Пенсионный,https://www.banki.ru/products/credits/credit/4541/,https://cdn.banki.ru/cdn/bank/68665_mobile_logo_url.png,23.06.2026 18:20,68665.0,686651.0,bank,БСПБ,https://cdn.banki.ru/cdn/bank/68665_mobile_logo_url.png,436,www.bspb.ru,8 800 222-50-50,"195112, г. Санкт-Петербург, Малоохтинский просп., д. 64, лит. А",bspb,RUB,https://www.banki.ru/products/credits/credit/4541/,21.5,30.9,,10000,500000,,396,1825,13m,5y,,4b6108deb9f350496651f992cc922795869fddc2e097a710293d3b4d7953a6d2,True,2026-08-24 13:50:38,,"21,5–30,9%",,,10 000–500 000 ₽,4,,,,,,,,
17577,20097803,credit,По паспорту,По паспорту,https://www.banki.ru/products/credits/credit/200978/,https://cdn.banki.ru/cdn/bank/68665_mobile_logo_url.png,23.06.2026 18:21,68665.0,686651.0,bank,БСПБ,https://cdn.banki.ru/cdn/bank/68665_mobile_logo_url.png,436,www.bspb.ru,8 800 222-50-50,"195112, г. Санкт-Петербург, Малоохтинский просп., д. 64, лит. А",bspb,RUB,https://www.banki.ru/products/credits/credit/200978/,28.7,46.9,,10000,100000,,91,1825,3m,5y,,13de479e1eb233b71c1143cd1b4f3fd52309430baab5a7b47589968f4ee75bb7,True,2026-08-24 13:50:38,,"28,7–46,9%",,,10 000–100 000 ₽,4,,,,,,,,
16976,422903,credit,Деньги — возможности ,Деньги — возможности ,https://www.banki.ru/products/credits/credit/4229/,https://cdn.banki.ru/cdn/bank/68683_mobile_logo_url.png,30.06.2026 13:45,68683.0,686831.0,bank,Банк «РОССИЯ»,https://cdn.banki.ru/cdn/bank/68683_mobile_logo_url.png,328,www.abr.ru,8 800 100-11-11 ,"191124, г. Санкт-Петербург, пл. Растрелли, д. 2, стр.1",rossiya,RUB,https://www.banki.ru/products/credits/credit/4229/,20.75,30.75,,100000,5000000,,549,1825,18m,5y,,abd21ee5014206f9654cbbfdc340ccd297592c83d387afe177fc3fde9e555025,True,2026-08-24 13:50:38,,"20,75–30,75%",,,100 000–5 000 000 ₽,4,,,,,,,,
17631,20103403,credit,Деньги — возможности (под залог авто),Деньги — возможности (под залог авто),https://www.banki.ru/products/credits/credit/201034/,https://cdn.banki.ru/cdn/bank/68683_mobile_logo_url.png,30.06.2026 13:45,68683.0,686831.0,bank,Банк «РОССИЯ»,https://cdn.banki.ru/cdn/bank/68683_mobile_logo_url.png,328,www.abr.ru,8 800 100-11-11 ,"191124, г. Санкт-Петербург, пл. Растрелли, д. 2, стр.1",rossiya,RUB,https://www.banki.ru/products/credits/credit/201034/,18.75,28.75,,100000,5000000,,549,2555,18m,7y,,2f0c9a383d065965bce0b1f3aa9416136fa3fcb372355bbeded977ae796ca8c3,True,2026-08-24 13:50:38,,"18,75–28,75%",,,100 000–5 000 000 ₽,4,,,,,,,,
17341,20074203,credit,Беззалоговый,Беззалоговый,https://www.banki.ru/products/credits/credit/200742/,https://cdn.banki.ru/cdn/bank/193364_mobile_logo_url.png,23.06.2026 15:09,193364.0,1933641.0,bank,КАМКОМБАНК,https://cdn.banki.ru/cdn/bank/193364_mobile_logo_url.png,438,www.kamkombank.ru,8 800 200-04-38,"423800, Республика Татарстан, г. Набережные Челны, ул. Гидростроителей, д. 21",kamkombank,RUB,https://www.banki.ru/products/credits/credit/200742/,23.0,33.0,,100000,2518000,,365,2555,1y,7y,,fbad77a8f57a6c13bb46bc91d5222208e228cf3eb6d27c625e0f15e0339bccc4,True,2026-08-24 13:50:38,,23–33%,,,100 000–2 518 000 ₽,4,,,,,,,,
19377,426803,credit,На любые цели (под залог недвижимости),На любые цели (под залог недвижимости),https://www.banki.ru/products/credits/credit/4268/,https://cdn.banki.ru/cdn/bank/193364_mobile_logo_url.png,23.06.2026 18:44,193364.0,1933641.0,bank,КАМКОМБАНК,https://cdn.banki.ru/cdn/bank/193364_mobile_logo_url.png,438,www.kamkombank.ru,8 800 200-04-38,"423800, Республика Татарстан, г. Набережные Челны, ул. Гидростроителей, д. 21",kamkombank,RUB,https://www.banki.ru/products/credits/credit/4268/,22.0,27.0,,300000,100000000,,365,5475,1y,15y,,33c2edabaa855fcf0e7a6a66b02ba2e3ed766c265ee90ed70afa9f59c64ba96e,True,2026-08-24 13:50:38,,22–27%,,,300 000–100 000 000 ₽,4,,,,,,,,
17262,520903,credit,На любые цели (под залог авто),На любые цели (под залог авто),https://www.banki.ru/products/credits/credit/5209/,https://cdn.banki.ru/cdn/bank/193364_mobile_logo_url.png,23.06.2026 15:10,193364.0,1933641.0,bank,КАМКОМБАНК,https://cdn.banki.ru/cdn/bank/193364_mobile_logo_url.png,438,www.kamkombank.ru,8 800 200-04-38,"423800, Республика Татарстан, г. Набережные Челны, ул. Гидростроителей, д. 21",kamkombank,RUB,https://www.banki.ru/products/credits/credit/5209/,22.0,27.0,,300000,100000000,,365,1825,1y,5y,,3503247bee979551e2fb17c792982dece8109c15d47998cdb59a9e117a8d34a5,True,2026-08-24 13:50:38,,22–27%,,,300 000–100 000 000 ₽,4,,,,,,,,
17013,447403,credit,Доверительный,Доверительный,https://www.banki.ru/products/credits/credit/4474/,https://cdn.banki.ru/cdn/bank/191070_mobile_logo_url.png,29.06.2026 12:40,191070.0,1910701.0,bank,Урал ФД,https://cdn.banki.ru/cdn/bank/191070_mobile_logo_url.png,249,www.uralfd.ru,8 800 100-10-40,"614066, г. Пермь, ул. Стахановская, д. 54 стр. Д",uralfd,RUB,https://www.banki.ru/products/credits/credit/4474/,17.99,34.99,,50000,5000000,,397,1825,13m,5y,,df6b3b18d53e8c8b462660b7a324ef6f308bd059ed6693e8a8b3bd7a1277fc68,True,2026-08-24 13:50:38,,"17,99–34,99%",,,50 000–5 000 000 ₽,4,,,,,,,,
19317,87203,credit,Универсальный (под залог недвижимости),Универсальный (под залог недвижимости),https://www.banki.ru/products/credits/credit/872/,https://cdn.banki.ru/cdn/bank/191070_mobile_logo_url.png,29.06.2026 12:43,191070.0,1910701.0,bank,Урал ФД,https://cdn.banki.ru/cdn/bank/191070_mobile_logo_url.png,249,www.uralfd.ru,8 800 100-10-40,"614066, г. Пермь, ул. Стахановская, д. 54 стр. Д",uralfd,RUB,https://www.banki.ru/products/credits/credit/872/,20.5,23.0,,500000,10000000,,1095,10950,3y,30y,,6d9ecf9c6c4bf5f48dcd8683f27bd40ff2865ed2e3f7bc676b1fb5452e2b2115,True,2026-08-24 13:50:38,,"20,5–23%",,,500 000–10 000 000 ₽,4,,,,,,,,
17750,20108403,credit,Универсальный,Универсальный,https://www.banki.ru/products/credits/credit/201084/,https://cdn.banki.ru/cdn/bank/195635_mobile_logo_url.png,23.06.2026 15:04,195635.0,1956351.0,bank,БАНК НБС,https://cdn.banki.ru/cdn/bank/195635_mobile_logo_url.png,1949,www.nbsrf.ru,+7 (4932) 59-11-59,"153000, г. Иваново, ул. Палехская, д. 2",nbs,RUB,https://www.banki.ru/products/credits/credit/201084/,20.9,26.9,,50000,500000,,366,1098,25m,36m,,e0294b8717ec83f4024501e740f5a2202836fc44e28fd7c472335f316e9cb67b,True,2026-08-24 13:50:38,,"20,9–26,9%",,,50 000–500 000 ₽,4,,,,,,,,
17763,20108803,credit,Про-сто,Про-сто,https://www.banki.ru/products/credits/credit/201088/,https://cdn.banki.ru/cdn/bank/195635_mobile_logo_url.png,23.06.2026 14:55,195635.0,1956351.0,bank,БАНК НБС,https://cdn.banki.ru/cdn/bank/195635_mobile_logo_url.png,1949,www.nbsrf.ru,+7 (4932) 59-11-59,"153000, г. Иваново, ул. Палехская, д. 2",nbs,RUB,https://www.banki.ru/products/credits/credit/201088/,29.9,29.9,,100000,100000,,365,365,1y,1y,,d9e481a81399cd8f166631193d9c90fda406a4c1deaa71be34f9a7b4a4e51926,True,2026-08-24 13:50:38,,"29,9%",,,100 000 ₽,4,,,,,,,,
17232,516103,credit,Доступный,Доступный,https://www.banki.ru/products/credits/credit/5161/,https://static4.banki.ru/ugc/f2/39/74/18/191048.png,24.06.2026 18:53,191048.0,1910481.0,bank,СЕВЕРГАЗБАНК,https://static4.banki.ru/ugc/f2/39/74/18/191048.png,2816,www.severgazbank.ru,8 800 700-25-52,"160001, г. Вологда, ул. Благовещенская, д. 3",severgazbank,RUB,https://www.banki.ru/products/credits/credit/5161/,27.4,28.9,,50000,2500000,,397,1825,13m,5y,,91614d191c966497ca4a76194cbf43adac387d2d8782a2be909c96b73a4684ff,True,2026-08-24 13:50:38,,"27,4–28,9%",,,50 000–2 500 000 ₽,4,,,,,,,,
16799,222103,credit,Классический,Классический,https://www.banki.ru/products/credits/credit/2221/,https://cdn.banki.ru/cdn/bank/68665_mobile_logo_url.png,25.11.2025 18:22,68665,686651,bank,Банк «Санкт-Петербург»,https://cdn.banki.ru/cdn/bank/68665_mobile_logo_url.png,436,www.bspb.ru,8 800 222-50-50,"195112, г. Санкт-Петербург, Малоохтинский просп., д. 64, лит. А
",bspb,RUB,https://www.banki.ru/products/credits/credit/2221/,16.9,38.5,,50000,1500000,,91,1825,3m,5y,,c476a6c778f385cab2220d1a3bce3a52367cd01ab2a354f030135e84fde21446,True,2026-08-24 13:50:38,,"16,9–38,5%",,,50 000–1 500 000 ₽,4,,,,,,,,
17577,20097803,credit,По паспорту,По паспорту,https://www.banki.ru/products/credits/credit/200978/,https://cdn.banki.ru/cdn/bank/68665_mobile_logo_url.png,25.11.2025 19:03,68665,686651,bank,Банк «Санкт-Петербург»,https://cdn.banki.ru/cdn/bank/68665_mobile_logo_url.png,436,www.bspb.ru,8 800 222-50-50,"195112, г. Санкт-Петербург, Малоохтинский просп., д. 64, лит. А
",bspb,RUB,https://www.banki.ru/products/credits/credit/200978/,27.9,36.9,,10000,100000,,397,1825,13m,5y,,172f9ad7f5b90872b4d4ed593c1c2eda9c40ed3f054c065b397ccd20a6aadbc4,True,2026-08-24 13:50:38,,"27,9–36,9%",,,10 000–100 000 ₽,4,,,,,,,,
17588,20098903,credit,Наличными,Наличными,https://www.banki.ru/products/credits/credit/200989/,https://cdn.banki.ru/cdn/bank/195706_mobile_logo_url.png,19.11.2025 11:53,195706,1957061,bank,Т-Банк,https://cdn.banki.ru/cdn/bank/195706_mobile_logo_url.png,2673,www.tbank.ru,8 800 555-10-10,"127287, г. Москва, ул. 2-я Хуторская, д.38А, стр.26
",tcs,RUB,https://www.banki.ru/products/credits/credit/200989/,24.9,42.9,,50000,5000000,,365,1825,1y,5y,,76885e78d5309fd2030c7fc0f8e63bebded1fc4ce408fd763a56877f9d87f286,True,2026-08-24 13:50:38,,"24,9–42,9%",,,50 000–5 000 000 ₽,4,,,,,,,,
19349,342703,credit,Под залог (недвижимости),Под залог (недвижимости),https://www.banki.ru/products/credits/credit/3427/,https://cdn.banki.ru/cdn/bank/195706_mobile_logo_url.png,19.11.2025 11:51,195706,1957061,bank,Т-Банк,https://cdn.banki.ru/cdn/bank/195706_mobile_logo_url.png,2673,www.tbank.ru,8 800 555-10-10,"127287, г. Москва, ул. 2-я Хуторская, д.38А, стр.26
",tcs,RUB,https://www.banki.ru/products/credits/credit/3427/,22.9,33.9,,200000,30000000,,365,5475,1y,15y,,b6f7333bc0751ef3fa89199192f29056b565409f4ce668340174d44854a00979,True,2026-08-24 13:50:38,,"22,9–33,9%",,,200 000–30 000 000 ₽,4,,,,,,,,
16848,327203,credit,Наличными для новых клиентов,Наличными для новых клиентов,https://www.banki.ru/products/credits/credit/3272/,https://cdn.banki.ru/cdn/bank/325_mobile_logo_url.png,19.11.2025 12:03,325,3251,bank,Альфа-Банк,https://cdn.banki.ru/cdn/bank/325_mobile_logo_url.png,1326,www.alfabank.ru,8 800 200-00-00,"107078, г. Москва, ул. Каланчевская, д. 27
",alfabank,RUB,https://www.banki.ru/products/credits/credit/3272/,18.99,51.99,,30000,7500000,,365,1825,5y,5y,,cebde92bf247f0a99029998dacd8444c78b3d050daa097bc55df2c74a45e8f6c,True,2026-08-24 13:50:38,,"18,99–51,99%",,,30 000–7 500 000 ₽,4,,,,,,,,
16740,14403,credit,Стандартный ,Стандартный ,https://www.banki.ru/products/credits/credit/144/,https://cdn.banki.ru/cdn/bank/63520_mobile_logo_url.png,19.11.2025 12:29,63520,635201,bank,Уралсиб,https://cdn.banki.ru/cdn/bank/63520_mobile_logo_url.png,30,www.uralsib.ru,8 800 250-57-57,"119048, г. Москва, ул. Ефремова, д. 8
",uralsib,RUB,https://www.banki.ru/products/credits/credit/144/,7.0,51.0,,30000,1500000,,397,2555,13m,7y,,257536d1ae6fe47cc77797f5fb67e6588d2f29095cead7bfad3c1d8cbd5f6bdb,True,2026-08-24 13:50:38,,7–51%,,,30 000–1 500 000 ₽,4,,,,,,,,
18176,20112303,credit,"Заполните анкету, и мы подберем для вас лучшие предложения!","Заполните анкету, и мы подберем для вас лучшие предложения!",https://www.banki.ru/products/credits/credit/201123/,https://cdn.banki.ru/cdn/bank/11645236_mobile_logo_url.png,19.11.2025 12:34,11645236,116452361,bank,Банки.ру,https://cdn.banki.ru/cdn/bank/11645236_mobile_logo_url.png,-,www.banki.ru,+7 (495) 665-52-55,"117638, Москва, ул. Одесская, д. 2
",mortgage-consultant,RUB,https://www.banki.ru/products/credits/credit/201123/,14.9,65.0,,1000,5000000,,31,1825,1m,5y,,32f2fb8eb618f54e0365adcc46a8f21c2a8a18c1360300569a30f9d5eb907443,True,2026-08-24 13:50:38,,"14,9–65%",,,1 000–5 000 000 ₽,4,,,,,,,,
18178,20112503,credit,Наличными (без визита в банк),Наличными (без визита в банк),https://www.banki.ru/products/credits/credit/201125/,https://cdn.banki.ru/cdn/bank/9183_mobile_logo_url.png,19.11.2025 12:35,9183,91831,bank,Локо-Банк,https://cdn.banki.ru/cdn/bank/9183_mobile_logo_url.png,2707,www.lockobank.ru,8 800 250-50-50,"125167, г. Москва, Ленинградский просп., д. 39, стр. 80
",locko-bank,RUB,https://www.banki.ru/products/credits/credit/201125/,25.9,49.9,,50000,5000000,,365,1825,1y,5y,,bd02e0e612c5cd78c956798809f9857084dda44520383ce50a74dc160e69e7d7,True,2026-08-24 13:50:38,,"25,9–49,9%",,,50 000–5 000 000 ₽,4,,,,,,,,
19357,377603,credit,На любые цели под залог недвижимости,На любые цели под залог недвижимости,https://www.banki.ru/products/credits/credit/3776/,https://cdn.banki.ru/cdn/bank/2764_mobile_logo_url.png,19.11.2025 13:10,2764,27641,bank,Газпромбанк,https://cdn.banki.ru/cdn/bank/2764_mobile_logo_url.png,354,www.gazprombank.ru,8 800 300-60-90,"117420, г. Москва, ул. Наметкина, д. 16, корп. 1.
",gazprombank,RUB,https://www.banki.ru/products/credits/credit/3776/,8.4,28.6,,500000,30000000,,1460,7300,4y,20y,,ecefb254df7e434470f6f1ec64f63c60760217971ab01705a7b1fcdab4322184,True,2026-08-24 13:50:38,,"8,4–28,6%",,,500 000–30 000 000 ₽,4,,,,,,,,
16735,1603,credit,На любые цели,На любые цели,https://www.banki.ru/products/credits/credit/16/,https://cdn.banki.ru/cdn/bank/7292_mobile_logo_url.png,26.05.2026 12:51,7292,72921,bank,Московский кредитный банк (МКБ),https://cdn.banki.ru/cdn/bank/7292_mobile_logo_url.png,1978,www.mkb.ru,8 800 100-48-88,"107045, г. Москва, Луков пер., д. 2, стр. 1",mkb,RUB,https://www.banki.ru/products/credits/credit/16/,14.0,54.0,,50000,10000000,,183,1825,6m,5y,,0d059c4729b4211c0d832a4cff8a92526b2d7d1cb1f7131dc43bc28cd2fa3eca,True,2026-08-24 13:50:38,,14–54%,,,50 000–10 000 000 ₽,4,,,,,,,,
19317,87203,credit,Универсальный (под залог недвижимости),Универсальный (под залог недвижимости),https://www.banki.ru/products/credits/credit/872/,https://cdn.banki.ru/cdn/bank/191070_mobile_logo_url.png,24.03.2026 18:27,191070,1910701,bank,Урал ФД,https://cdn.banki.ru/cdn/bank/191070_mobile_logo_url.png,249,www.uralfd.ru,8 800 100-10-40,"614066, г. Пермь, ул. Стахановская, д. 54 стр. Д",uralfd,RUB,https://www.banki.ru/products/credits/credit/872/,21.0,23.5,,500000,10000000,,1095,10950,3y,30y,,6d16ce524c570c4d47dbcfb49fb7ce4ecdccae1d31fbf94ff417938f90a2746c,True,2026-08-24 13:50:38,,"21–23,5%",,,500 000–10 000 000 ₽,4,,,,,,,,
17636,20103903,credit,Обеспеченный,Обеспеченный,https://www.banki.ru/products/credits/credit/201039/,https://cdn.banki.ru/cdn/bank/11518_mobile_logo_url.png,08.07.2026 14:12,11518,115181,bank,Банк ТКБ,https://cdn.banki.ru/cdn/bank/11518_mobile_logo_url.png,2210,www.tkbbank.ru,8 800 100-32-00,"109147, г. Москва, ул. Воронцовская, д. 27/35",transcapitalbank,RUB,https://www.banki.ru/products/credits/credit/201039/,17.5,32.5,,100000,3000000,,397,1825,13m,5y,,e5b7ee15826891d129a055bfcc921e6825c816a0b1ce2bf0443c5842ac29eba8,True,2026-08-24 13:50:38,,"17,5–32,5%",,,100 000–3 000 000 ₽,4,,,,,,,,
16807,261503,credit,Наличными,Наличными,https://www.banki.ru/products/credits/credit/2615/,https://cdn.banki.ru/cdn/bank/11518_mobile_logo_url.png,08.07.2026 13:50,11518,115181,bank,Банк ТКБ,https://cdn.banki.ru/cdn/bank/11518_mobile_logo_url.png,2210,www.tkbbank.ru,8 800 100-32-00,"109147, г. Москва, ул. Воронцовская, д. 27/35",transcapitalbank,RUB,https://www.banki.ru/products/credits/credit/2615/,18.5,33.5,,50000,1500000,,397,1825,13m,5y,,7f7ba932eeedb47f89143e74ff7bd51f176da87624e4ca32810ab6f2f7c92b57,True,2026-08-24 13:50:38,,"18,5–33,5%",,,50 000–1 500 000 ₽,4,,,,,,,,
17045,461803,credit,Наличными,Наличными,https://www.banki.ru/products/credits/credit/4618/,https://cdn.banki.ru/cdn/bank/191082_mobile_logo_url.png,07.07.2026 14:43,191082,1910821,bank,Банк «Приморье»,https://cdn.banki.ru/cdn/bank/191082_mobile_logo_url.png,3001,www.primbank.ru,8 800 200-20-86,"690091, Приморский край, г. Владивосток, ул. Светланская, д. 47",primorye,RUB,https://www.banki.ru/products/credits/credit/4618/,29.0,32.5,,500000,2000000,,396,1825,13m,5y,,d6bb070a467110cc1808f04885ea6bbc7bbc832044ad5b5cfc130126f868ad31,True,2026-08-24 13:50:38,,"29–32,5%",,,500 000–2 000 000 ₽,4,,,,,,,,
19430,514003,credit,Под залог недвижимости,Под залог недвижимости,https://www.banki.ru/products/credits/credit/5140/,https://cdn.banki.ru/cdn/bank/191082_mobile_logo_url.png,07.07.2026 15:10,191082,1910821,bank,Банк «Приморье»,https://cdn.banki.ru/cdn/bank/191082_mobile_logo_url.png,3001,www.primbank.ru,8 800 200-20-86,"690091, Приморский край, г. Владивосток, ул. Светланская, д. 47",primorye,RUB,https://www.banki.ru/products/credits/credit/5140/,20.0,23.5,,500000,30000000,,397,5475,13m,15y,,7b8ea94e677ffd8d6108515caf3fb6dde620dea1ec916eddad80304c66ac862b,True,2026-08-24 13:50:38,,"20–23,5%",,,500 000–30 000 000 ₽,4,,,,,,,,
17216,514103,credit,Под залог авто,Под залог авто,https://www.banki.ru/products/credits/credit/5141/,https://cdn.banki.ru/cdn/bank/191082_mobile_logo_url.png,07.07.2026 14:23,191082,1910821,bank,Банк «Приморье»,https://cdn.banki.ru/cdn/bank/191082_mobile_logo_url.png,3001,www.primbank.ru,8 800 200-20-86,"690091, Приморский край, г. Владивосток, ул. Светланская, д. 47",primorye,RUB,https://www.banki.ru/products/credits/credit/5141/,20.5,24.0,,500000,7000000,,397,1825,13m,5y,,f0c151c4b17c9b0424784cc1c5943955aa5d4a7c15d7b2bcb8ce900a9666f8bf,True,2026-08-24 13:50:38,,"20,5–24%",,,500 000–7 000 000 ₽,4,,,,,,,,
16873,347603,credit,Пенсионный,Пенсионный,https://www.banki.ru/products/credits/credit/3476/,https://cdn.banki.ru/cdn/bank/9011_mobile_logo_url.png,10.04.2026 16:07,9011,90111,bank,Металлинвестбанк,https://cdn.banki.ru/cdn/bank/9011_mobile_logo_url.png,2440,www.metallinvestbank.ru,8 800 250-97-97,"119180, г. Москва, ул. Большая Полянка, д. 47, стр. 2",metallinvestbank,RUB,https://www.banki.ru/products/credits/credit/3476/,20.5,33.5,,30000,3000000,,183,1825,6m,5y,,67070295f7bf263105f12e645822fdcb600d480df0658ebe40a053b1a17e44e2,True,2026-08-24 13:50:38,,"20,5–33,5%",,,30 000–3 000 000 ₽,4,,,,,,,,
16735,1603,credit,На любые цели,На любые цели,https://www.banki.ru/products/credits/credit/16/,https://cdn.banki.ru/cdn/bank/7292_mobile_logo_url.png,08.04.2026 14:32,7292,72921,bank,Московский кредитный банк (МКБ),https://cdn.banki.ru/cdn/bank/7292_mobile_logo_url.png,1978,www.mkb.ru,8 800 100-48-88,"107045, г. Москва, Луков пер., д. 2, стр. 1",mkb,RUB,https://www.banki.ru/products/credits/credit/16/,16.0,47.8,,50000,10000000,,183,1825,6m,5y,,515fd80866fa89272736c474939c03b14585f9c51d79eea1608acb5124ed0713,True,2026-08-24 13:50:38,,"16–47,8%",,,50 000–10 000 000 ₽,4,,,,,,,,
17035,459203,credit,Обеспеченный (под залог транспорта),Обеспеченный (под залог транспорта),https://www.banki.ru/products/credits/credit/4592/,,10.04.2026 13:44,12453,124531,bank,ГЕНБАНК,,2490,www.genbank.ru,8 800 333-55-45,"295011, Республика Крым, г. Симферополь, ул. Севастопольская, д. 13",genbank,RUB,https://www.banki.ru/products/credits/credit/4592/,25.5,26.5,,300000,7000000,,1095,2555,3y,7y,,f9a38bf1e989982d38567b7c2460584f70aa13d6c30d6a9d3a24710b1109a698,True,2026-08-24 13:50:38,,"25,5–26,5%",,,300 000–7 000 000 ₽,4,,,,,,,,
16886,356203,credit,Наличными,Наличными,https://www.banki.ru/products/credits/credit/3562/,https://cdn.banki.ru/cdn/bank/2237_mobile_logo_url.png,06.04.2026 18:38,2237,22371,bank,Банк ДОМ.РФ,https://cdn.banki.ru/cdn/bank/2237_mobile_logo_url.png,2312,domrfbank.ru,8 800 775-86-86 ,"125009, г. Москва, ул. Воздвиженка, д. 10",domrfbank,RUB,https://www.banki.ru/products/credits/credit/3562/,15.8,39.5,,100000,10000000,,730,2555,2y,7y,,0cea6e5ae0133524b298ffbc5ccfdb80957bec087e2ad4344dff4f016284d20b,True,2026-08-24 13:50:38,,"15,8–39,5%",,,100 000–10 000 000 ₽,4,,,,,,,,
16753,56103,credit,Наличными,Наличными,https://www.banki.ru/products/credits/credit/561/,https://cdn.banki.ru/cdn/bank/36119_mobile_logo_url.png,10.04.2026 17:01,36119,361191,bank,Ак Барс Банк,https://cdn.banki.ru/cdn/bank/36119_mobile_logo_url.png,2590,www.akbars.ru,8 800 200-53-03,"420066, г. Казань, ул. Декабристов, д. 1",akbars,RUB,https://www.banki.ru/products/credits/credit/561/,16.2,52.6,,30000,3000000,,365,1825,1y,5y,,92486fc4797e98ac220dee6b64c71f5a1e3151c9e992ec2fffb7967ca251c22f,True,2026-08-24 13:50:38,,"16,2–52,6%",,,30 000–3 000 000 ₽,4,,,,,,,,
19315,57103,credit,Под залог недвижимости,Под залог недвижимости,https://www.banki.ru/products/credits/credit/571/,https://cdn.banki.ru/cdn/bank/36119_mobile_logo_url.png,13.04.2026 18:48,36119,361191,bank,Ак Барс Банк,https://cdn.banki.ru/cdn/bank/36119_mobile_logo_url.png,2590,www.akbars.ru,8 800 200-53-03,"420066, г. Казань, ул. Декабристов, д. 1",akbars,RUB,https://www.banki.ru/products/credits/credit/571/,23.0,24.0,,500000,20000000,,1095,5475,3y,15y,,0193545f45b7e62d8db0accad750457132677f2ee08165c5996c4586b04ca3b0,True,2026-08-24 13:50:38,,23–24%,,,500 000–20 000 000 ₽,4,,,,,,,,
20331,20116303,credit,Удобный,Удобный,https://www.banki.ru/products/credits/credit/201163/,https://cdn.banki.ru/cdn/bank/11518_mobile_logo_url.png,07.04.2026 14:04,11518,115181,bank,Банк ТКБ,https://cdn.banki.ru/cdn/bank/11518_mobile_logo_url.png,2210,www.tkbbank.ru,8 800 100-32-00,"109147, г. Москва, ул. Воронцовская, д. 27/35",transcapitalbank,RUB,https://www.banki.ru/products/credits/credit/201163/,20.6,23.25,,500000,100000000,,1095,9125,3y,25y,,b07971c5a2967a32487073aa89586459347b384e0df4070600ecc50e6b37b45d,True,2026-08-24 13:50:38,,"20,6–23,25%",,,500 000–100 000 000 ₽,4,,,,,,,,
19980,20115703,credit,Рефинансирование под залог недвижимости,Рефинансирование под залог недвижимости,https://www.banki.ru/products/credits/credit/201157/,https://cdn.banki.ru/cdn/bank/193407_mobile_logo_url.png,07.04.2026 14:09,193407,1934071,bank,Энерготрансбанк,https://cdn.banki.ru/cdn/bank/193407_mobile_logo_url.png,1307,www.energotransbank.com,8 800 100-22-48,"236016, г. Калининград, ул. Клиническая, д. 83а",energotransbank,RUB,https://www.banki.ru/products/credits/credit/201157/,20.2,20.7,,500000,5000000,,365,3650,1y,10y,,3619ac5cea1955ddf753d3c41f311d1a52364a82bd7a78aaf056cd211ff91022,True,2026-08-24 13:50:38,,"20,2–20,7%",,,500 000–5 000 000 ₽,4,,,,,,,,
19326,172603,credit,ЭТБ – солидные деньги (недвижимое имущество),ЭТБ – солидные деньги (недвижимое имущество),https://www.banki.ru/products/credits/credit/1726/,https://cdn.banki.ru/cdn/bank/193407_mobile_logo_url.png,07.04.2026 14:05,193407,1934071,bank,Энерготрансбанк,https://cdn.banki.ru/cdn/bank/193407_mobile_logo_url.png,1307,www.energotransbank.com,8 800 100-22-48,"236016, г. Калининград, ул. Клиническая, д. 83а",energotransbank,RUB,https://www.banki.ru/products/credits/credit/1726/,21.0,22.5,,500000,10000000,,31,3650,1m,10y,,be200728fc8aa712e95c1fd7c306c202d59945466c4762c06f29cf599dbf7842,True,2026-08-24 13:50:38,,"21–22,5%",,,500 000–10 000 000 ₽,4,,,,,,,,
16939,397303,credit,ЭТБ – солидные деньги (движимое имущество),ЭТБ – солидные деньги (движимое имущество),https://www.banki.ru/products/credits/credit/3973/,https://cdn.banki.ru/cdn/bank/193407_mobile_logo_url.png,07.04.2026 14:05,193407,1934071,bank,Энерготрансбанк,https://cdn.banki.ru/cdn/bank/193407_mobile_logo_url.png,1307,www.energotransbank.com,8 800 100-22-48,"236016, г. Калининград, ул. Клиническая, д. 83а",energotransbank,RUB,https://www.banki.ru/products/credits/credit/3973/,21.0,22.5,,500000,3000000,,31,1825,1m,5y,,8cb1bce458b323dc3e06de0852f58d5b4f2b22065cbe9a75c689e4fde6d1aa2f,True,2026-08-24 13:50:38,,"21–22,5%",,,500 000–3 000 000 ₽,4,,,,,,,,
20447,21119103,credit,Наличными,Наличными,https://www.banki.ru/products/credits/credit/211191/,https://cdn.banki.ru/cdn/bank/193407_mobile_logo_url.png,07.04.2026 14:33,193407,1934071,bank,Энерготрансбанк,https://cdn.banki.ru/cdn/bank/193407_mobile_logo_url.png,1307,www.energotransbank.com,8 800 100-22-48,"236016, г. Калининград, ул. Клиническая, д. 83а",energotransbank,RUB,https://www.banki.ru/products/credits/credit/211191/,22.0,22.0,,30000,1000000,,31,1825,1m,5y,,2d57c60af4be92434e703f89d0b69d9d0068a1beea50c6cf8f65262795d5e695,True,2026-08-24 13:50:38,,22%,,,30 000–1 000 000 ₽,4,,,,,,,,
16755,59803,credit,Классический,Классический,https://www.banki.ru/products/credits/credit/598/,https://cdn.banki.ru/cdn/bank/192884_mobile_logo_url.png,06.04.2026 16:31,192884,1928841,bank,Банк Казани,https://cdn.banki.ru/cdn/bank/192884_mobile_logo_url.png,708,www.bankofkazan.ru,8 800 775-18-77,"420066, г. Казань, ул. Солдатская, д. 1",kazanbank,RUB,https://www.banki.ru/products/credits/credit/598/,19.9,24.9,,100000,100000000,,365,2555,1y,7y,,e59dce637203e96b764f76fc1b93089aa57549f7c473c7eee4f17291d02279c5,True,2026-08-24 13:50:38,,"19,9–24,9%",,,100 000–100 000 000 ₽,4,,,,,,,,
19345,332903,credit,На большие цели,На большие цели,https://www.banki.ru/products/credits/credit/3329/,https://cdn.banki.ru/cdn/bank/192884_mobile_logo_url.png,06.04.2026 16:52,192884,1928841,bank,Банк Казани,https://cdn.banki.ru/cdn/bank/192884_mobile_logo_url.png,708,www.bankofkazan.ru,8 800 775-18-77,"420066, г. Казань, ул. Солдатская, д. 1",kazanbank,RUB,https://www.banki.ru/products/credits/credit/3329/,20.9,20.9,,300000,100000000,,397,3650,13m,10y,,6631bf9e826e43c6eb539bad9548a1547208ca017754d932c78149fd6ed2f6a6,True,2026-08-24 13:50:38,,"20,9%",,,300 000–100 000 000 ₽,4,,,,,,,,
17270,521803,credit,Доверительный ,Доверительный ,https://www.banki.ru/products/credits/credit/5218/,https://cdn.banki.ru/cdn/bank/192884_mobile_logo_url.png,06.04.2026 16:38,192884,1928841,bank,Банк Казани,https://cdn.banki.ru/cdn/bank/192884_mobile_logo_url.png,708,www.bankofkazan.ru,8 800 775-18-77,"420066, г. Казань, ул. Солдатская, д. 1",kazanbank,RUB,https://www.banki.ru/products/credits/credit/5218/,24.5,29.5,,30000,1500000,,365,1825,1y,5y,,0abfa1849c1a85bb3425caed36f66336733969e947a59d97b82f2d3a02b76a96,True,2026-08-24 13:50:38,,"24,5–29,5%",,,30 000–1 500 000 ₽,4,,,,,,,,
19419,505103,credit,Под залог недвижимости,Под залог недвижимости,https://www.banki.ru/products/credits/credit/5051/,https://cdn.banki.ru/cdn/bank/191203_mobile_logo_url.png,08.04.2026 18:43,191203,1912031,bank,Примсоцбанк,https://cdn.banki.ru/cdn/bank/191203_mobile_logo_url.png,2733,www.pskb.com,8 800 350-42-02,"690106, Приморский край, г. Владивосток, Партизанский пр-т, д. 44",primsotsbank,RUB,https://www.banki.ru/products/credits/credit/5051/,20.8,21.8,,500000,50000000,,365,9125,1y,25y,,cf1c3196acfbe5a55e9800c5a4c53421d90f308a91a3e9a6c6efbc2c803838a8,True,2026-08-24 13:50:38,,"20,8–21,8%",,,500 000–50 000 000 ₽,4,,,,,,,,
17201,511903,credit,Акционный (с обеспечением),Акционный (с обеспечением),https://www.banki.ru/products/credits/credit/5119/,https://cdn.banki.ru/cdn/bank/191203_mobile_logo_url.png,08.04.2026 18:30,191203,1912031,bank,Примсоцбанк,https://cdn.banki.ru/cdn/bank/191203_mobile_logo_url.png,2733,www.pskb.com,8 800 350-42-02,"690106, Приморский край, г. Владивосток, Партизанский пр-т, д. 44",primsotsbank,RUB,https://www.banki.ru/products/credits/credit/5119/,20.9,30.9,,100001,5000000,,1460,1825,4y,5y,,61a16b840921c3c4cc7afb80ac082193669be1b3e95dcc8b779198cd5d2657a4,True,2026-08-24 13:50:38,,"20,9–30,9%",,,100 001–5 000 000 ₽,4,,,,,,,,
19861,21115803,credit,Рациональный (с обеспечением),Рациональный (с обеспечением),https://www.banki.ru/products/credits/credit/211158/,https://cdn.banki.ru/cdn/bank/191203_mobile_logo_url.png,08.04.2026 17:32,191203,1912031,bank,Примсоцбанк,https://cdn.banki.ru/cdn/bank/191203_mobile_logo_url.png,2733,www.pskb.com,8 800 350-42-02,"690106, Приморский край, г. Владивосток, Партизанский пр-т, д. 44",primsotsbank,RUB,https://www.banki.ru/products/credits/credit/211158/,20.9,30.9,,100001,5000000,,730,1825,2y,5y,,63fba44b0689a8f966ee55da8fb03fc7edd4a543c0689661300e3f6e63da1b66,True,2026-08-24 13:50:38,,"20,9–30,9%",,,100 001–5 000 000 ₽,4,,,,,,,,
17172,507103,credit,Акционный,Акционный,https://www.banki.ru/products/credits/credit/5071/,https://cdn.banki.ru/cdn/bank/191203_mobile_logo_url.png,08.04.2026 18:30,191203,1912031,bank,Примсоцбанк,https://cdn.banki.ru/cdn/bank/191203_mobile_logo_url.png,2733,www.pskb.com,8 800 350-42-02,"690106, Приморский край, г. Владивосток, Партизанский пр-т, д. 44",primsotsbank,RUB,https://www.banki.ru/products/credits/credit/5071/,20.9,30.9,,100001,2000000,,1825,1825,5y,5y,,89a79f66200044ea82e24161f1f7053c2e8260164d0f99e0436028c0cc64ca28,True,2026-08-24 13:50:38,,"20,9–30,9%",,,100 001–2 000 000 ₽,4,,,,,,,,
19860,21115703,credit,Рациональный,Рациональный,https://www.banki.ru/products/credits/credit/211157/,https://cdn.banki.ru/cdn/bank/191203_mobile_logo_url.png,08.04.2026 17:31,191203,1912031,bank,Примсоцбанк,https://cdn.banki.ru/cdn/bank/191203_mobile_logo_url.png,2733,www.pskb.com,8 800 350-42-02,"690106, Приморский край, г. Владивосток, Партизанский пр-т, д. 44",primsotsbank,RUB,https://www.banki.ru/products/credits/credit/211157/,20.9,30.9,,100001,2000000,,730,1825,2y,5y,,9037fd530eca690286be92eeab57741e5c101fe072dbc822f47202243eaf4ecd,True,2026-08-24 13:50:38,,"20,9–30,9%",,,100 001–2 000 000 ₽,4,,,,,,,,
17039,460003,credit,Для пенсионеров (с обеспечением),Для пенсионеров (с обеспечением),https://www.banki.ru/products/credits/credit/4600/,https://cdn.banki.ru/cdn/bank/191203_mobile_logo_url.png,08.04.2026 17:42,191203,1912031,bank,Примсоцбанк,https://cdn.banki.ru/cdn/bank/191203_mobile_logo_url.png,2733,www.pskb.com,8 800 350-42-02,"690106, Приморский край, г. Владивосток, Партизанский пр-т, д. 44",primsotsbank,RUB,https://www.banki.ru/products/credits/credit/4600/,24.9,24.9,,30000,7000000,,183,1825,6m,5y,,23a6e9b8fe7cc1e4705fbcaf947f1d57fc98185de2f45313d79274ad5ab1a908,True,2026-08-24 13:50:38,,"24,9%",,,30 000–7 000 000 ₽,4,,,,,,,,
17038,459903,credit,Для пенсионеров,Для пенсионеров,https://www.banki.ru/products/credits/credit/4599/,https://cdn.banki.ru/cdn/bank/191203_mobile_logo_url.png,08.04.2026 17:42,191203,1912031,bank,Примсоцбанк,https://cdn.banki.ru/cdn/bank/191203_mobile_logo_url.png,2733,www.pskb.com,8 800 350-42-02,"690106, Приморский край, г. Владивосток, Партизанский пр-т, д. 44",primsotsbank,RUB,https://www.banki.ru/products/credits/credit/4599/,24.9,24.9,,30000,2000000,,183,1825,6m,5y,,aa0218f4490b01341d0b0424a7cb30228de7c4543a03365fac91cf0a50665956,True,2026-08-24 13:50:38,,"24,9%",,,30 000–2 000 000 ₽,4,,,,,,,,
19866,21116003,credit,Базовый (с обеспечением) ,Базовый (с обеспечением) ,https://www.banki.ru/products/credits/credit/211160/,https://cdn.banki.ru/cdn/bank/191203_mobile_logo_url.png,08.04.2026 18:00,191203,1912031,bank,Примсоцбанк,https://cdn.banki.ru/cdn/bank/191203_mobile_logo_url.png,2733,www.pskb.com,8 800 350-42-02,"690106, Приморский край, г. Владивосток, Партизанский пр-т, д. 44",primsotsbank,RUB,https://www.banki.ru/products/credits/credit/211160/,28.5,28.5,,100001,7000000,,1460,1825,4y,5y,,f62206af579a7797868db592d85d610cafd75bfe6c050956614d9f669f7b8f1e,True,2026-08-24 13:50:38,,"28,5%",,,100 001–7 000 000 ₽,4,,,,,,,,
19864,21115903,credit,Базовый,Базовый,https://www.banki.ru/products/credits/credit/211159/,https://cdn.banki.ru/cdn/bank/191203_mobile_logo_url.png,08.04.2026 18:00,191203,1912031,bank,Примсоцбанк,https://cdn.banki.ru/cdn/bank/191203_mobile_logo_url.png,2733,www.pskb.com,8 800 350-42-02,"690106, Приморский край, г. Владивосток, Партизанский пр-т, д. 44",primsotsbank,RUB,https://www.banki.ru/products/credits/credit/211159/,28.5,28.5,,100001,2000000,,1460,1825,4y,5y,,fe7a6035c788ad64c0df6b2301791e2c245b775ba59f37ac8adee6c6e95c5a7f,True,2026-08-24 13:50:38,,"28,5%",,,100 001–2 000 000 ₽,4,,,,,,,,
19474,20102103,credit,Фора-Залоговый (под залог недвижимости),Фора-Залоговый (под залог недвижимости),https://www.banki.ru/products/credits/credit/201021/,https://cdn.banki.ru/cdn/bank/80493_mobile_logo_url.png,06.04.2026 17:32,80493,804931,bank,Фора-Банк,https://cdn.banki.ru/cdn/bank/80493_mobile_logo_url.png,1885,www.forabank.ru,8 800 100-98-89,"119021, г. Москва, Зубовский б-р, д. 25",forabank,RUB,https://www.banki.ru/products/credits/credit/201021/,24.7,26.0,,750000,15000000,,183,3650,13m,10y,,cc50240f1a40ed2dade9036a77c942c80f8503864a3314031aa43a8759b86430,True,2026-08-24 13:50:38,,"24,7–26%",,,750 000–15 000 000 ₽,4,,,,,,,,
17345,20074603,credit,Фора-Залоговый,Фора-Залоговый,https://www.banki.ru/products/credits/credit/200746/,https://cdn.banki.ru/cdn/bank/80493_mobile_logo_url.png,06.04.2026 17:28,80493,804931,bank,Фора-Банк,https://cdn.banki.ru/cdn/bank/80493_mobile_logo_url.png,1885,www.forabank.ru,8 800 100-98-89,"119021, г. Москва, Зубовский б-р, д. 25",forabank,RUB,https://www.banki.ru/products/credits/credit/200746/,26.5,28.0,,750000,15000000,,183,2555,13m,7y,,1734a491a9fe6104b512f01cb94f5172899afe8e73bcc1c2ccc148685f34111f,True,2026-08-24 13:50:38,,"26,5–28%",,,750 000–15 000 000 ₽,4,,,,,,,,
19465,20096603,credit,Обеспеченный (под залог недвижимости),Обеспеченный (под залог недвижимости),https://www.banki.ru/products/credits/credit/200966/,,18.02.2026 16:25,12453,124531,bank,ГЕНБАНК,,2490,www.genbank.ru,8 800 333-55-45,"295011, Республика Крым, г. Симферополь, ул. Севастопольская, д. 13",genbank,RUB,https://www.banki.ru/products/credits/credit/200966/,25.0,27.0,,400000,15000000,,1095,5475,3y,15y,,a35f2109534410c0bab0eb1d53731af388c9a19bc7e8c4f6b28e25789838ee92,True,2026-08-24 13:50:38,,25–27%,,,400 000–15 000 000 ₽,4,,,,,,,,
19407,498403,credit,Под залог недвижимости,Под залог недвижимости,https://www.banki.ru/products/credits/credit/4984/,https://cdn.banki.ru/cdn/bank/9183_mobile_logo_url.png,15.04.2026 15:39,9183,91831,bank,Локо-Банк,https://cdn.banki.ru/cdn/bank/9183_mobile_logo_url.png,2707,www.lockobank.ru,8 800 250-50-50,"125167, г. Москва, Ленинградский просп., д. 39, стр. 80",locko-bank,RUB,https://www.banki.ru/products/credits/credit/4984/,21.9,25.9,,1000000,30000000,,365,7300,1y,20y,,c69781be29f2fd5cd64677284e95d494fd79dd5352edafde0ec46a6d522f737a,True,2026-08-24 13:50:38,,"21,9–25,9%",,,1 000 000–30 000 000 ₽,4,,,,,,,,
17172,507103,credit,Акционный,Акционный,https://www.banki.ru/products/credits/credit/5071/,https://cdn.banki.ru/cdn/bank/191203_mobile_logo_url.png,09.06.2026 15:06,191203,1912031,bank,Примсоцбанк,https://cdn.banki.ru/cdn/bank/191203_mobile_logo_url.png,2733,www.pskb.com,8 800 350-42-02,"690106, Приморский край, г. Владивосток, Партизанский пр-т, д. 44",primsotsbank,RUB,https://www.banki.ru/products/credits/credit/5071/,20.4,30.4,,100000,2000000,,1825,1825,5y,5y,,da4020d4916ae51e693a22372b945f48fff87fc5e60491189c5e673d0702bce6,True,2026-08-24 13:50:38,,"20,4–30,4%",,,100 000–2 000 000 ₽,4,,,,,,,,
17646,20104903,credit,КУБ-Комфорт (под залог автомобиля),КУБ-Комфорт (под залог автомобиля),https://www.banki.ru/products/credits/credit/201049/,https://cdn.banki.ru/cdn/bank/191036_mobile_logo_url.png,05.06.2026 16:44,191036,1910361,bank,Кредит Урал Банк,https://cdn.banki.ru/cdn/bank/191036_mobile_logo_url.png,2584,www.creditural.ru,+7 (3519) 24-89-33,"455044, Челябинская обл., г. Магнитогорск, ул. Гагарина, д. 17",credituralbank,RUB,https://www.banki.ru/products/credits/credit/201049/,26.5,30.95,,30000,5000000,,396,2555,13m,7y,,77d6b4279bfe393540c93a8ea940e4fce80fee7bd14ab36006a0664b5f301571,True,2026-08-24 13:50:38,,"26,5–30,95%",,,30 000–5 000 000 ₽,4,,,,,,,,
16856,333203,credit,КУБ-Комфорт,КУБ-Комфорт,https://www.banki.ru/products/credits/credit/3332/,https://cdn.banki.ru/cdn/bank/191036_mobile_logo_url.png,05.06.2026 16:28,191036,1910361,bank,Кредит Урал Банк,https://cdn.banki.ru/cdn/bank/191036_mobile_logo_url.png,2584,www.creditural.ru,+7 (3519) 24-89-33,"455044, Челябинская обл., г. Магнитогорск, ул. Гагарина, д. 17",credituralbank,RUB,https://www.banki.ru/products/credits/credit/3332/,27.0,31.45,,30000,5000000,,396,1825,13m,5y,,51399a0f8f0a3e65ca75998df8849169b262c1e2d2d34741bc990daf7c6e1e63,True,2026-08-24 13:50:38,,"27–31,45%",,,30 000–5 000 000 ₽,4,,,,,,,,
17631,20103403,credit,Деньги — возможности (под залог авто),Деньги — возможности (под залог авто),https://www.banki.ru/products/credits/credit/201034/,https://cdn.banki.ru/cdn/bank/68683_mobile_logo_url.png,18.06.2026 13:58,68683,686831,bank,Банк «РОССИЯ»,https://cdn.banki.ru/cdn/bank/68683_mobile_logo_url.png,328,www.abr.ru,8 800 100-11-11 ,"191124, г. Санкт-Петербург, пл. Растрелли, д. 2, стр.1",rossiya,RUB,https://www.banki.ru/products/credits/credit/201034/,19.0,29.0,,100000,5000000,,549,2555,18m,7y,,2ef608e5f5ea08c2eb687d5f90aca76e51e7f991bd0381ca314eac273fa6f4b7,True,2026-08-24 13:50:38,,19–29%,,,100 000–5 000 000 ₽,4,,,,,,,,
16976,422903,credit,Деньги — возможности ,Деньги — возможности ,https://www.banki.ru/products/credits/credit/4229/,https://cdn.banki.ru/cdn/bank/68683_mobile_logo_url.png,18.06.2026 13:58,68683,686831,bank,Банк «РОССИЯ»,https://cdn.banki.ru/cdn/bank/68683_mobile_logo_url.png,328,www.abr.ru,8 800 100-11-11 ,"191124, г. Санкт-Петербург, пл. Растрелли, д. 2, стр.1",rossiya,RUB,https://www.banki.ru/products/credits/credit/4229/,21.0,31.0,,100000,5000000,,549,1825,18m,5y,,90f8da380343223b5ab3b99cd38c43561ece38720a4df76756d9e6fd86d468d2,True,2026-08-24 13:50:38,,21–31%,,,100 000–5 000 000 ₽,4,,,,,,,,
16953,405103,credit,Просто,Просто,https://www.banki.ru/products/credits/credit/4051/,https://cdn.banki.ru/cdn/bank/192866_mobile_logo_url.png,25.06.2026 18:11,192866,1928661,bank,Банк Акцепт,https://cdn.banki.ru/cdn/bank/192866_mobile_logo_url.png,567,www.akcept.ru,8 800 100-27-37,"630099, г. Новосибирск, ул. Советская, д. 14",akcept,RUB,https://www.banki.ru/products/credits/credit/4051/,9.3,29.5,,50000,1500000,,549,1825,18m,5y,,e0d740720467e9f3db2ef39249424cdbc637dd5061eb2450c8dee8601ced1369,True,2026-08-24 13:50:38,,"9,3–29,5%",,,50 000–1 500 000 ₽,4,,,,,,,,
19329,193903,credit,Под залог недвижимости,Под залог недвижимости,https://www.banki.ru/products/credits/credit/1939/,https://cdn.banki.ru/cdn/bank/192866_mobile_logo_url.png,25.06.2026 18:14,192866,1928661,bank,Банк Акцепт,https://cdn.banki.ru/cdn/bank/192866_mobile_logo_url.png,567,www.akcept.ru,8 800 100-27-37,"630099, г. Новосибирск, ул. Советская, д. 14",akcept,RUB,https://www.banki.ru/products/credits/credit/1939/,15.3,27.5,,500000,15000000,,1095,5475,3y,15y,,76d3f61d17e4eb03d4ed21a72aa43a378403f599a0880c666ae0d4089f13c197,True,2026-08-24 13:50:38,,"15,3–27,5%",,,500 000–15 000 000 ₽,4,,,,,,,,
17085,480103,credit,На любые цели,На любые цели,https://www.banki.ru/products/credits/credit/4801/,https://cdn.banki.ru/cdn/bank/6055_mobile_logo_url.png,24.03.2026 16:18,6055,60551,bank,МТС Банк,https://cdn.banki.ru/cdn/bank/6055_mobile_logo_url.png,2268,www.mtsbank.ru,8 800 250-05-20,"115432, г. Москва, просп. Андропова, д. 18, корп. 1",mts-bank,RUB,https://www.banki.ru/products/credits/credit/4801/,11.9,39.9,,20000,5000000,,365,1825,1y,5y,,09935ae1e2e58a074b655f16f0e0fcedb47dd10bba38747e6510d1666cbdd3cd,True,2026-08-24 13:50:38,,"11,9–39,9%",,,20 000–5 000 000 ₽,4,,,,,,,,
19347,335203,credit,На любые цели под залог недвижимости,На любые цели под залог недвижимости,https://www.banki.ru/products/credits/credit/3352/,https://cdn.banki.ru/cdn/card-designs/ATB_6c3ba5efa1.png,27.03.2026 15:31,192833,1928331,bank,Азиатско-Тихоокеанский банк (АТБ),https://cdn.banki.ru/cdn/card-designs/ATB_6c3ba5efa1.png,1810,www.atb.su,8 800 775-88-88,"675000, Амурская обл., г. Благовещенск, ул. Амурская, д. 225",atb,RUB,https://www.banki.ru/products/credits/credit/3352/,21.8,26.3,,500000,20000000,,1095,7300,3y,20y,,9fe4f0f5da467543580e0f337d31602f56d74fad17d7f33409fb74fceda87e67,True,2026-08-24 13:50:38,,"21,8–26,3%",,,500 000–20 000 000 ₽,4,,,,,,,,
19847,21115503,credit,На любые цели,На любые цели,https://www.banki.ru/products/credits/credit/211155/,https://cdn.banki.ru/cdn/bank/37473_mobile_logo_url.png,26.03.2026 16:59,37473,374731,bank,СДМ-Банк,https://cdn.banki.ru/cdn/bank/37473_mobile_logo_url.png,1637,www.sdm.ru,8 800 200-02-23,"125424, г. Москва, Волоколамское ш., д. 73",sdm-bank,RUB,https://www.banki.ru/products/credits/credit/211155/,25.0,25.0,,100000,3000000,,30,1460,1m,4y,,5dd64c80d1deaea504da53c98d87dbed1592ed05094fd2984bc5508f891198d8,True,2026-08-24 13:50:38,,25%,,,100 000–3 000 000 ₽,4,,,,,,,,
19754,20115003,credit,Под залог недвижимости,Под залог недвижимости,https://www.banki.ru/products/credits/credit/201150/,https://cdn.banki.ru/cdn/bank/9011_mobile_logo_url.png,15.06.2026 17:54,9011,90111,bank,Металлинвестбанк,https://cdn.banki.ru/cdn/bank/9011_mobile_logo_url.png,2440,www.metallinvestbank.ru,8 800 250-97-97,"119180, г. Москва, ул. Большая Полянка, д. 47, стр. 2",metallinvestbank,RUB,https://www.banki.ru/products/credits/credit/201150/,20.5,21.5,,500000,15000000,,365,10950,1y,30y,,9e09387bbf64aefef0da11a20c5c06e692cfd5699468fc68277f051687a71877,True,2026-08-24 13:50:38,,"20,5–21,5%",,,500 000–15 000 000 ₽,4,,,,,,,,
17201,511903,credit,Акционный (с обеспечением),Акционный (с обеспечением),https://www.banki.ru/products/credits/credit/5119/,https://cdn.banki.ru/cdn/bank/191203_mobile_logo_url.png,18.06.2026 14:37,191203,1912031,bank,Примсоцбанк,https://cdn.banki.ru/cdn/bank/191203_mobile_logo_url.png,2733,www.pskb.com,8 800 350-42-02,"690106, Приморский край, г. Владивосток, Партизанский пр-т, д. 44",primsotsbank,RUB,https://www.banki.ru/products/credits/credit/5119/,20.4,30.4,,100000,5000000,,1460,1825,4y,5y,,130db8a572f412d1aa97f14e375a29d9e152a97e89ac69c1ee1b0192e3a1befb,True,2026-08-24 13:50:38,,"20,4–30,4%",,,100 000–5 000 000 ₽,4,,,,,,,,
19861,21115803,credit,Рациональный (с обеспечением),Рациональный (с обеспечением),https://www.banki.ru/products/credits/credit/211158/,https://cdn.banki.ru/cdn/bank/191203_mobile_logo_url.png,19.06.2026 15:52,191203,1912031,bank,Примсоцбанк,https://cdn.banki.ru/cdn/bank/191203_mobile_logo_url.png,2733,www.pskb.com,8 800 350-42-02,"690106, Приморский край, г. Владивосток, Партизанский пр-т, д. 44",primsotsbank,RUB,https://www.banki.ru/products/credits/credit/211158/,20.4,30.4,,100000,5000000,,730,1825,2y,5y,,97748f87647a01dc50da0e6e1d4dac1817a5f89af8cd95eb60c2e53ea4cf813c,True,2026-08-24 13:50:38,,"20,4–30,4%",,,100 000–5 000 000 ₽,4,,,,,,,,
19860,21115703,credit,Рациональный,Рациональный,https://www.banki.ru/products/credits/credit/211157/,https://cdn.banki.ru/cdn/bank/191203_mobile_logo_url.png,19.06.2026 15:52,191203,1912031,bank,Примсоцбанк,https://cdn.banki.ru/cdn/bank/191203_mobile_logo_url.png,2733,www.pskb.com,8 800 350-42-02,"690106, Приморский край, г. Владивосток, Партизанский пр-т, д. 44",primsotsbank,RUB,https://www.banki.ru/products/credits/credit/211157/,20.4,30.4,,100000,2000000,,730,1825,2y,5y,,b4bcaf323bebcf42b217651ba84b4e2085ccae9ca2d30716d71827e7d17f1e7d,True,2026-08-24 13:50:38,,"20,4–30,4%",,,100 000–2 000 000 ₽,4,,,,,,,,
19419,505103,credit,Под залог недвижимости,Под залог недвижимости,https://www.banki.ru/products/credits/credit/5051/,https://cdn.banki.ru/cdn/bank/191203_mobile_logo_url.png,18.06.2026 14:39,191203,1912031,bank,Примсоцбанк,https://cdn.banki.ru/cdn/bank/191203_mobile_logo_url.png,2733,www.pskb.com,8 800 350-42-02,"690106, Приморский край, г. Владивосток, Партизанский пр-т, д. 44",primsotsbank,RUB,https://www.banki.ru/products/credits/credit/5051/,20.6,21.6,,500000,50000000,,365,9125,1y,25y,,bcc010fc1c6a559e40855569bae70ccbf10f2659f6f19f29008924a486fbd044,True,2026-08-24 13:50:38,,"20,6–21,6%",,,500 000–50 000 000 ₽,4,,,,,,,,
17039,460003,credit,Для пенсионеров (с обеспечением),Для пенсионеров (с обеспечением),https://www.banki.ru/products/credits/credit/4600/,https://cdn.banki.ru/cdn/bank/191203_mobile_logo_url.png,19.06.2026 15:55,191203,1912031,bank,Примсоцбанк,https://cdn.banki.ru/cdn/bank/191203_mobile_logo_url.png,2733,www.pskb.com,8 800 350-42-02,"690106, Приморский край, г. Владивосток, Партизанский пр-т, д. 44",primsotsbank,RUB,https://www.banki.ru/products/credits/credit/4600/,24.4,24.4,,30000,7000000,,183,1825,6m,5y,,915491a27ec45231ef2def91b137568b9b338e54bf7f4d861290068adec503a5,True,2026-08-24 13:50:38,,"24,4%",,,30 000–7 000 000 ₽,4,,,,,,,,
17038,459903,credit,Для пенсионеров,Для пенсионеров,https://www.banki.ru/products/credits/credit/4599/,https://cdn.banki.ru/cdn/bank/191203_mobile_logo_url.png,19.06.2026 15:55,191203,1912031,bank,Примсоцбанк,https://cdn.banki.ru/cdn/bank/191203_mobile_logo_url.png,2733,www.pskb.com,8 800 350-42-02,"690106, Приморский край, г. Владивосток, Партизанский пр-т, д. 44",primsotsbank,RUB,https://www.banki.ru/products/credits/credit/4599/,24.4,24.4,,30000,2000000,,183,1825,6m,5y,,a3d03dc035214b957488e46dafe0316cc2dc68240e38d36f44dfae65c59049e9,True,2026-08-24 13:50:38,,"24,4%",,,30 000–2 000 000 ₽,4,,,,,,,,
19866,21116003,credit,Базовый (с обеспечением) ,Базовый (с обеспечением) ,https://www.banki.ru/products/credits/credit/211160/,https://cdn.banki.ru/cdn/bank/191203_mobile_logo_url.png,19.06.2026 16:20,191203,1912031,bank,Примсоцбанк,https://cdn.banki.ru/cdn/bank/191203_mobile_logo_url.png,2733,www.pskb.com,8 800 350-42-02,"690106, Приморский край, г. Владивосток, Партизанский пр-т, д. 44",primsotsbank,RUB,https://www.banki.ru/products/credits/credit/211160/,28.0,28.0,,100000,7000000,,1460,1825,4y,5y,,fab086bd5015429121ad5a1d31cc83ef203da5f4d7ffed33081eb607ee29f94e,True,2026-08-24 13:50:38,,28%,,,100 000–7 000 000 ₽,4,,,,,,,,
19864,21115903,credit,Базовый,Базовый,https://www.banki.ru/products/credits/credit/211159/,https://cdn.banki.ru/cdn/bank/191203_mobile_logo_url.png,19.06.2026 16:20,191203,1912031,bank,Примсоцбанк,https://cdn.banki.ru/cdn/bank/191203_mobile_logo_url.png,2733,www.pskb.com,8 800 350-42-02,"690106, Приморский край, г. Владивосток, Партизанский пр-т, д. 44",primsotsbank,RUB,https://www.banki.ru/products/credits/credit/211159/,28.0,28.0,,100000,2000000,,1460,1825,4y,5y,,de7fd44b15744fccb036dc7ab5a89afa1a5dbdeb4fa358a1317bd517ca9a84f3,True,2026-08-24 13:50:38,,28%,,,100 000–2 000 000 ₽,4,,,,,,,,
16750,51703,credit,Оптимальный (с обеспечением),Оптимальный (с обеспечением),https://www.banki.ru/products/credits/credit/517/,https://cdn.banki.ru/cdn/bank/191203_mobile_logo_url.png,19.06.2026 15:54,191203,1912031,bank,Примсоцбанк,https://cdn.banki.ru/cdn/bank/191203_mobile_logo_url.png,2733,www.pskb.com,8 800 350-42-02,"690106, Приморский край, г. Владивосток, Партизанский пр-т, д. 44",primsotsbank,RUB,https://www.banki.ru/products/credits/credit/517/,29.9,29.9,,30000,7000000,,397,1825,13m,5y,,49f3fb5dac11d8d10f53107d6bd97b33031d4c27c6cea5eb0af165e802249726,True,2026-08-24 13:50:38,,"29,9%",,,30 000–7 000 000 ₽,4,,,,,,,,
16749,51603,credit,Оптимальный,Оптимальный,https://www.banki.ru/products/credits/credit/516/,https://cdn.banki.ru/cdn/bank/191203_mobile_logo_url.png,18.06.2026 14:28,191203,1912031,bank,Примсоцбанк,https://cdn.banki.ru/cdn/bank/191203_mobile_logo_url.png,2733,www.pskb.com,8 800 350-42-02,"690106, Приморский край, г. Владивосток, Партизанский пр-т, д. 44",primsotsbank,RUB,https://www.banki.ru/products/credits/credit/516/,29.9,29.9,,30000,2000000,,397,1825,13m,5y,,1873e67867472a5ecda63b154379b9066a9e20d2d558a1b011adcc5a805f5f17,True,2026-08-24 13:50:38,,"29,9%",,,30 000–2 000 000 ₽,4,,,,,,,,
20016,20116003,credit,VIP залог,VIP залог,https://www.banki.ru/products/credits/credit/201160/,https://cdn.banki.ru/cdn/bank/196704_mobile_logo_url.png,16.06.2026 12:28,196704,1967041,bank,Банк НООСФЕРА,https://cdn.banki.ru/cdn/bank/196704_mobile_logo_url.png,2650,www.noosferabank.ru,8 800 533-36-03,"141109, Московская обл., г. Щелково, ул. Талсинская, д. 59, стр. 3а",noosfera,RUB,https://www.banki.ru/products/credits/credit/201160/,24.99,42.0,,15000000,100000000,,30,7300,1m,20y,,aef9f37ccb3aaad1d1844740868ce222b44f9082df1b2d87ddc2732885e33265,True,2026-08-24 13:50:38,,"24,99–42%",,,15 000 000–100 000 000 ₽,4,,,,,,,,
17770,20109003,credit,На любые цели,На любые цели,https://www.banki.ru/products/credits/credit/201090/,https://cdn.banki.ru/cdn/bank/187472_mobile_logo_url.png,17.06.2026 18:46,187472,1874721,bank,Яндекс Банк,https://cdn.banki.ru/cdn/bank/187472_mobile_logo_url.png,3027,bank.yandex.ru,+7 (495) 787-37-96,"115035, г. Москва, ул. Садовническая, д. 82 стр. 2",yandexbank,RUB,https://www.banki.ru/products/credits/credit/201090/,1.0,100.0,,30000,1000000,,92,1825,3m,5y,,9af7c38832a51949d206b79a469a8ad11575ea26990abe4b1b32e4abf0c27659,True,2026-08-24 13:50:38,,1–100%,,,30 000–1 000 000 ₽,4,,,,,,,,
17311,527303,credit,На любые цели — авто,На любые цели — авто,https://www.banki.ru/products/credits/credit/5273/,https://cdn.banki.ru/cdn/bank/191120_modern_logo_url.svg,17.06.2026 18:31,191120,1911201,bank,Банк «Левобережный»,https://cdn.banki.ru/cdn/bank/191120_modern_logo_url.svg,1343,www.nskbl.ru,8 800 333-35-55,"630102, г. Новосибирск, ул. Кирова, д. 48",levoberezhny,RUB,https://www.banki.ru/products/credits/credit/5273/,13.9,22.9,,5000,2000000,,183,2555,6m,7y,,6b696d0dd18eeb492460920d8d855752c7d3dfaa6c7c15524d773341e87513f2,True,2026-08-24 13:50:38,,"13,9–22,9%",,,5 000–2 000 000 ₽,4,,,,,,,,
16953,405103,credit,Просто,Просто,https://www.banki.ru/products/credits/credit/4051/,https://cdn.banki.ru/cdn/bank/192866_mobile_logo_url.png,16.06.2026 18:54,192866,1928661,bank,Банк Акцепт,https://cdn.banki.ru/cdn/bank/192866_mobile_logo_url.png,567,www.akcept.ru,8 800 100-27-37,"630099, г. Новосибирск, ул. Советская, д. 14",akcept,RUB,https://www.banki.ru/products/credits/credit/4051/,9.8,29.5,,50000,1500000,,549,1825,18m,5y,,9c130d6daf6e75160126e113652bde931fd347b2539d9277caa1a2166b37dff4,True,2026-08-24 13:50:38,,"9,8–29,5%",,,50 000–1 500 000 ₽,4,,,,,,,,
19329,193903,credit,Под залог недвижимости,Под залог недвижимости,https://www.banki.ru/products/credits/credit/1939/,https://cdn.banki.ru/cdn/bank/192866_mobile_logo_url.png,16.06.2026 18:55,192866,1928661,bank,Банк Акцепт,https://cdn.banki.ru/cdn/bank/192866_mobile_logo_url.png,567,www.akcept.ru,8 800 100-27-37,"630099, г. Новосибирск, ул. Советская, д. 14",akcept,RUB,https://www.banki.ru/products/credits/credit/1939/,15.8,27.5,,500000,15000000,,1095,5475,3y,15y,,307a248898d4d20991dec7fdf03b15d8200f3abc144baa775c8ce9c4bdf3282a,True,2026-08-24 13:50:38,,"15,8–27,5%",,,500 000–15 000 000 ₽,4,,,,,,,,
17036,459503,credit,На любые цели,На любые цели,https://www.banki.ru/products/credits/credit/4595/,https://cdn.banki.ru/cdn/bank/5348_mobile_logo_url.png,15.06.2026 18:00,5348,53481,bank,Инго Банк,https://cdn.banki.ru/cdn/bank/5348_mobile_logo_url.png,2307,www.ingobank.ru,8 800 100-33-22,"127030, г. Москва, ул. Сущевская, д. 27, стр. 1",ingobank,RUB,https://www.banki.ru/products/credits/credit/4595/,11.7,45.0,,50000,3000000,,365,2555,1y,7y,,486904ec7768efe117118a28a2b5f24b1f976319681f473cd5e44c54ac7b7014,True,2026-08-24 13:50:38,,"11,7–45%",,,50 000–3 000 000 ₽,4,,,,,,,,
17081,477003,credit,На любые цели (с обеспечением),На любые цели (с обеспечением),https://www.banki.ru/products/credits/credit/4770/,https://cdn.banki.ru/cdn/bank/8534_mobile_logo_url.png,11.06.2026 17:11,8534,85341,bank,Русьуниверсалбанк,https://cdn.banki.ru/cdn/bank/8534_mobile_logo_url.png,3293,www.rubank.ru,+7 (495) 917-76-04,"105064, г. Москва, Малый Казенный пер., д. 14, стр. 1",rusuniversalbank,RUB,https://www.banki.ru/products/credits/credit/4770/,15.5,20.5,,50000,20000000,,183,3650,6m,10y,,63ceb69375f5bcf5edd3d2669d0d7a4c779dfafa4d7df32c516c708f96e4aa53,True,2026-08-24 13:50:38,,"15,5–20,5%",,,50 000–20 000 000 ₽,4,,,,,,,,
19420,505303,credit,Дом мечты,Дом мечты,https://www.banki.ru/products/credits/credit/5053/,,16.06.2026 18:47,189909,1899091,bank,ТАТСОЦБАНК,,480,www.tatsotsbank.ru,8 800 350-51-51,"420111, г. Казань, ул. Чернышевского, д. 18/23",tatsotsbank,RUB,https://www.banki.ru/products/credits/credit/5053/,17.5,21.0,,300000,100000000,,365,10950,1y,30y,,c1773b5fc2facd5d2175185a04b29481d114b7ee2db0c4d46157232ef25f898b,True,2026-08-24 13:50:38,,"17,5–21%",,,300 000–100 000 000 ₽,4,,,,,,,,
19408,500603,credit,Под залог недвижимости,Под залог недвижимости,https://www.banki.ru/products/credits/credit/5006/,,16.06.2026 18:47,189909,1899091,bank,ТАТСОЦБАНК,,480,www.tatsotsbank.ru,8 800 350-51-51,"420111, г. Казань, ул. Чернышевского, д. 18/23",tatsotsbank,RUB,https://www.banki.ru/products/credits/credit/5006/,20.5,23.5,,200000,100000000,,365,5475,1y,15y,,c20e1d0dd2a604052bb8241dd9a8ae06dec0746e17658f0a55abae7580f691be,True,2026-08-24 13:50:38,,"20,5–23,5%",,,200 000–100 000 000 ₽,4,,,,,,,,
17116,495203,credit,Под залог транспортного средства,Под залог транспортного средства,https://www.banki.ru/products/credits/credit/4952/,,16.06.2026 18:45,189909,1899091,bank,ТАТСОЦБАНК,,480,www.tatsotsbank.ru,8 800 350-51-51,"420111, г. Казань, ул. Чернышевского, д. 18/23",tatsotsbank,RUB,https://www.banki.ru/products/credits/credit/4952/,20.5,23.5,,200000,100000000,,365,5475,1y,15y,,5ffa27f6db4b16396c9abdb7761262af95d11e4ed812d268353ba40de4e76fa4,True,2026-08-24 13:50:38,,"20,5–23,5%",,,200 000–100 000 000 ₽,4,,,,,,,,
19508,20111903,credit,На любые цели,На любые цели,https://www.banki.ru/products/credits/credit/201119/,https://cdn.banki.ru/cdn/bank/191932_mobile_logo_url.png,11.06.2026 15:16,191932,1919321,bank,Северный Народный Банк,https://cdn.banki.ru/cdn/bank/191932_mobile_logo_url.png,2721,www.sevnb.ru,+7 (8212) 40-97-25,"167000, Республика Коми, г. Сыктывкар, ул. Первомайская, д. 68",sevnb,RUB,https://www.banki.ru/products/credits/credit/201119/,19.0,26.5,,100000,5000000,,31,1825,1m,5y,,322257bbb282dc8e71d6670d6775011c7a09c04d76cac06a12cc36d19f6b5d6c,True,2026-08-24 13:50:38,,"19–26,5%",,,100 000–5 000 000 ₽,4,,,,,,,,
19305,20103703,credit,Залоговый,Залоговый,https://www.banki.ru/products/credits/credit/201037/,https://cdn.banki.ru/cdn/bank/188785_mobile_logo_url.png,17.06.2026 18:53,188785,1887851,bank,Газтрансбанк,https://cdn.banki.ru/cdn/bank/188785_mobile_logo_url.png,665,www.gaztransbank.ru,+7 (861) 279-03-05,"350015, Краснодарский край, г. Краснодар, ул. Северная, д. 321",gaztransbank,RUB,https://www.banki.ru/products/credits/credit/201037/,20.0,25.0,,500000,15000000,,365,2555,3y,7y,,e21809992c04889cb1a729c5d5705913dbc8e420ed42bed9ba9911005d96df3f,True,2026-08-24 13:50:38,,20–25%,,,500 000–15 000 000 ₽,4,,,,,,,,
17092,482803,credit,Легкий,Легкий,https://www.banki.ru/products/credits/credit/4828/,https://cdn.banki.ru/cdn/bank/188785_mobile_logo_url.png,17.06.2026 18:54,188785,1887851,bank,Газтрансбанк,https://cdn.banki.ru/cdn/bank/188785_mobile_logo_url.png,665,www.gaztransbank.ru,+7 (861) 279-03-05,"350015, Краснодарский край, г. Краснодар, ул. Северная, д. 321",gaztransbank,RUB,https://www.banki.ru/products/credits/credit/4828/,21.5,27.5,,50000,1000000,,365,1825,3y,5y,,1e97c846ca7f089732e387cfd95375dc20be3b829f324220060289bc20e11397,True,2026-08-24 13:50:38,,"21,5–27,5%",,,50 000–1 000 000 ₽,4,,,,,,,,
18977,20113903,credit,Газификация,Газификация,https://www.banki.ru/products/credits/credit/201139/,https://cdn.banki.ru/cdn/bank/188785_mobile_logo_url.png,17.06.2026 18:54,188785,1887851,bank,Газтрансбанк,https://cdn.banki.ru/cdn/bank/188785_mobile_logo_url.png,665,www.gaztransbank.ru,+7 (861) 279-03-05,"350015, Краснодарский край, г. Краснодар, ул. Северная, д. 321",gaztransbank,RUB,https://www.banki.ru/products/credits/credit/201139/,24.5,29.0,,20000,300000,,365,1825,3y,5y,,3c06f3e386784e87da988664fb7331f01a7eac1a5c665e4863988a670170ef74,True,2026-08-24 13:50:38,,"24,5–29%",,,20 000–300 000 ₽,4,,,,,,,,
19340,304103,credit,Под залог недвижимого имущества,Под залог недвижимого имущества,https://www.banki.ru/products/credits/credit/3041/,https://cdn.banki.ru/cdn/bank/12092_mobile_logo_url.png,11.06.2026 17:12,12092,120921,bank,ББР Банк,https://cdn.banki.ru/cdn/bank/12092_mobile_logo_url.png,2929,www.bbr.ru,8 800 220-40-00,"121099, Москва, 1-й Николощеповский пер., 6, стр. 1",bbrbank,RUB,https://www.banki.ru/products/credits/credit/3041/,20.5,21.7,,1000000,30000000,,1095,3650,3y,10y,,9755c571ba897df103aa7dffe59febf43c8ba7de83bae3adae3a69584c63e2b6,True,2026-08-24 13:50:38,,"20,5–21,7%",,,1 000 000–30 000 000 ₽,4,,,,,,,,
16911,377803,credit,Под залог движимого имущества,Под залог движимого имущества,https://www.banki.ru/products/credits/credit/3778/,https://cdn.banki.ru/cdn/bank/12092_mobile_logo_url.png,11.06.2026 17:13,12092,120921,bank,ББР Банк,https://cdn.banki.ru/cdn/bank/12092_mobile_logo_url.png,2929,www.bbr.ru,8 800 220-40-00,"121099, Москва, 1-й Николощеповский пер., 6, стр. 1",bbrbank,RUB,https://www.banki.ru/products/credits/credit/3778/,21.5,22.4,,450000,6000000,,730,1825,2y,5y,,ca5b26392805fa9f80ac6c7c97ce0da6913c4e70b989193b106f2393456933df,True,2026-08-24 13:50:38,,"21,5–22,4%",,,450 000–6 000 000 ₽,4,,,,,,,,
19318,96903,credit,На любые цели (под залог недвижимости),На любые цели (под залог недвижимости),https://www.banki.ru/products/credits/credit/969/,,16.06.2026 18:50,191189,1911891,bank,Прио-Внешторгбанк,,212,www.priovtb.com,+7 (4912) 20-00-03,"390023, г. Рязань, ул. Есенина, д. 82/26",priovtb,RUB,https://www.banki.ru/products/credits/credit/969/,21.7,22.9,,50000,100000000,,397,3650,13m,10y,,3af2403a272b812edbd4f617a16c1ee04bf04be2c00e967316b770b818ce21c2,True,2026-08-24 13:50:38,,"21,7–22,9%",,,50 000–100 000 000 ₽,4,,,,,,,,
16915,379603,credit,На любые цели (под залог авто),На любые цели (под залог авто),https://www.banki.ru/products/credits/credit/3796/,,16.06.2026 18:51,191189,1911891,bank,Прио-Внешторгбанк,,212,www.priovtb.com,+7 (4912) 20-00-03,"390023, г. Рязань, ул. Есенина, д. 82/26",priovtb,RUB,https://www.banki.ru/products/credits/credit/3796/,21.9,25.7,,50000,100000000,,397,1825,13m,5y,,a75b8e15326af7c4d965cccb7d090470ccf982dc8901a4cbf242c2439e1eed9d,True,2026-08-24 13:50:38,,"21,9–25,7%",,,50 000–100 000 000 ₽,4,,,,,,,,
16948,402703,credit,На любые цели,На любые цели,https://www.banki.ru/products/credits/credit/4027/,https://cdn.banki.ru/cdn/bank/124449_mobile_logo_url.png,18.06.2026 16:15,124449,1244491,bank,Центр-инвест,https://cdn.banki.ru/cdn/bank/124449_mobile_logo_url.png,2225,www.centrinvest.ru,+7 (863) 200-00-00,"344000, г. Ростов-на-Дону, просп. Соколова, д. 62",centr-invest,RUB,https://www.banki.ru/products/credits/credit/4027/,22.25,23.0,,10000,1000000,,365,1825,1y,5y,,beae9b63bd09c7624b40cf173d5b703e2c66b43917f5320ff4f5843359b48c83,True,2026-08-24 13:50:38,,"22,25–23%",,,10 000–1 000 000 ₽,4,,,,,,,,
17648,20105103,credit,Для самозанятых,Для самозанятых,https://www.banki.ru/products/credits/credit/201051/,https://cdn.banki.ru/cdn/bank/124449_mobile_logo_url.png,18.06.2026 16:16,124449,1244491,bank,Центр-инвест,https://cdn.banki.ru/cdn/bank/124449_mobile_logo_url.png,2225,www.centrinvest.ru,+7 (863) 200-00-00,"344000, г. Ростов-на-Дону, просп. Соколова, д. 62",centr-invest,RUB,https://www.banki.ru/products/credits/credit/201051/,22.75,23.0,,10000,3000000,,365,1825,1y,5y,,18c9032fbcdd5ee426753703da17a3f2d093242cacdc90d909fcdd305e3c93e2,True,2026-08-24 13:50:38,,"22,75–23%",,,10 000–3 000 000 ₽,4,,,,,,,,
19430,514003,credit,Под залог недвижимости,Под залог недвижимости,https://www.banki.ru/products/credits/credit/5140/,https://cdn.banki.ru/cdn/bank/191082_mobile_logo_url.png,17.06.2026 17:47,191082,1910821,bank,Банк «Приморье»,https://cdn.banki.ru/cdn/bank/191082_mobile_logo_url.png,3001,www.primbank.ru,8 800 200-20-86,"690091, Приморский край, г. Владивосток, ул. Светланская, д. 47",primorye,RUB,https://www.banki.ru/products/credits/credit/5140/,24.0,27.5,,500000,30000000,,397,5475,13m,15y,,d9187c019cf603e8d303d92e23d65b86446f35d7cbaad5eae6fc8ca1146bbf71,True,2026-08-24 13:50:38,,"24–27,5%",,,500 000–30 000 000 ₽,4,,,,,,,,
17216,514103,credit,Под залог авто,Под залог авто,https://www.banki.ru/products/credits/credit/5141/,https://cdn.banki.ru/cdn/bank/191082_mobile_logo_url.png,17.06.2026 17:43,191082,1910821,bank,Банк «Приморье»,https://cdn.banki.ru/cdn/bank/191082_mobile_logo_url.png,3001,www.primbank.ru,8 800 200-20-86,"690091, Приморский край, г. Владивосток, ул. Светланская, д. 47",primorye,RUB,https://www.banki.ru/products/credits/credit/5141/,24.5,28.0,,500000,7000000,,397,1825,13m,5y,,ad8690dd322e6ef0e2aa9916612d125f5f15761a7dfdbb36c12a9c33547e9edf,True,2026-08-24 13:50:38,,"24,5–28%",,,500 000–7 000 000 ₽,4,,,,,,,,
17045,461803,credit,Наличными,Наличными,https://www.banki.ru/products/credits/credit/4618/,https://cdn.banki.ru/cdn/bank/191082_mobile_logo_url.png,17.06.2026 17:45,191082,1910821,bank,Банк «Приморье»,https://cdn.banki.ru/cdn/bank/191082_mobile_logo_url.png,3001,www.primbank.ru,8 800 200-20-86,"690091, Приморский край, г. Владивосток, ул. Светланская, д. 47",primorye,RUB,https://www.banki.ru/products/credits/credit/4618/,29.0,32.5,,300000,2000000,,396,1825,13m,5y,,7481bbd7d2cc1bba054b21c4cc25d64197d112aaa89cfaee298f574f58cd7980,True,2026-08-24 13:50:38,,"29–32,5%",,,300 000–2 000 000 ₽,4,,,,,,,,
16857,334203,credit,КУБ-Помощь,КУБ-Помощь,https://www.banki.ru/products/credits/credit/3342/,https://cdn.banki.ru/cdn/bank/191036_mobile_logo_url.png,17.06.2026 18:21,191036,1910361,bank,Кредит Урал Банк,https://cdn.banki.ru/cdn/bank/191036_mobile_logo_url.png,2584,www.creditural.ru,+7 (3519) 24-89-33,"455044, Челябинская обл., г. Магнитогорск, ул. Гагарина, д. 17",credituralbank,RUB,https://www.banki.ru/products/credits/credit/3342/,26.65,29.15,,30000,5000000,,397,1825,13m,5y,,a02c1eb7e457a429f3749dd825cf16691f3e6eae189445d73e713599e26c8ac7,True,2026-08-24 13:50:38,,"26,65–29,15%",,,30 000–5 000 000 ₽,4,,,,,,,,
17646,20104903,credit,КУБ-Комфорт (под залог автомобиля),КУБ-Комфорт (под залог автомобиля),https://www.banki.ru/products/credits/credit/201049/,https://cdn.banki.ru/cdn/bank/191036_mobile_logo_url.png,17.06.2026 18:17,191036,1910361,bank,Кредит Урал Банк,https://cdn.banki.ru/cdn/bank/191036_mobile_logo_url.png,2584,www.creditural.ru,+7 (3519) 24-89-33,"455044, Челябинская обл., г. Магнитогорск, ул. Гагарина, д. 17",credituralbank,RUB,https://www.banki.ru/products/credits/credit/201049/,25.5,30.95,,30000,5000000,,396,2555,13m,7y,,5c0e1053795fb6bd41384af34d0e764e687b52bca6ae2b4a814ad1f33b0bff70,True,2026-08-24 13:50:38,,"25,5–30,95%",,,30 000–5 000 000 ₽,4,,,,,,,,
16856,333203,credit,КУБ-Комфорт,КУБ-Комфорт,https://www.banki.ru/products/credits/credit/3332/,https://cdn.banki.ru/cdn/bank/191036_mobile_logo_url.png,17.06.2026 18:16,191036,1910361,bank,Кредит Урал Банк,https://cdn.banki.ru/cdn/bank/191036_mobile_logo_url.png,2584,www.creditural.ru,+7 (3519) 24-89-33,"455044, Челябинская обл., г. Магнитогорск, ул. Гагарина, д. 17",credituralbank,RUB,https://www.banki.ru/products/credits/credit/3332/,26.0,31.45,,30000,5000000,,396,1825,13m,5y,,9135fa6ff5904ad71a676d34a06e5b03972be9d91d5f1206711b14d2a31fa9ef,True,2026-08-24 13:50:38,,"26–31,45%",,,30 000–5 000 000 ₽,4,,,,,,,,
16858,334403,credit,КУБ-Пенсионный,КУБ-Пенсионный,https://www.banki.ru/products/credits/credit/3344/,https://cdn.banki.ru/cdn/bank/191036_mobile_logo_url.png,17.06.2026 18:17,191036,1910361,bank,Кредит Урал Банк,https://cdn.banki.ru/cdn/bank/191036_mobile_logo_url.png,2584,www.creditural.ru,+7 (3519) 24-89-33,"455044, Челябинская обл., г. Магнитогорск, ул. Гагарина, д. 17",credituralbank,RUB,https://www.banki.ru/products/credits/credit/3344/,27.2,28.95,,10000,1000000,,396,2555,13m,7y,,a57ecd23b63b221fd7feca64caa434d9d204405ae5bf7292c2b2288540956a3c,True,2026-08-24 13:50:38,,"27,2–28,95%",,,10 000–1 000 000 ₽,4,,,,,,,,
16876,348603,credit,Наличными,Наличными,https://www.banki.ru/products/credits/credit/3486/,https://cdn.banki.ru/cdn/bank/9183_mobile_logo_url.png,20.08.2026 12:35,9183,91831,bank,Локо-Банк,https://cdn.banki.ru/cdn/bank/9183_mobile_logo_url.png,2707,www.lockobank.ru,8 800 250-50-50,"125167, г. Москва, Ленинградский просп., д. 39, стр. 80",locko-bank,RUB,https://www.banki.ru/products/credits/credit/3486/,16.0,55.9,,50000,6000000,,365,2555,1y,7y,,a3f9f6461de5eee59c6de682f5248ac88cca90e4865fe4f1f6cf532adedbbb03,True,2026-08-24 13:50:38,,"16–55,9%",,,50 000–6 000 000 ₽,4,,,,,,,,
16812,272703,credit,На любые цели,На любые цели,https://www.banki.ru/products/credits/credit/2727/,https://cdn.banki.ru/cdn/bank/17111_mobile_logo_url.png,18.08.2026 17:22,17111,171111,bank,Банк Финсервис,https://cdn.banki.ru/cdn/bank/17111_mobile_logo_url.png,3388,www.finsb.ru,8 800 200-07-67,"121151, г. Москва, наб. Тараса Шевченко, д. 23А",finservice,RUB,https://www.banki.ru/products/credits/credit/2727/,21.75,26.75,,50000,1500000,,183,1825,1m3y,5y,,9439a84b56f37feaffd14a820fee0277aa81a04ce035910d9c273a5414f95cbe,True,2026-08-24 13:50:38,,"21,75–26,75%",,,50 000–1 500 000 ₽,4,,,,,,,,
17012,446803,credit,На любые цели (под поручительство),На любые цели (под поручительство),https://www.banki.ru/products/credits/credit/4468/,https://cdn.banki.ru/cdn/bank/17111_mobile_logo_url.png,18.08.2026 17:35,17111,171111,bank,Банк Финсервис,https://cdn.banki.ru/cdn/bank/17111_mobile_logo_url.png,3388,www.finsb.ru,8 800 200-07-67,"121151, г. Москва, наб. Тараса Шевченко, д. 23А",finservice,RUB,https://www.banki.ru/products/credits/credit/4468/,20.75,25.75,,1500001,100000000,,183,1825,1m3y,5y,,399a3b8b02f20f07e6ef4cfb4aee4fe332e1126b0949cdad2ec5eb431e1a0490,True,2026-08-24 13:50:38,,"20,75–25,75%",,,1 500 001–100 000 000 ₽,4,,,,,,,,
19337,298003,credit,Под залог,Под залог,https://www.banki.ru/products/credits/credit/2980/,https://cdn.banki.ru/cdn/bank/17111_mobile_logo_url.png,18.08.2026 16:42,17111,171111,bank,Банк Финсервис,https://cdn.banki.ru/cdn/bank/17111_mobile_logo_url.png,3388,www.finsb.ru,8 800 200-07-67,"121151, г. Москва, наб. Тараса Шевченко, д. 23А",finservice,RUB,https://www.banki.ru/products/credits/credit/2980/,18.25,21.25,,500000,100000000,,183,3650,6m,10y,,4457872d23f03a7e3115908179a2cab51f3083075b37e3d08856713e9330f2b0,True,2026-08-24 13:50:38,,"18,25–21,25%",,,500 000–100 000 000 ₽,4,,,,,,,,
19864,21115903,credit,Базовый,Базовый,https://www.banki.ru/products/credits/credit/211159/,https://cdn.banki.ru/cdn/bank/191203_mobile_logo_url.png,31.07.2026 12:11,191203,1912031,bank,Примсоцбанк,https://cdn.banki.ru/cdn/bank/191203_mobile_logo_url.png,2733,www.pskb.com,8 800 350-42-02,"690106, Приморский край, г. Владивосток, Партизанский пр-т, д. 44",primsotsbank,RUB,https://www.banki.ru/products/credits/credit/211159/,27.5,27.5,,100000,2000000,,1460,1825,4y,5y,,8ff87ee0fc19a52dcda9f3263c49c4378e7747df12dec24b14702f2e509ba5c0,True,2026-08-24 13:50:38,,"27,5%",,,100 000–2 000 000 ₽,4,,,,,,,,
19866,21116003,credit,Базовый (с обеспечением) ,Базовый (с обеспечением) ,https://www.banki.ru/products/credits/credit/211160/,https://cdn.banki.ru/cdn/bank/191203_mobile_logo_url.png,31.07.2026 12:13,191203,1912031,bank,Примсоцбанк,https://cdn.banki.ru/cdn/bank/191203_mobile_logo_url.png,2733,www.pskb.com,8 800 350-42-02,"690106, Приморский край, г. Владивосток, Партизанский пр-т, д. 44",primsotsbank,RUB,https://www.banki.ru/products/credits/credit/211160/,27.5,27.5,,100000,7000000,,1460,1825,4y,5y,,297800df2acc7a3143b6fa4f7189bc052c7507b059c29b33c9fc97bcc570b418,True,2026-08-24 13:50:38,,"27,5%",,,100 000–7 000 000 ₽,4,,,,,,,,
16791,177003,credit,Наличными,Наличными,https://www.banki.ru/products/credits/credit/1770/,https://cdn.banki.ru/cdn/bank/192869_mobile_logo_url.png,30.07.2026 19:01,192869,1928691,bank,ЕВРОАЛЬЯНС,https://cdn.banki.ru/cdn/bank/192869_mobile_logo_url.png,1781,www.euroalliance.ru,8 800 700-92-22,"153000, г. Иваново, ул. Станко, д. 13",euroalliance,RUB,https://www.banki.ru/products/credits/credit/1770/,19.0,20.0,,100000,3000000,,31,1095,2y,3y,,2233b088a28957dbf90cbd242ac2a8c6fd9bc870526aa954d8739c262f70b79d,True,2026-08-24 13:50:38,,19–20%,,,100 000–3 000 000 ₽,4,,,,,,,,
19328,177103,credit,Наличными (с обеспечением),Наличными (с обеспечением),https://www.banki.ru/products/credits/credit/1771/,https://cdn.banki.ru/cdn/bank/192869_mobile_logo_url.png,30.07.2026 19:02,192869,1928691,bank,ЕВРОАЛЬЯНС,https://cdn.banki.ru/cdn/bank/192869_mobile_logo_url.png,1781,www.euroalliance.ru,8 800 700-92-22,"153000, г. Иваново, ул. Станко, д. 13",euroalliance,RUB,https://www.banki.ru/products/credits/credit/1771/,18.0,19.0,,100000,9000000,,31,1095,2y,3y,,c3b7b4e36fef401777f7a4f3ac6102da9a832738c9ff6b3ede3be7ca8cbc4cf2,True,2026-08-24 13:50:38,,18–19%,,,100 000–9 000 000 ₽,4,,,,,,,,
16993,438803,credit,Без справок,Без справок,https://www.banki.ru/products/credits/credit/4388/,https://cdn.banki.ru/cdn/bank/95970_mobile_logo_url.png,29.07.2026 17:05,95970,959701,bank,Уральский банк реконструкции и развития (УБРиР),https://cdn.banki.ru/cdn/bank/95970_mobile_logo_url.png,429,www.ubrr.ru,8 800 100-02-00,"620063, г. Екатеринбург, ул. 8 Марта, д. 51",ubrr,RUB,https://www.banki.ru/products/credits/credit/4388/,16.0,35.5,,100000,700000,,1095,1825,5y,5y,,e013cae149d8c7ec31e83b2770743cd6df093f727a1a60b83938ce92c92168fe,True,2026-08-24 13:50:38,,"16–35,5%",,,100 000–700 000 ₽,4,,,,,,,,
16756,60903,credit,На любые цели,На любые цели,https://www.banki.ru/products/credits/credit/609/,https://cdn.banki.ru/cdn/bank/95970_mobile_logo_url.png,29.07.2026 17:05,95970,959701,bank,Уральский банк реконструкции и развития (УБРиР),https://cdn.banki.ru/cdn/bank/95970_mobile_logo_url.png,429,www.ubrr.ru,8 800 100-02-00,"620063, г. Екатеринбург, ул. 8 Марта, д. 51",ubrr,RUB,https://www.banki.ru/products/credits/credit/609/,12.0,35.5,,100000,5000000,,1095,1825,5y,5y,,153406e043dce810fd69d797b34abc2c31871d747a832ffead4a7b14dad9762e,True,2026-08-24 13:50:38,,"12–35,5%",,,100 000–5 000 000 ₽,4,,,,,,,,
20297,20116103,credit,Наличными,Наличными,https://www.banki.ru/products/credits/credit/201161/,https://cdn.banki.ru/cdn/bank/196721_mobile_logo_url.png,31.07.2026 13:12,196721,1967211,bank,Агророс Банк,https://cdn.banki.ru/cdn/bank/196721_mobile_logo_url.png,2860,www.agroros.ru,8 800 222-44-19 ,"410017, г. Саратов, ул. Чернышевского, д. 90",agroros,RUB,https://www.banki.ru/products/credits/credit/201161/,20.5,25.0,,1000000,50000000,,30,3650,1m,10y,,0c0bbdc2645fad96591835f50c9f45bc8992b60abc7456d7d4b0936dec8c25d4,True,2026-08-24 13:50:38,,"20,5–25%",,,1 000 000–50 000 000 ₽,4,,,,,,,,
19768,20115103,credit,Под залог недвижимости,Под залог недвижимости,https://www.banki.ru/products/credits/credit/201151/,https://cdn.banki.ru/cdn/bank/7292_mobile_logo_url.png,02.03.2026 13:43,7292,72921,bank,Московский кредитный банк (МКБ),https://cdn.banki.ru/cdn/bank/7292_mobile_logo_url.png,1978,www.mkb.ru,8 800 100-48-88,"107045, г. Москва, Луков пер., д. 2, стр. 1",mkb,RUB,https://www.banki.ru/products/credits/credit/201151/,20.6,21.9,,500000,70000000,,365,10950,1y,30y,,f2e164f8c1ac5e7ec5c5d3bad74c582109b05ba863e42c73052d0be663741733,True,2026-08-24 13:50:38,,"20,6–21,9%",,,500 000–70 000 000 ₽,4,,,,,,,,
16876,348603,credit,Наличными,Наличными,https://www.banki.ru/products/credits/credit/3486/,https://cdn.banki.ru/cdn/bank/9183_mobile_logo_url.png,13.01.2026 14:36,9183,91831,bank,Локо-Банк,https://cdn.banki.ru/cdn/bank/9183_mobile_logo_url.png,2707,www.lockobank.ru,8 800 250-50-50,"125167, г. Москва, Ленинградский просп., д. 39, стр. 80",locko-bank,RUB,https://www.banki.ru/products/credits/credit/3486/,25.9,49.9,,50000,5000000,,365,2555,1y,7y,,fc46877d0228d2af1dde71ac69da689b5f83e79f3b07aaa50df2269ab5da9e9e,True,2026-08-24 13:50:38,,"25,9–49,9%",,,50 000–5 000 000 ₽,4,,,,,,,,
16877,348703,credit,На любые цели под залог авто,На любые цели под залог авто,https://www.banki.ru/products/credits/credit/3487/,https://cdn.banki.ru/cdn/bank/9183_mobile_logo_url.png,10.12.2025 13:01,9183,91831,bank,Локо-Банк,https://cdn.banki.ru/cdn/bank/9183_mobile_logo_url.png,2707,www.lockobank.ru,8 800 250-50-50,"125167, г. Москва, Ленинградский просп., д. 39, стр. 80
",locko-bank,RUB,https://www.banki.ru/products/credits/credit/3487/,25.9,33.9,,500001,10000000,,1095,2920,3y,8y,,ccdea97f93c41c7b3e0b9c4ebface286dc36ce7d66d8f04370f7ecb1fdb41e64,True,2026-08-24 13:50:38,,"25,9–33,9%",,,500 001–10 000 000 ₽,4,,,,,,,,
16876,348603,credit,Наличными,Наличными,https://www.banki.ru/products/credits/credit/3486/,https://cdn.banki.ru/cdn/bank/9183_mobile_logo_url.png,10.12.2025 13:00,9183,91831,bank,Локо-Банк,https://cdn.banki.ru/cdn/bank/9183_mobile_logo_url.png,2707,www.lockobank.ru,8 800 250-50-50,"125167, г. Москва, Ленинградский просп., д. 39, стр. 80
",locko-bank,RUB,https://www.banki.ru/products/credits/credit/3486/,25.9,49.9,,50000,5000000,,365,1825,1y,5y,,c53920ff5836d951add6e5262e1bf0e4898919463f53dbd1b4e095ff8e1067c5,True,2026-08-24 13:50:38,,"25,9–49,9%",,,50 000–5 000 000 ₽,4,,,,,,,,
16964,416103,credit,Доступный,Доступный,https://www.banki.ru/products/credits/credit/4161/,,08.12.2025 16:18,12453,124531,bank,ГЕНБАНК,,2490,www.genbank.ru,8 800 333-55-45,"295011, Республика Крым, г. Симферополь, ул. Севастопольская, д. 13
",genbank,RUB,https://www.banki.ru/products/credits/credit/4161/,21.0,31.0,,30000,4000000,,183,1825,6m,5y,,2b33c25c46fdc0e986139d5d1bd07801ab3ac766fe3360e476d7dd4a78aa7227,True,2026-08-24 13:50:38,,21–31%,,,30 000–4 000 000 ₽,4,,,,,,,,
19465,20096603,credit,Обеспеченный (под залог недвижимости),Обеспеченный (под залог недвижимости),https://www.banki.ru/products/credits/credit/200966/,,08.12.2025 17:26,12453,124531,bank,ГЕНБАНК,,2490,www.genbank.ru,8 800 333-55-45,"295011, Республика Крым, г. Симферополь, ул. Севастопольская, д. 13
",genbank,RUB,https://www.banki.ru/products/credits/credit/200966/,25.0,27.0,,400000,12000000,,1095,5475,3y,15y,,92c39aad583cc9b8a4f49608a324a4757d6fb52d0faac4d02304e9f779771a99,True,2026-08-24 13:50:38,,25–27%,,,400 000–12 000 000 ₽,4,,,,,,,,
17035,459203,credit,Обеспеченный (под залог транспорта),Обеспеченный (под залог транспорта),https://www.banki.ru/products/credits/credit/4592/,,08.12.2025 16:24,12453,124531,bank,ГЕНБАНК,,2490,www.genbank.ru,8 800 333-55-45,"295011, Республика Крым, г. Симферополь, ул. Севастопольская, д. 13
",genbank,RUB,https://www.banki.ru/products/credits/credit/4592/,26.0,27.0,,300000,6000000,,1095,1825,3y,5y,,293ebfff52e28f0fce19786f5fcf83f96910928b92f75ddbcf148f15f7680a97,True,2026-08-24 13:50:38,,26–27%,,,300 000–6 000 000 ₽,4,,,,,,,,
17162,505503,credit,Под залог авто,Под залог авто,https://www.banki.ru/products/credits/credit/5055/,https://cdn.banki.ru/cdn/bank/863_mobile_logo_url.png,03.07.2026 16:18,863,8631,bank,Банк ЗЕНИТ,https://cdn.banki.ru/cdn/bank/863_mobile_logo_url.png,3255,www.zenit.ru,8 800 500-66-77,"117638, г. Москва, Одесская ул., д. 2",zenit,RUB,https://www.banki.ru/products/credits/credit/5055/,22.5,33.5,,300000,5000000,,730,2555,2y,7y,,b53bd54502cc165e9824cd93289346c576b6fef6a1f510962ea8b544d01b0605,True,2026-08-24 13:50:38,,"22,5–33,5%",,,300 000–5 000 000 ₽,4,,,,,,,,
19315,57103,credit,Под залог недвижимости,Под залог недвижимости,https://www.banki.ru/products/credits/credit/571/,https://cdn.banki.ru/cdn/bank/36119_mobile_logo_url.png,02.07.2026 16:32,36119,361191,bank,Ак Барс Банк,https://cdn.banki.ru/cdn/bank/36119_mobile_logo_url.png,2590,www.akbars.ru,8 800 200-53-03,"420066, г. Казань, ул. Декабристов, д. 1",akbars,RUB,https://www.banki.ru/products/credits/credit/571/,22.0,24.0,,500000,20000000,,1095,5475,3y,15y,,f728c5ed87f6596f4033251b226690adde4ea3771a129d9941c855d1254a14ae,True,2026-08-24 13:50:38,,22–24%,,,500 000–20 000 000 ₽,4,,,,,,,,
16735,1603,credit,На любые цели,На любые цели,https://www.banki.ru/products/credits/credit/16/,https://cdn.banki.ru/cdn/bank/7292_mobile_logo_url.png,02.07.2026 17:16,7292,72921,bank,Московский кредитный банк (МКБ),https://cdn.banki.ru/cdn/bank/7292_mobile_logo_url.png,1978,www.mkb.ru,8 800 100-48-88,"107045, г. Москва, Луков пер., д. 2, стр. 1",mkb,RUB,https://www.banki.ru/products/credits/credit/16/,10.0,54.0,,50000,10000000,,183,1825,6m,5y,,9b064c1772341f7d2e49215c8bd699b268aba222d5b0b23c535d566a26475071,True,2026-08-24 13:50:38,,10–54%,,,50 000–10 000 000 ₽,4,,,,,,,,
20331,20116303,credit,Удобный,Удобный,https://www.banki.ru/products/credits/credit/201163/,https://cdn.banki.ru/cdn/bank/11518_mobile_logo_url.png,30.06.2026 18:26,11518,115181,bank,Банк ТКБ,https://cdn.banki.ru/cdn/bank/11518_mobile_logo_url.png,2210,www.tkbbank.ru,8 800 100-32-00,"109147, г. Москва, ул. Воронцовская, д. 27/35",transcapitalbank,RUB,https://www.banki.ru/products/credits/credit/201163/,20.1,27.25,,500000,100000000,,1095,9125,3y,25y,,637d8dc9150e8879c38ba19dcdd8e88abfb4025efa8ddc7a328274634d64458a,True,2026-08-24 13:50:38,,"20,1–27,25%",,,500 000–100 000 000 ₽,4,,,,,,,,
19411,502303,credit,Под залог недвижимости,Под залог недвижимости,https://www.banki.ru/products/credits/credit/5023/,https://cdn.banki.ru/cdn/bank/12374_mobile_logo_url.png,01.07.2026 18:24,12374,123741,bank,НС Банк,https://cdn.banki.ru/cdn/bank/12374_mobile_logo_url.png,3124,www.nsbank.ru,8 800 555-43-24,"109004, г. Москва, ул. Добровольческая, д. 20, стр. 2",nsbank,RUB,https://www.banki.ru/products/credits/credit/5023/,19.25,21.25,,500000,20000000,,1825,7300,5y,20y,,778ec6fa1a9c6552d140c92df75e9c9addc9ac02df76673ced15cfcebbcafb5d,True,2026-08-24 13:50:38,,"19,25–21,25%",,,500 000–20 000 000 ₽,4,,,,,,,,
19465,20096603,credit,Обеспеченный (под залог недвижимости),Обеспеченный (под залог недвижимости),https://www.banki.ru/products/credits/credit/200966/,,01.07.2026 13:51,12453,124531,bank,ГЕНБАНК,,2490,www.genbank.ru,8 800 333-55-45,"295011, Республика Крым, г. Симферополь, ул. Севастопольская, д. 13",genbank,RUB,https://www.banki.ru/products/credits/credit/200966/,21.25,23.25,,400000,15000000,,1095,5475,3y,15y,,a497cfdfd35805b22bbbd25c331731ef3445936624d8884af34a061772e0b0ff,True,2026-08-24 13:50:38,,"21,25–23,25%",,,400 000–15 000 000 ₽,4,,,,,,,,
17035,459203,credit,Обеспеченный (под залог транспорта),Обеспеченный (под залог транспорта),https://www.banki.ru/products/credits/credit/4592/,,01.07.2026 13:48,12453,124531,bank,ГЕНБАНК,,2490,www.genbank.ru,8 800 333-55-45,"295011, Республика Крым, г. Симферополь, ул. Севастопольская, д. 13",genbank,RUB,https://www.banki.ru/products/credits/credit/4592/,21.75,22.75,,300000,7000000,,1095,2555,3y,7y,,8984a5f7d22afaa9e3cb0ed096acb88a6e93cbc8c4fb7958d34413d9e9b0b9e3,True,2026-08-24 13:50:38,,"21,75–22,75%",,,300 000–7 000 000 ₽,4,,,,,,,,
19824,20115403,credit,Под залог недвижимости,Под залог недвижимости,https://www.banki.ru/products/credits/credit/201154/,https://cdn.banki.ru/cdn/bank/16995_mobile_logo_url.png,02.07.2026 17:34,16995,169951,bank,ВБРР,https://cdn.banki.ru/cdn/bank/16995_mobile_logo_url.png,3287,www.vbrr.ru,8 800 700-03-49 ,"129594, г. Москва, ул. Сущевский вал, д. 65, корп. 1",vbrr,RUB,https://www.banki.ru/products/credits/credit/201154/,20.9,22.4,,500000,60000000,,1825,10950,5y,30y,,b71ab04d394ed9c61f69bba73cc13831e6fa2de2e2fba7a2d992a87878acdaad,True,2026-08-24 13:50:38,,"20,9–22,4%",,,500 000–60 000 000 ₽,4,,,,,,,,
17012,446803,credit,На любые цели (под поручительство),На любые цели (под поручительство),https://www.banki.ru/products/credits/credit/4468/,https://cdn.banki.ru/cdn/bank/17111_mobile_logo_url.png,01.07.2026 13:35,17111,171111,bank,Банк Финсервис,https://cdn.banki.ru/cdn/bank/17111_mobile_logo_url.png,3388,www.finsb.ru,8 800 200-07-67,"121151, г. Москва, наб. Тараса Шевченко, д. 23А",finservice,RUB,https://www.banki.ru/products/credits/credit/4468/,21.25,26.25,,1500001,100000000,,183,1825,1m3y,5y,,013cb390dc86ab813d2c1943935642ec270699fd09b2aa08ff8ad75690d5fe43,True,2026-08-24 13:50:38,,"21,25–26,25%",,,1 500 001–100 000 000 ₽,4,,,,,,,,
16812,272703,credit,На любые цели,На любые цели,https://www.banki.ru/products/credits/credit/2727/,https://cdn.banki.ru/cdn/bank/17111_mobile_logo_url.png,01.07.2026 13:35,17111,171111,bank,Банк Финсервис,https://cdn.banki.ru/cdn/bank/17111_mobile_logo_url.png,3388,www.finsb.ru,8 800 200-07-67,"121151, г. Москва, наб. Тараса Шевченко, д. 23А",finservice,RUB,https://www.banki.ru/products/credits/credit/2727/,22.25,27.25,,50000,1500000,,183,1825,1m3y,5y,,47c0b3b012ddab736cc0e569e103efbc25be70d834767353be981f4f0dfbc4d6,True,2026-08-24 13:50:38,,"22,25–27,25%",,,50 000–1 500 000 ₽,4,,,,,,,,
19337,298003,credit,Под залог,Под залог,https://www.banki.ru/products/credits/credit/2980/,https://cdn.banki.ru/cdn/bank/17111_mobile_logo_url.png,01.07.2026 13:45,17111,171111,bank,Банк Финсервис,https://cdn.banki.ru/cdn/bank/17111_mobile_logo_url.png,3388,www.finsb.ru,8 800 200-07-67,"121151, г. Москва, наб. Тараса Шевченко, д. 23А",finservice,RUB,https://www.banki.ru/products/credits/credit/2980/,18.75,21.75,,500000,100000000,,183,3650,6m,10y,,96f728efb9bf13c08803de9d1031defe9cf97c9bbde54df848c208daf0f018a3,True,2026-08-24 13:50:38,,"18,75–21,75%",,,500 000–100 000 000 ₽,4,,,,,,,,
19847,21115503,credit,На любые цели,На любые цели,https://www.banki.ru/products/credits/credit/211155/,https://cdn.banki.ru/cdn/bank/37473_mobile_logo_url.png,30.06.2026 14:06,37473,374731,bank,СДМ-Банк,https://cdn.banki.ru/cdn/bank/37473_mobile_logo_url.png,1637,www.sdm.ru,8 800 200-02-23,"125424, г. Москва, Волоколамское ш., д. 73",sdm-bank,RUB,https://www.banki.ru/products/credits/credit/211155/,23.5,23.5,,100000,3000000,,30,1460,1m,4y,,71e880bb641d9e22e3ffc05e37c6a49cd0b570f075b0c195dd9ea2d57751fd68,True,2026-08-24 13:50:38,,"23,5%",,,100 000–3 000 000 ₽,4,,,,,,,,
17577,20097803,credit,По паспорту,По паспорту,https://www.banki.ru/products/credits/credit/200978/,https://cdn.banki.ru/cdn/bank/68665_mobile_logo_url.png,02.07.2026 17:13,68665,686651,bank,БСПБ,https://cdn.banki.ru/cdn/bank/68665_mobile_logo_url.png,436,www.bspb.ru,8 800 222-50-50,"195112, г. Санкт-Петербург, Малоохтинский просп., д. 64, лит. А",bspb,RUB,https://www.banki.ru/products/credits/credit/200978/,28.7,46.9,,10000,100000,,91,1825,3m,5y,,ac165dabdcf8af03feaaf406a7e594aa843753980a7aafd18be06b7340f04c10,True,2026-08-24 13:50:38,,"28,7–46,9%",,,10 000–100 000 ₽,4,,,,,,,,
16799,222103,credit,Классический,Классический,https://www.banki.ru/products/credits/credit/2221/,https://cdn.banki.ru/cdn/bank/68665_mobile_logo_url.png,02.07.2026 17:01,68665,686651,bank,БСПБ,https://cdn.banki.ru/cdn/bank/68665_mobile_logo_url.png,436,www.bspb.ru,8 800 222-50-50,"195112, г. Санкт-Петербург, Малоохтинский просп., д. 64, лит. А",bspb,RUB,https://www.banki.ru/products/credits/credit/2221/,15.9,39.6,,50000,1500000,,91,1825,3m,5y,,6dceaa9e25bd5e16074382cb907970d0c5f81d4a5048b68e63f9c8d76a6d6e0c,True,2026-08-24 13:50:38,,"15,9–39,6%",,,50 000–1 500 000 ₽,4,,,,,,,,
17022,454103,credit,Пенсионный,Пенсионный,https://www.banki.ru/products/credits/credit/4541/,https://cdn.banki.ru/cdn/bank/68665_mobile_logo_url.png,02.07.2026 17:13,68665,686651,bank,БСПБ,https://cdn.banki.ru/cdn/bank/68665_mobile_logo_url.png,436,www.bspb.ru,8 800 222-50-50,"195112, г. Санкт-Петербург, Малоохтинский просп., д. 64, лит. А",bspb,RUB,https://www.banki.ru/products/credits/credit/4541/,21.5,30.9,,10000,500000,,396,1825,13m,5y,,0eafd1adbe34117f51053fa83080e5dfb12f21f29b3a66127799c2ebd91184d1,True,2026-08-24 13:50:38,,"21,5–30,9%",,,10 000–500 000 ₽,4,,,,,,,,
16976,422903,credit,Деньги — возможности ,Деньги — возможности ,https://www.banki.ru/products/credits/credit/4229/,https://cdn.banki.ru/cdn/bank/68683_mobile_logo_url.png,30.06.2026 13:45,68683,686831,bank,Банк «РОССИЯ»,https://cdn.banki.ru/cdn/bank/68683_mobile_logo_url.png,328,www.abr.ru,8 800 100-11-11 ,"191124, г. Санкт-Петербург, пл. Растрелли, д. 2, стр.1",rossiya,RUB,https://www.banki.ru/products/credits/credit/4229/,20.75,30.75,,100000,5000000,,549,1825,18m,5y,,ec14a29a3ba7f3c7a899f4b5ca20a259ce52b327e405f432c77304ee2bcaba89,True,2026-08-24 13:50:38,,"20,75–30,75%",,,100 000–5 000 000 ₽,4,,,,,,,,
17226,515303,credit,На газификацию,На газификацию,https://www.banki.ru/products/credits/credit/5153/,https://cdn.banki.ru/cdn/bank/68683_mobile_logo_url.png,30.06.2026 13:58,68683,686831,bank,Банк «РОССИЯ»,https://cdn.banki.ru/cdn/bank/68683_mobile_logo_url.png,328,www.abr.ru,8 800 100-11-11 ,"191124, г. Санкт-Петербург, пл. Растрелли, д. 2, стр.1",rossiya,RUB,https://www.banki.ru/products/credits/credit/5153/,20.5,20.5,,100000,300000,,549,1825,18m,5y,,6652cfc236a8d0430c7075c3c5217bff648f357a59e3e98824f7fbbd93f11c81,True,2026-08-24 13:50:38,,"20,5%",,,100 000–300 000 ₽,4,,,,,,,,
17631,20103403,credit,Деньги — возможности (под залог авто),Деньги — возможности (под залог авто),https://www.banki.ru/products/credits/credit/201034/,https://cdn.banki.ru/cdn/bank/68683_mobile_logo_url.png,30.06.2026 13:45,68683,686831,bank,Банк «РОССИЯ»,https://cdn.banki.ru/cdn/bank/68683_mobile_logo_url.png,328,www.abr.ru,8 800 100-11-11 ,"191124, г. Санкт-Петербург, пл. Растрелли, д. 2, стр.1",rossiya,RUB,https://www.banki.ru/products/credits/credit/201034/,18.75,28.75,,100000,5000000,,549,2555,18m,7y,,e993d215beca0942a884604fea78cdca08ce9e590ff12bb199b58adcb8af78f0,True,2026-08-24 13:50:38,,"18,75–28,75%",,,100 000–5 000 000 ₽,4,,,,,,,,
16756,60903,credit,На любые цели,На любые цели,https://www.banki.ru/products/credits/credit/609/,https://cdn.banki.ru/cdn/bank/95970_mobile_logo_url.png,30.06.2026 14:35,95970,959701,bank,Уральский банк реконструкции и развития (УБРиР),https://cdn.banki.ru/cdn/bank/95970_mobile_logo_url.png,429,www.ubrr.ru,8 800 100-02-00,"620063, г. Екатеринбург, ул. 8 Марта, д. 51",ubrr,RUB,https://www.banki.ru/products/credits/credit/609/,17.0,37.0,,100000,5000000,,1095,1825,5y,5y,,93987573d0e0dfa35b80b12ca59b1b39929c7dd9723241567f5770737c146dd4,True,2026-08-24 13:50:38,,17–37%,,,100 000–5 000 000 ₽,4,,,,,,,,
16993,438803,credit,Без справок,Без справок,https://www.banki.ru/products/credits/credit/4388/,https://cdn.banki.ru/cdn/bank/95970_mobile_logo_url.png,30.06.2026 14:35,95970,959701,bank,Уральский банк реконструкции и развития (УБРиР),https://cdn.banki.ru/cdn/bank/95970_mobile_logo_url.png,429,www.ubrr.ru,8 800 100-02-00,"620063, г. Екатеринбург, ул. 8 Марта, д. 51",ubrr,RUB,https://www.banki.ru/products/credits/credit/4388/,18.5,35.0,,100000,700000,,1095,1825,5y,5y,,e507f96d0a0a2c86a891e6f61aa68870207a3005c7532f9bf4e04142183b694f,True,2026-08-24 13:50:38,,"18,5–35%",,,100 000–700 000 ₽,4,,,,,,,,
17350,20075103,credit,На любые цели,На любые цели,https://www.banki.ru/products/credits/credit/200751/,https://cdn.banki.ru/cdn/bank/101146_mobile_logo_url.png,29.06.2026 14:37,101146,1011461,bank,Алмазэргиэнбанк,https://cdn.banki.ru/cdn/bank/101146_mobile_logo_url.png,2602,www.albank.ru,8 800 100-34-22,"677000, г. Якутск, просп. Ленина, д. 1",almazergienbank,RUB,https://www.banki.ru/products/credits/credit/200751/,27.0,39.0,,20000,3000000,,92,1825,1y,5y,,f9cf8ff3b92b2f3f3de3135b6602dfb0fa75bdb63e2c3771ebee0e8f2d9e3057,True,2026-08-24 13:50:38,,27–39%,,,20 000–3 000 000 ₽,4,,,,,,,,
17339,20074003,credit,Для сотрудников других банков,Для сотрудников других банков,https://www.banki.ru/products/credits/credit/200740/,https://cdn.banki.ru/cdn/bank/189187_mobile_logo_url.png,29.06.2026 18:09,189187,1891871,bank,Солид Банк,https://cdn.banki.ru/cdn/bank/189187_mobile_logo_url.png,1329,www.solidbank.ru,8 800 775-56-06,"690091, г. Владивосток, ул. Алеутская, д. 33",solid-bank,RUB,https://www.banki.ru/products/credits/credit/200740/,26.5,37.0,,50000,1000000,,365,1825,1y,5y,,fe544c6b21515e7d6181192e777ef63f69face0f09f5dab9b58d0a67488a7057,True,2026-08-24 13:50:38,,"26,5–37%",,,50 000–1 000 000 ₽,4,,,,,,,,
17340,20074103,credit,Для сотрудников других банков (с обеспечением),Для сотрудников других банков (с обеспечением),https://www.banki.ru/products/credits/credit/200741/,https://cdn.banki.ru/cdn/bank/189187_mobile_logo_url.png,29.06.2026 18:39,189187,1891871,bank,Солид Банк,https://cdn.banki.ru/cdn/bank/189187_mobile_logo_url.png,1329,www.solidbank.ru,8 800 775-56-06,"690091, г. Владивосток, ул. Алеутская, д. 33",solid-bank,RUB,https://www.banki.ru/products/credits/credit/200741/,26.5,35.0,,3000001,5000000,,365,2555,1y,7y,,5be25307e599c93c5cf754b15d31b2c1b5499166d7dfd8c52fe10d6b6f447e7f,True,2026-08-24 13:50:38,,"26,5–35%",,,3 000 001–5 000 000 ₽,4,,,,,,,,
17232,516103,credit,Доступный,Доступный,https://www.banki.ru/products/credits/credit/5161/,https://static4.banki.ru/ugc/f2/39/74/18/191048.png,02.07.2026 18:50,191048,1910481,bank,СЕВЕРГАЗБАНК,https://static4.banki.ru/ugc/f2/39/74/18/191048.png,2816,www.severgazbank.ru,8 800 700-25-52,"160001, г. Вологда, ул. Благовещенская, д. 3",severgazbank,RUB,https://www.banki.ru/products/credits/credit/5161/,27.4,28.9,,50000,2500000,,397,1825,13m,5y,,2120345b86daca546230c8e117b7bf3f0b91a3e1cb2e48708f27e18c44eefa63,True,2026-08-24 13:50:38,,"27,4–28,9%",,,50 000–2 500 000 ₽,4,,,,,,,,
17013,447403,credit,Доверительный,Доверительный,https://www.banki.ru/products/credits/credit/4474/,https://cdn.banki.ru/cdn/bank/191070_mobile_logo_url.png,29.06.2026 12:40,191070,1910701,bank,Урал ФД,https://cdn.banki.ru/cdn/bank/191070_mobile_logo_url.png,249,www.uralfd.ru,8 800 100-10-40,"614066, г. Пермь, ул. Стахановская, д. 54 стр. Д",uralfd,RUB,https://www.banki.ru/products/credits/credit/4474/,17.99,34.99,,50000,5000000,,397,1825,13m,5y,,6f28adc6df1ca7a84a186dde733e8c9a7d42c20bc38ea47ac7b1c759870ce27a,True,2026-08-24 13:50:38,,"17,99–34,99%",,,50 000–5 000 000 ₽,4,,,,,,,,
19317,87203,credit,Универсальный (под залог недвижимости),Универсальный (под залог недвижимости),https://www.banki.ru/products/credits/credit/872/,https://cdn.banki.ru/cdn/bank/191070_mobile_logo_url.png,29.06.2026 12:43,191070,1910701,bank,Урал ФД,https://cdn.banki.ru/cdn/bank/191070_mobile_logo_url.png,249,www.uralfd.ru,8 800 100-10-40,"614066, г. Пермь, ул. Стахановская, д. 54 стр. Д",uralfd,RUB,https://www.banki.ru/products/credits/credit/872/,20.5,23.0,,500000,10000000,,1095,10950,3y,30y,,5d7dc2f688918c065195d192ac62a5df02bbac5fe7041283ac057d7ad9db5c2d,True,2026-08-24 13:50:38,,"20,5–23%",,,500 000–10 000 000 ₽,4,,,,,,,,
17289,524403,credit,Частным клиентам,Частным клиентам,https://www.banki.ru/products/credits/credit/5244/,https://cdn.banki.ru/cdn/bank/191174_mobile_logo_url.png,01.07.2026 18:36,191174,1911741,bank,Кубань Кредит,https://cdn.banki.ru/cdn/bank/191174_mobile_logo_url.png,2518,kk.bank,8 800 555-25-18,"350000, г. Краснодар, ул. им. Орджоникидзе, д. 46 / ул. Красноармейская, д. 32",kubankredit,RUB,https://www.banki.ru/products/credits/credit/5244/,22.5,28.5,,50000,3000000,,397,1825,13m,5y,,c1fa0564aa3ea37381baf56e0692be4ec1f9e02a74442587f106d3d2292622a0,True,2026-08-24 13:50:38,,"22,5–28,5%",,,50 000–3 000 000 ₽,4,,,,,,,,
19368,395503,credit,Под залог недвижимости,Под залог недвижимости,https://www.banki.ru/products/credits/credit/3955/,https://cdn.banki.ru/cdn/bank/191174_mobile_logo_url.png,01.07.2026 18:40,191174,1911741,bank,Кубань Кредит,https://cdn.banki.ru/cdn/bank/191174_mobile_logo_url.png,2518,kk.bank,8 800 555-25-18,"350000, г. Краснодар, ул. им. Орджоникидзе, д. 46 / ул. Красноармейская, д. 32",kubankredit,RUB,https://www.banki.ru/products/credits/credit/3955/,20.0,22.5,,1000000,30000000,,1825,7300,5y,20y,,6e6a9668d1364b9891af3d0c8dc5b1a5a7528716a5f7ea6a89835b4dd0435193,True,2026-08-24 13:50:38,,"20–22,5%",,,1 000 000–30 000 000 ₽,4,,,,,,,,
16867,343103,credit,Частным клиентам (с обеспечением),Частным клиентам (с обеспечением),https://www.banki.ru/products/credits/credit/3431/,https://cdn.banki.ru/cdn/bank/191174_mobile_logo_url.png,01.07.2026 18:36,191174,1911741,bank,Кубань Кредит,https://cdn.banki.ru/cdn/bank/191174_mobile_logo_url.png,2518,kk.bank,8 800 555-25-18,"350000, г. Краснодар, ул. им. Орджоникидзе, д. 46 / ул. Красноармейская, д. 32",kubankredit,RUB,https://www.banki.ru/products/credits/credit/3431/,21.0,24.0,,50000,5000000,,397,2555,13m,7y,,0e495890c23497cb440cab8c68e589d945168997044898cc6f1d0271333c32f2,True,2026-08-24 13:50:38,,21–24%,,,50 000–5 000 000 ₽,4,,,,,,,,
16791,177003,credit,Наличными,Наличными,https://www.banki.ru/products/credits/credit/1770/,https://cdn.banki.ru/cdn/bank/192869_mobile_logo_url.png,01.07.2026 17:05,192869,1928691,bank,ЕВРОАЛЬЯНС,https://cdn.banki.ru/cdn/bank/192869_mobile_logo_url.png,1781,www.euroalliance.ru,8 800 700-92-22,"153000, г. Иваново, ул. Станко, д. 13",euroalliance,RUB,https://www.banki.ru/products/credits/credit/1770/,19.25,20.25,,100000,3000000,,31,1095,2y,3y,,dd5438cedf078066f819f1437c4bb2601466ec1b4c80fcaa2b8737677ed6434c,True,2026-08-24 13:50:38,,"19,25–20,25%",,,100 000–3 000 000 ₽,4,,,,,,,,
19328,177103,credit,Наличными (с обеспечением),Наличными (с обеспечением),https://www.banki.ru/products/credits/credit/1771/,https://cdn.banki.ru/cdn/bank/192869_mobile_logo_url.png,01.07.2026 18:22,192869,1928691,bank,ЕВРОАЛЬЯНС,https://cdn.banki.ru/cdn/bank/192869_mobile_logo_url.png,1781,www.euroalliance.ru,8 800 700-92-22,"153000, г. Иваново, ул. Станко, д. 13",euroalliance,RUB,https://www.banki.ru/products/credits/credit/1771/,18.25,19.25,,100000,9000000,,31,1095,2y,3y,,dcb0823713c18cd17ffda3721b2669edebd0cfff2a54dcc357d4bf941838b6d6,True,2026-08-24 13:50:38,,"18,25–19,25%",,,100 000–9 000 000 ₽,4,,,,,,,,
17270,521803,credit,Доверительный ,Доверительный ,https://www.banki.ru/products/credits/credit/5218/,https://cdn.banki.ru/cdn/bank/192884_mobile_logo_url.png,30.06.2026 14:09,192884,1928841,bank,Банк Казани,https://cdn.banki.ru/cdn/bank/192884_mobile_logo_url.png,708,www.bankofkazan.ru,8 800 775-18-77,"420066, г. Казань, ул. Солдатская, д. 1",kazanbank,RUB,https://www.banki.ru/products/credits/credit/5218/,23.5,28.5,,30000,1500000,,365,1825,1y,5y,,4bb1304ffdd73a70db7ede26776f5acb45839980013e7d23a3814496365b68b6,True,2026-08-24 13:50:38,,"23,5–28,5%",,,30 000–1 500 000 ₽,4,,,,,,,,
19345,332903,credit,На большие цели,На большие цели,https://www.banki.ru/products/credits/credit/3329/,https://cdn.banki.ru/cdn/bank/192884_mobile_logo_url.png,30.06.2026 14:11,192884,1928841,bank,Банк Казани,https://cdn.banki.ru/cdn/bank/192884_mobile_logo_url.png,708,www.bankofkazan.ru,8 800 775-18-77,"420066, г. Казань, ул. Солдатская, д. 1",kazanbank,RUB,https://www.banki.ru/products/credits/credit/3329/,18.9,20.4,,300000,100000000,,397,3650,13m,10y,,d1018b626c34887c5292dc8ac0d6175186e2562fe7321c4e494b89ec08165ed5,True,2026-08-24 13:50:38,,"18,9–20,4%",,,300 000–100 000 000 ₽,4,,,,,,,,
16755,59803,credit,Классический,Классический,https://www.banki.ru/products/credits/credit/598/,https://cdn.banki.ru/cdn/bank/192884_mobile_logo_url.png,30.06.2026 14:10,192884,1928841,bank,Банк Казани,https://cdn.banki.ru/cdn/bank/192884_mobile_logo_url.png,708,www.bankofkazan.ru,8 800 775-18-77,"420066, г. Казань, ул. Солдатская, д. 1",kazanbank,RUB,https://www.banki.ru/products/credits/credit/598/,19.4,24.4,,100000,100000000,,365,2555,1y,7y,,3b8968b9fbb2323295e236b7135a1a03f59bc4ec189fa99343a4a1408e145547,True,2026-08-24 13:50:38,,"19,4–24,4%",,,100 000–100 000 000 ₽,4,,,,,,,,
17792,20109503,credit,На любые цели,На любые цели,https://www.banki.ru/products/credits/credit/201095/,,02.07.2026 17:55,195551,1955511,bank,БАНК КОСМОС,,2245,www.bcosm.ru,+7 (495) 792-88-92,"123317, г. Москва, Красногвардейский б-р, д. 7, стр. 1",cosmos,RUB,https://www.banki.ru/products/credits/credit/201095/,25.0,46.0,,30000,15000000,,31,1825,1m,5y,,4baa117d939eb54ff777af1eaa2ad03c974af7e666a35affffd1e570598ce7aa,True,2026-08-24 13:50:38,,25–46%,,,30 000–15 000 000 ₽,4,,,,,,,,
17341,20074203,credit,Беззалоговый,Беззалоговый,https://www.banki.ru/products/credits/credit/200742/,https://cdn.banki.ru/cdn/bank/193364_mobile_logo_url.png,02.07.2026 15:59,193364,1933641,bank,КАМКОМБАНК,https://cdn.banki.ru/cdn/bank/193364_mobile_logo_url.png,438,www.kamkombank.ru,8 800 200-04-38,"423800, Республика Татарстан, г. Набережные Челны, ул. Гидростроителей, д. 21",kamkombank,RUB,https://www.banki.ru/products/credits/credit/200742/,23.0,33.0,,100000,2518000,,365,2555,1y,7y,,c792ed6c5cacd446adc6a8bef2596e3041568fdd26b8b8b282d22566ca0045eb,True,2026-08-24 13:50:38,,23–33%,,,100 000–2 518 000 ₽,4,,,,,,,,
19377,426803,credit,На любые цели (под залог недвижимости),На любые цели (под залог недвижимости),https://www.banki.ru/products/credits/credit/4268/,https://cdn.banki.ru/cdn/bank/193364_mobile_logo_url.png,02.07.2026 16:04,193364,1933641,bank,КАМКОМБАНК,https://cdn.banki.ru/cdn/bank/193364_mobile_logo_url.png,438,www.kamkombank.ru,8 800 200-04-38,"423800, Республика Татарстан, г. Набережные Челны, ул. Гидростроителей, д. 21",kamkombank,RUB,https://www.banki.ru/products/credits/credit/4268/,22.0,27.0,,300000,100000000,,365,5475,1y,15y,,8d56a2b3e7ad3afc1ed0bb4f60a8e53926cb67c03e66b9557a31e993ca8996b3,True,2026-08-24 13:50:38,,22–27%,,,300 000–100 000 000 ₽,4,,,,,,,,
17262,520903,credit,На любые цели (под залог авто),На любые цели (под залог авто),https://www.banki.ru/products/credits/credit/5209/,https://cdn.banki.ru/cdn/bank/193364_mobile_logo_url.png,02.07.2026 16:02,193364,1933641,bank,КАМКОМБАНК,https://cdn.banki.ru/cdn/bank/193364_mobile_logo_url.png,438,www.kamkombank.ru,8 800 200-04-38,"423800, Республика Татарстан, г. Набережные Челны, ул. Гидростроителей, д. 21",kamkombank,RUB,https://www.banki.ru/products/credits/credit/5209/,22.0,27.0,,300000,100000000,,365,1825,1y,5y,,2de3737b354f911d18430faff4b31c6676ffae3a331289ee0f52853ba9436409,True,2026-08-24 13:50:38,,22–27%,,,300 000–100 000 000 ₽,4,,,,,,,,
19768,20115103,credit,Под залог недвижимости,Под залог недвижимости,https://www.banki.ru/products/credits/credit/201151/,https://cdn.banki.ru/cdn/bank/7292_mobile_logo_url.png,17.02.2026 13:24,7292,72921,bank,Московский кредитный банк (МКБ),https://cdn.banki.ru/cdn/bank/7292_mobile_logo_url.png,1978,www.mkb.ru,8 800 100-48-88,"107045, г. Москва, Луков пер., д. 2, стр. 1",mkb,RUB,https://www.banki.ru/products/credits/credit/201151/,20.9,21.9,,500000,70000000,,365,10950,1y,30y,,0663e2f4d1f95dab7a711552399e579fd3b8e59ab6f62cfe1a9b9386cab123c2,True,2026-08-24 13:50:38,,"20,9–21,9%",,,500 000–70 000 000 ₽,4,,,,,,,,
17012,446803,credit,На любые цели (под поручительство),На любые цели (под поручительство),https://www.banki.ru/products/credits/credit/4468/,https://cdn.banki.ru/cdn/bank/17111_mobile_logo_url.png,16.02.2026 15:50,17111,171111,bank,Банк Финсервис,https://cdn.banki.ru/cdn/bank/17111_mobile_logo_url.png,3388,www.finsb.ru,8 800 200-07-67,"121151, г. Москва, наб. Тараса Шевченко, д. 23А",finservice,RUB,https://www.banki.ru/products/credits/credit/4468/,22.5,27.5,,1500001,100000000,,183,1825,1m3y,5y,,ca894f77a991ef48e3b12c791650724a240d1cd9cd52a263facb476e4716bf2b,True,2026-08-24 13:50:38,,"22,5–27,5%",,,1 500 001–100 000 000 ₽,4,,,,,,,,
16812,272703,credit,На любые цели,На любые цели,https://www.banki.ru/products/credits/credit/2727/,https://cdn.banki.ru/cdn/bank/17111_mobile_logo_url.png,16.02.2026 15:48,17111,171111,bank,Банк Финсервис,https://cdn.banki.ru/cdn/bank/17111_mobile_logo_url.png,3388,www.finsb.ru,8 800 200-07-67,"121151, г. Москва, наб. Тараса Шевченко, д. 23А",finservice,RUB,https://www.banki.ru/products/credits/credit/2727/,23.5,28.5,,50000,1500000,,183,1825,1m3y,5y,,f0252d2232cb8396700a4afcbdba93ddc78f70c9728c180c6bf2884a89779dc6,True,2026-08-24 13:50:38,,"23,5–28,5%",,,50 000–1 500 000 ₽,4,,,,,,,,
16873,347603,credit,Пенсионный,Пенсионный,https://www.banki.ru/products/credits/credit/3476/,https://cdn.banki.ru/cdn/bank/9011_mobile_logo_url.png,10.06.2026 11:48,9011,90111,bank,Металлинвестбанк,https://cdn.banki.ru/cdn/bank/9011_mobile_logo_url.png,2440,www.metallinvestbank.ru,8 800 250-97-97,"119180, г. Москва, ул. Большая Полянка, д. 47, стр. 2",metallinvestbank,RUB,https://www.banki.ru/products/credits/credit/3476/,20.0,33.0,,30000,3000000,,183,1825,6m,5y,,43f684ba63c8312dbbcf5ffd2bef60938af5784feca999e21cb0b885f9dd4b71,True,2026-08-24 13:50:38,,20–33%,,,30 000–3 000 000 ₽,4,,,,,,,,
20418,21118803,credit,Да!,Да!,https://www.banki.ru/products/credits/credit/211188/,https://cdn.banki.ru/cdn/bank/192701_mobile_logo_url.png,09.06.2026 18:06,192701,1927011,bank,Банк «Пойдём!»,https://cdn.banki.ru/cdn/bank/192701_mobile_logo_url.png,2534,www.poidem.ru,8 800 200-12-30,"127015, г. Москва, ул. Бутырская, д. 76, стр. 1",poidem,RUB,https://www.banki.ru/products/credits/credit/211188/,52.9,52.9,,50000,99999,,396,1095,13m,3y,,7f3e7a4f3ea7462a923baa3e132c65533b2d85070da4196fabcb3bc1f4f0b513,True,2026-08-24 13:50:38,,"52,9%",,,50 000–99 999 ₽,4,,,,,,,,
17629,20103203,credit,Под залог автомобиля,Под залог автомобиля,https://www.banki.ru/products/credits/credit/201032/,https://cdn.banki.ru/cdn/bank/6055_mobile_logo_url.png,10.06.2026 12:05,6055,60551,bank,МТС Банк,https://cdn.banki.ru/cdn/bank/6055_mobile_logo_url.png,2268,www.mtsbank.ru,8 800 250-05-20,"115432, г. Москва, просп. Андропова, д. 18, корп. 1",mts-bank,RUB,https://www.banki.ru/products/credits/credit/201032/,11.9,31.9,,20000,5000000,,365,1825,1y,5y,,afef30b8e1a91d03e09a2c360a7107da38dcc368010f588dabf9fa3a3d4277fd,True,2026-08-24 13:50:38,,"11,9–31,9%",,,20 000–5 000 000 ₽,4,,,,,,,,
19410,501403,credit,Под залог недвижимости,Под залог недвижимости,https://www.banki.ru/products/credits/credit/5014/,https://cdn.banki.ru/cdn/bank/6055_mobile_logo_url.png,10.06.2026 12:06,6055,60551,bank,МТС Банк,https://cdn.banki.ru/cdn/bank/6055_mobile_logo_url.png,2268,www.mtsbank.ru,8 800 250-05-20,"115432, г. Москва, просп. Андропова, д. 18, корп. 1",mts-bank,RUB,https://www.banki.ru/products/credits/credit/5014/,18.5,24.9,,500000,10000000,,365,5475,1y,15y,,64ec75accd21d0195494954cae8ddee467e8bccb31ca592b1e9fdc563bb21cc5,True,2026-08-24 13:50:38,,"18,5–24,9%",,,500 000–10 000 000 ₽,4,,,,,,,,
17227,515503,credit,Газификация домовладений,Газификация домовладений,https://www.banki.ru/products/credits/credit/5155/,,11.06.2026 16:56,12453,124531,bank,ГЕНБАНК,,2490,www.genbank.ru,8 800 333-55-45,"295011, Республика Крым, г. Симферополь, ул. Севастопольская, д. 13",genbank,RUB,https://www.banki.ru/products/credits/credit/5155/,3.0,3.0,,30000,200000,,183,1825,6m,5y,,71fc22c8c6e0b78b0e9cb9593b56ee1baf315e993621669fe4f686bd22f50c3b,True,2026-08-24 13:50:38,,3%,,,30 000–200 000 ₽,4,,,,,,,,
19465,20096603,credit,Обеспеченный (под залог недвижимости),Обеспеченный (под залог недвижимости),https://www.banki.ru/products/credits/credit/200966/,,11.06.2026 17:10,12453,124531,bank,ГЕНБАНК,,2490,www.genbank.ru,8 800 333-55-45,"295011, Республика Крым, г. Симферополь, ул. Севастопольская, д. 13",genbank,RUB,https://www.banki.ru/products/credits/credit/200966/,21.5,23.5,,400000,15000000,,1095,5475,3y,15y,,c9407d17f773caebaa5fb9a85ca85df14672967600a914c6402408b98bba92de,True,2026-08-24 13:50:38,,"21,5–23,5%",,,400 000–15 000 000 ₽,4,,,,,,,,
16964,416103,credit,Доступный,Доступный,https://www.banki.ru/products/credits/credit/4161/,,11.06.2026 16:56,12453,124531,bank,ГЕНБАНК,,2490,www.genbank.ru,8 800 333-55-45,"295011, Республика Крым, г. Симферополь, ул. Севастопольская, д. 13",genbank,RUB,https://www.banki.ru/products/credits/credit/4161/,20.5,30.5,,30000,4000000,,183,1825,6m,5y,,3ee1ce111f6526b77683be527dc365565939afc765c95e730cdff2f0b3892b76,True,2026-08-24 13:50:38,,"20,5–30,5%",,,30 000–4 000 000 ₽,4,,,,,,,,
17035,459203,credit,Обеспеченный (под залог транспорта),Обеспеченный (под залог транспорта),https://www.banki.ru/products/credits/credit/4592/,,11.06.2026 17:06,12453,124531,bank,ГЕНБАНК,,2490,www.genbank.ru,8 800 333-55-45,"295011, Республика Крым, г. Симферополь, ул. Севастопольская, д. 13",genbank,RUB,https://www.banki.ru/products/credits/credit/4592/,22.0,23.0,,300000,7000000,,1095,2555,3y,7y,,c4011bf99df84a7b8da7a19894c209b4d0a07cdb22d631ae1831b36ee9a348cf,True,2026-08-24 13:50:38,,22–23%,,,300 000–7 000 000 ₽,4,,,,,,,,
19407,498403,credit,Под залог недвижимости,Под залог недвижимости,https://www.banki.ru/products/credits/credit/4984/,https://cdn.banki.ru/cdn/bank/9183_mobile_logo_url.png,09.06.2026 18:03,9183,91831,bank,Локо-Банк,https://cdn.banki.ru/cdn/bank/9183_mobile_logo_url.png,2707,www.lockobank.ru,8 800 250-50-50,"125167, г. Москва, Ленинградский просп., д. 39, стр. 80",locko-bank,RUB,https://www.banki.ru/products/credits/credit/4984/,21.4,25.4,,1000000,30000000,,365,7300,1y,20y,,3fbdaadbfea5cb5f562582f3513d86aca2acec80ff1f62c5eda4b76c2eb44342,True,2026-08-24 13:50:38,,"21,4–25,4%",,,1 000 000–30 000 000 ₽,4,,,,,,,,
19385,446403,credit,На любые цели,На любые цели,https://www.banki.ru/products/credits/credit/4464/,https://cdn.banki.ru/cdn/bank/189319_mobile_logo_url.png,09.06.2026 18:05,189319,1893191,bank,Почтобанк,https://cdn.banki.ru/cdn/bank/189319_mobile_logo_url.png,1788,www.uralexpress.ru,+7 (342) 236-07-72,"614096, г. Пермь, ул. Ленина, д. 68",pochtobank,RUB,https://www.banki.ru/products/credits/credit/4464/,18.0,18.5,,100000,10000000,,31,1825,1m,5y,,3b0e9728ef3b3ffc3c271b31aa4a6402d600de169d24b3d7c9845a343d971d74,True,2026-08-24 13:50:38,,"18–18,5%",,,100 000–10 000 000 ₽,4,,,,,,,,
17636,20103903,credit,Обеспеченный,Обеспеченный,https://www.banki.ru/products/credits/credit/201039/,https://cdn.banki.ru/cdn/bank/11518_mobile_logo_url.png,09.06.2026 18:25,11518,115181,bank,Банк ТКБ,https://cdn.banki.ru/cdn/bank/11518_mobile_logo_url.png,2210,www.tkbbank.ru,8 800 100-32-00,"109147, г. Москва, ул. Воронцовская, д. 27/35",transcapitalbank,RUB,https://www.banki.ru/products/credits/credit/201039/,18.9,34.9,,100000,3000000,,397,1825,13m,5y,,2e6e3d11b8bbf4a35d5bc27ba306dcc8d02a119bea9d21979e6f4ca1f8524404,True,2026-08-24 13:50:38,,"18,9–34,9%",,,100 000–3 000 000 ₽,4,,,,,,,,
16807,261503,credit,Наличными,Наличными,https://www.banki.ru/products/credits/credit/2615/,https://cdn.banki.ru/cdn/bank/11518_mobile_logo_url.png,09.06.2026 18:25,11518,115181,bank,Банк ТКБ,https://cdn.banki.ru/cdn/bank/11518_mobile_logo_url.png,2210,www.tkbbank.ru,8 800 100-32-00,"109147, г. Москва, ул. Воронцовская, д. 27/35",transcapitalbank,RUB,https://www.banki.ru/products/credits/credit/2615/,19.9,35.5,,50000,1500000,,397,1825,13m,5y,,25fa91ba0f6fad48af15db156e014ea59b8d9312cad4352be8df757474736eac,True,2026-08-24 13:50:38,,"19,9–35,5%",,,50 000–1 500 000 ₽,4,,,,,,,,
20331,20116303,credit,Удобный,Удобный,https://www.banki.ru/products/credits/credit/201163/,https://cdn.banki.ru/cdn/bank/11518_mobile_logo_url.png,09.06.2026 18:26,11518,115181,bank,Банк ТКБ,https://cdn.banki.ru/cdn/bank/11518_mobile_logo_url.png,2210,www.tkbbank.ru,8 800 100-32-00,"109147, г. Москва, ул. Воронцовская, д. 27/35",transcapitalbank,RUB,https://www.banki.ru/products/credits/credit/201163/,23.1,25.75,,500000,100000000,,1095,9125,3y,25y,,c9542c17e89cd8c3aea61de5eddeda99e137eb7e024275b6123da0380a34e194,True,2026-08-24 13:50:38,,"23,1–25,75%",,,500 000–100 000 000 ₽,4,,,,,,,,
19326,172603,credit,ЭТБ – солидные деньги (недвижимое имущество),ЭТБ – солидные деньги (недвижимое имущество),https://www.banki.ru/products/credits/credit/1726/,https://cdn.banki.ru/cdn/bank/193407_mobile_logo_url.png,10.06.2026 12:15,193407,1934071,bank,Энерготрансбанк,https://cdn.banki.ru/cdn/bank/193407_mobile_logo_url.png,1307,www.energotransbank.com,8 800 100-22-48,"236016, г. Калининград, ул. Клиническая, д. 83а",energotransbank,RUB,https://www.banki.ru/products/credits/credit/1726/,19.5,21.0,,500000,10000000,,31,3650,1m,10y,,678dbc339bec0ea07d078e675b3e864abf91a98dbb254f650f67ebfd85f074c5,True,2026-08-24 13:50:38,,"19,5–21%",,,500 000–10 000 000 ₽,4,,,,,,,,
19980,20115703,credit,Рефинансирование под залог недвижимости,Рефинансирование под залог недвижимости,https://www.banki.ru/products/credits/credit/201157/,https://cdn.banki.ru/cdn/bank/193407_mobile_logo_url.png,10.06.2026 12:15,193407,1934071,bank,Энерготрансбанк,https://cdn.banki.ru/cdn/bank/193407_mobile_logo_url.png,1307,www.energotransbank.com,8 800 100-22-48,"236016, г. Калининград, ул. Клиническая, д. 83а",energotransbank,RUB,https://www.banki.ru/products/credits/credit/201157/,19.5,20.0,,500000,5000000,,365,3650,1y,10y,,640132659ecad2edaf8ea7566b890674659413f6775d333f3bacc7911b96f1ec,True,2026-08-24 13:50:38,,"19,5–20%",,,500 000–5 000 000 ₽,4,,,,,,,,
16939,397303,credit,ЭТБ – солидные деньги (движимое имущество),ЭТБ – солидные деньги (движимое имущество),https://www.banki.ru/products/credits/credit/3973/,https://cdn.banki.ru/cdn/bank/193407_mobile_logo_url.png,10.06.2026 12:13,193407,1934071,bank,Энерготрансбанк,https://cdn.banki.ru/cdn/bank/193407_mobile_logo_url.png,1307,www.energotransbank.com,8 800 100-22-48,"236016, г. Калининград, ул. Клиническая, д. 83а",energotransbank,RUB,https://www.banki.ru/products/credits/credit/3973/,19.5,21.0,,500000,3000000,,31,1825,1m,5y,,994bf8c7ae34aaa6f5c856f773e1e327fac930eaba3b2c8b6c62e0ac91d26712,True,2026-08-24 13:50:38,,"19,5–21%",,,500 000–3 000 000 ₽,4,,,,,,,,
19474,20102103,credit,Фора-Залоговый (под залог недвижимости),Фора-Залоговый (под залог недвижимости),https://www.banki.ru/products/credits/credit/201021/,https://cdn.banki.ru/cdn/bank/80493_mobile_logo_url.png,10.06.2026 12:10,80493,804931,bank,Фора-Банк,https://cdn.banki.ru/cdn/bank/80493_mobile_logo_url.png,1885,www.forabank.ru,8 800 100-98-89,"119021, г. Москва, Зубовский б-р, д. 25",forabank,RUB,https://www.banki.ru/products/credits/credit/201021/,23.0,24.0,,750000,15000000,,183,3650,6m,10y,,69cf6e5a110e5929c2e7e1d836a5f3a6ce4b0362a70068c23185d018fffc3b91,True,2026-08-24 13:50:38,,23–24%,,,750 000–15 000 000 ₽,4,,,,,,,,
17345,20074603,credit,Фора-Залоговый,Фора-Залоговый,https://www.banki.ru/products/credits/credit/200746/,https://cdn.banki.ru/cdn/bank/80493_mobile_logo_url.png,10.06.2026 12:08,80493,804931,bank,Фора-Банк,https://cdn.banki.ru/cdn/bank/80493_mobile_logo_url.png,1885,www.forabank.ru,8 800 100-98-89,"119021, г. Москва, Зубовский б-р, д. 25",forabank,RUB,https://www.banki.ru/products/credits/credit/200746/,25.0,26.0,,750000,15000000,,183,2555,6m,7y,,358a5c938f8ae2615a0a7b3102cac690c9cfe9f404863d2ddabf9ebca65c20b8,True,2026-08-24 13:50:38,,25–26%,,,750 000–15 000 000 ₽,4,,,,,,,,
16738,11303,credit,Фора-Стандарт,Фора-Стандарт,https://www.banki.ru/products/credits/credit/113/,https://cdn.banki.ru/cdn/bank/80493_mobile_logo_url.png,10.06.2026 12:09,80493,804931,bank,Фора-Банк,https://cdn.banki.ru/cdn/bank/80493_mobile_logo_url.png,1885,www.forabank.ru,8 800 100-98-89,"119021, г. Москва, Зубовский б-р, д. 25",forabank,RUB,https://www.banki.ru/products/credits/credit/113/,28.5,30.5,,30000,750000,,183,1095,6m,3y,,2b7b38328cec09898351363a5101116675b7de3a4d7c650a627d1bbd95bf6f2d,True,2026-08-24 13:50:38,,"28,5–30,5%",,,30 000–750 000 ₽,4,,,,,,,,
17770,20109003,credit,На любые цели,На любые цели,https://www.banki.ru/products/credits/credit/201090/,https://cdn.banki.ru/cdn/bank/187472_mobile_logo_url.png,02.02.2026 18:21,187472,1874721,bank,Яндекс Банк,https://cdn.banki.ru/cdn/bank/187472_mobile_logo_url.png,3027,bank.yandex.ru,+7 (495) 787-37-96,"115035, г. Москва, ул. Садовническая, д. 82 стр. 2",yandexbank,RUB,https://www.banki.ru/products/credits/credit/201090/,1.0,52.82,,30000,1000000,,92,1825,3m,5y,,2ec2227192d21dca12f8328c13c937cbd0399fd76848d3e808e550b49f4d7317,True,2026-08-24 13:50:38,,"1–52,82%",,,30 000–1 000 000 ₽,4,,,,,,,,
19754,20115003,credit,Под залог недвижимости,Под залог недвижимости,https://www.banki.ru/products/credits/credit/201150/,https://cdn.banki.ru/cdn/bank/9011_mobile_logo_url.png,15.12.2025 12:51,9011,90111,bank,Металлинвестбанк,https://cdn.banki.ru/cdn/bank/9011_mobile_logo_url.png,2440,www.metallinvestbank.ru,8 800 250-97-97,"119180, г. Москва, ул. Большая Полянка, д. 47, стр. 2",metallinvestbank,RUB,https://www.banki.ru/products/credits/credit/201150/,24.6,25.6,,500000,15000000,,365,10950,1y,30y,,6124d9d86dd4fc6dfbbd00a2ffce645d7abecb63d23c523496632727791f6010,True,2026-08-24 13:50:38,,"24,6–25,6%",,,500 000–15 000 000 ₽,4,,,,,,,,
16873,347603,credit,Пенсионный,Пенсионный,https://www.banki.ru/products/credits/credit/3476/,https://cdn.banki.ru/cdn/bank/9011_mobile_logo_url.png,12.12.2025 11:59,9011,90111,bank,Металлинвестбанк,https://cdn.banki.ru/cdn/bank/9011_mobile_logo_url.png,2440,www.metallinvestbank.ru,8 800 250-97-97,"119180, г. Москва, ул. Большая Полянка, д. 47, стр. 2",metallinvestbank,RUB,https://www.banki.ru/products/credits/credit/3476/,24.6,42.0,,30000,3000000,,183,1825,6m,5y,,883412af90814e2308bc93741995bf93c69aa867ac621b459b8d53534cbda1b3,True,2026-08-24 13:50:38,,"24,6–42%",,,30 000–3 000 000 ₽,4,,,,,,,,
17659,20106203,credit,На любые цели,На любые цели,https://www.banki.ru/products/credits/credit/201062/,https://cdn.banki.ru/cdn/bank/619_mobile_logo_url.png,09.12.2025 17:48,619,6191,bank,Банк Жилищного Финансирования,https://cdn.banki.ru/cdn/bank/619_mobile_logo_url.png,3138,www.bgfbank.ru,8 800 555-00-26,"121357, г. Москва, ул. Верейская, д. 29, стр. 134",bgfbank,RUB,https://www.banki.ru/products/credits/credit/201062/,38.0,38.0,,100000,6000000,,365,1825,1y,5y,,32bf4450a848292471eaad6a80701535ac2147e0650251afca2517e74ca3db9b,True,2026-08-24 13:50:38,,38%,,,100 000–6 000 000 ₽,4,,,,,,,,
17770,20109003,credit,На любые цели,На любые цели,https://www.banki.ru/products/credits/credit/201090/,https://cdn.banki.ru/cdn/bank/187472_mobile_logo_url.png,12.12.2025 18:12,187472,1874721,bank,Яндекс Банк,https://cdn.banki.ru/cdn/bank/187472_mobile_logo_url.png,3027,bank.yandex.ru,+7 (495) 787-37-96,"115035, г. Москва, ул. Садовническая, д. 82 стр. 2",yandexbank,RUB,https://www.banki.ru/products/credits/credit/201090/,1.0,52.0,,30000,1000000,,92,1825,3m,5y,,f201b42d9af09ceb257ee202b8a2097cb8c3a52e86939b83533ea8dc67ddf101,True,2026-08-24 13:50:38,,1–52%,,,30 000–1 000 000 ₽,4,,,,,,,,
17353,20075403,credit,Образовательный,Образовательный,https://www.banki.ru/products/credits/credit/200754/,https://cdn.banki.ru/cdn/bank/101146_mobile_logo_url.png,10.12.2025 15:53,101146,1011461,bank,Алмазэргиэнбанк,https://cdn.banki.ru/cdn/bank/101146_mobile_logo_url.png,2602,www.albank.ru,8 800 100-34-22,"677000, г. Якутск, просп. Ленина, д. 1",almazergienbank,RUB,https://www.banki.ru/products/credits/credit/200754/,3.0,3.0,,20000,5000000,,3681,9125,1m10y,25y,,c89436a377c2e1d0230c1ca96cd73e1852ac4f750433c5b540920caafdfb4516,True,2026-08-24 13:50:38,,3%,,,20 000–5 000 000 ₽,4,,,,,,,,
17350,20075103,credit,На любые цели,На любые цели,https://www.banki.ru/products/credits/credit/200751/,https://cdn.banki.ru/cdn/bank/101146_mobile_logo_url.png,10.12.2025 16:01,101146,1011461,bank,Алмазэргиэнбанк,https://cdn.banki.ru/cdn/bank/101146_mobile_logo_url.png,2602,www.albank.ru,8 800 100-34-22,"677000, г. Якутск, просп. Ленина, д. 1",almazergienbank,RUB,https://www.banki.ru/products/credits/credit/200751/,30.0,36.0,,20000,3000000,,92,1825,1y,5y,,171641ce060e1b75a28b9f3654dd3ff12383ce6ede010e50573fd30c92d0fe42,True,2026-08-24 13:50:38,,30–36%,,,20 000–3 000 000 ₽,4,,,,,,,,
16876,348603,credit,Наличными,Наличными,https://www.banki.ru/products/credits/credit/3486/,https://cdn.banki.ru/cdn/bank/9183_mobile_logo_url.png,13.07.2026 15:25,9183,91831,bank,Локо-Банк,https://cdn.banki.ru/cdn/bank/9183_mobile_logo_url.png,2707,www.lockobank.ru,8 800 250-50-50,"125167, г. Москва, Ленинградский просп., д. 39, стр. 80",locko-bank,RUB,https://www.banki.ru/products/credits/credit/3486/,16.0,55.9,,50000,5000000,,365,2555,1y,7y,,72c3329535885d5fffe3c8add8110c9dfb9257e9773d5cf45669a77ae9fd2e4d,True,2026-08-24 13:50:38,,"16–55,9%",,,50 000–5 000 000 ₽,4,,,,,,,,
19328,177103,credit,Наличными (с обеспечением),Наличными (с обеспечением),https://www.banki.ru/products/credits/credit/1771/,https://cdn.banki.ru/cdn/bank/192869_mobile_logo_url.png,18.06.2026 14:46,192869,1928691,bank,ЕВРОАЛЬЯНС,https://cdn.banki.ru/cdn/bank/192869_mobile_logo_url.png,1781,www.euroalliance.ru,8 800 700-92-22,"153000, г. Иваново, ул. Станко, д. 13",euroalliance,RUB,https://www.banki.ru/products/credits/credit/1771/,18.5,19.5,,100000,9000000,,31,1095,2y,3y,,38cc6810e3543fdd15d4dc5c265095f0f2537d5a8cf26357fdb507bae169a345,True,2026-08-24 13:50:38,,"18,5–19,5%",,,100 000–9 000 000 ₽,4,,,,,,,,
16791,177003,credit,Наличными,Наличными,https://www.banki.ru/products/credits/credit/1770/,https://cdn.banki.ru/cdn/bank/192869_mobile_logo_url.png,18.06.2026 14:46,192869,1928691,bank,ЕВРОАЛЬЯНС,https://cdn.banki.ru/cdn/bank/192869_mobile_logo_url.png,1781,www.euroalliance.ru,8 800 700-92-22,"153000, г. Иваново, ул. Станко, д. 13",euroalliance,RUB,https://www.banki.ru/products/credits/credit/1770/,19.5,20.5,,100000,3000000,,31,1095,2y,3y,,558f8df27fbd868acb11f8d586e057743987b4a4b8f9ffef8c6b9bd98ebaaae6,True,2026-08-24 13:50:38,,"19,5–20,5%",,,100 000–3 000 000 ₽,4,,,,,,,,
19337,298003,credit,Под залог,Под залог,https://www.banki.ru/products/credits/credit/2980/,https://cdn.banki.ru/cdn/bank/17111_mobile_logo_url.png,17.06.2026 18:51,17111,171111,bank,Банк Финсервис,https://cdn.banki.ru/cdn/bank/17111_mobile_logo_url.png,3388,www.finsb.ru,8 800 200-07-67,"121151, г. Москва, наб. Тараса Шевченко, д. 23А",finservice,RUB,https://www.banki.ru/products/credits/credit/2980/,19.0,22.0,,500000,100000000,,183,3650,6m,10y,,e491f6f62173c451f1c18ecbfb807d05167de76ef222086422b9a185747156da,True,2026-08-24 13:50:38,,19–22%,,,500 000–100 000 000 ₽,4,,,,,,,,
17012,446803,credit,На любые цели (под поручительство),На любые цели (под поручительство),https://www.banki.ru/products/credits/credit/4468/,https://cdn.banki.ru/cdn/bank/17111_mobile_logo_url.png,17.06.2026 18:52,17111,171111,bank,Банк Финсервис,https://cdn.banki.ru/cdn/bank/17111_mobile_logo_url.png,3388,www.finsb.ru,8 800 200-07-67,"121151, г. Москва, наб. Тараса Шевченко, д. 23А",finservice,RUB,https://www.banki.ru/products/credits/credit/4468/,21.5,26.5,,1500001,100000000,,183,1825,1m3y,5y,,4dfae380c79e9f95abc37c1cee54a443af2b34cf40bab65a2cce8409943099b8,True,2026-08-24 13:50:38,,"21,5–26,5%",,,1 500 001–100 000 000 ₽,4,,,,,,,,
16812,272703,credit,На любые цели,На любые цели,https://www.banki.ru/products/credits/credit/2727/,https://cdn.banki.ru/cdn/bank/17111_mobile_logo_url.png,17.06.2026 18:52,17111,171111,bank,Банк Финсервис,https://cdn.banki.ru/cdn/bank/17111_mobile_logo_url.png,3388,www.finsb.ru,8 800 200-07-67,"121151, г. Москва, наб. Тараса Шевченко, д. 23А",finservice,RUB,https://www.banki.ru/products/credits/credit/2727/,22.5,27.5,,50000,1500000,,183,1825,1m3y,5y,,c38bae41fbac134b2d4a792f7b11f46f0beb63142b0576a9986b76579d37d627,True,2026-08-24 13:50:38,,"22,5–27,5%",,,50 000–1 500 000 ₽,4,,,,,,,,
17783,20109103,credit,На любые цели,На любые цели,https://www.banki.ru/products/credits/credit/201091/,https://cdn.banki.ru/cdn/bank/188824_mobile_logo_url.png,18.06.2026 18:01,188824,1888241,bank,Внешфинбанк,https://cdn.banki.ru/cdn/bank/188824_mobile_logo_url.png,3173,www.vfbank.ru,8 800 234-55-10,"350059, г. Краснодар, ул. Волжская, д. 47",vneshfinbank,RUB,https://www.banki.ru/products/credits/credit/201091/,18.0,36.0,,30000,100000000,,31,1095,1m,3y,,d5c039d492fdb7eaf946856ae83d241c0d4e864af1c2809150e2541a4ac944ff,True,2026-08-24 13:50:38,,18–36%,,,30 000–100 000 000 ₽,4,,,,,,,,
19411,502303,credit,Под залог недвижимости,Под залог недвижимости,https://www.banki.ru/products/credits/credit/5023/,https://cdn.banki.ru/cdn/bank/12374_mobile_logo_url.png,19.06.2026 17:39,12374,123741,bank,НС Банк,https://cdn.banki.ru/cdn/bank/12374_mobile_logo_url.png,3124,www.nsbank.ru,8 800 555-43-24,"109004, г. Москва, ул. Добровольческая, д. 20, стр. 2",nsbank,RUB,https://www.banki.ru/products/credits/credit/5023/,19.5,21.5,,500000,20000000,,1825,7300,5y,20y,,23e8b34143024e2ef482cd5a8a7b635cb25c7157df22fd1723defb4968d159f4,True,2026-08-24 13:50:38,,"19,5–21,5%",,,500 000–20 000 000 ₽,4,,,,,,,,
16876,348603,credit,Наличными,Наличными,https://www.banki.ru/products/credits/credit/3486/,https://cdn.banki.ru/cdn/bank/9183_mobile_logo_url.png,31.03.2026 18:45,9183,91831,bank,Локо-Банк,https://cdn.banki.ru/cdn/bank/9183_mobile_logo_url.png,2707,www.lockobank.ru,8 800 250-50-50,"125167, г. Москва, Ленинградский просп., д. 39, стр. 80",locko-bank,RUB,https://www.banki.ru/products/credits/credit/3486/,16.0,49.9,,50000,5000000,,365,2555,1y,7y,,dcf38113f1d80c72d43a6a7f34a3dae27a2adaec26d22b2730d43a7de873eccb,True,2026-08-24 13:50:38,,"16–49,9%",,,50 000–5 000 000 ₽,4,,,,,,,,
16872,347403,credit,Наличными,Наличными,https://www.banki.ru/products/credits/credit/3474/,https://cdn.banki.ru/cdn/bank/9011_mobile_logo_url.png,16.02.2026 11:40,9011,90111,bank,Металлинвестбанк,https://cdn.banki.ru/cdn/bank/9011_mobile_logo_url.png,2440,www.metallinvestbank.ru,8 800 250-97-97,"119180, г. Москва, ул. Большая Полянка, д. 47, стр. 2",metallinvestbank,RUB,https://www.banki.ru/products/credits/credit/3474/,20.6,34.5,,30000,3000000,,183,1825,6m,5y,,075b6f3fbd9b74d6885c359b221092847d4d9a5d332628195ea3386169014e14,True,2026-08-24 13:50:38,,"20,6–34,5%",,,30 000–3 000 000 ₽,4,,,,,,,,
19384,445103,credit,Залоговый+ для новых клиентов,Залоговый+ для новых клиентов,https://www.banki.ru/products/credits/credit/4451/,https://cdn.banki.ru/cdn/bank/193292_mobile_logo_url.png,16.02.2026 13:05,193292,1932921,bank,Норвик Банк,https://cdn.banki.ru/cdn/bank/193292_mobile_logo_url.png,902,norvikbank.ru,8 800 100-17-77,"115054, г. Москва, ул. Зацепский Вал, д. 5",norvik-bank,RUB,https://www.banki.ru/products/credits/credit/4451/,16.5,40.0,,500000,20000000,,31,7300,1m,20y,,7344c1e85f286e686535f3b2d171ba6de76e24efb911186b27a70297bff0f9c3,True,2026-08-24 13:50:38,,"16,5–40%",,,500 000–20 000 000 ₽,4,,,,,,,,
16873,347603,credit,Пенсионный,Пенсионный,https://www.banki.ru/products/credits/credit/3476/,https://cdn.banki.ru/cdn/bank/9011_mobile_logo_url.png,19.06.2026 17:40,9011.0,90111.0,bank,Металлинвестбанк,https://cdn.banki.ru/cdn/bank/9011_mobile_logo_url.png,2440,www.metallinvestbank.ru,8 800 250-97-97,"119180, г. Москва, ул. Большая Полянка, д. 47, стр. 2",metallinvestbank,RUB,https://www.banki.ru/products/credits/credit/3476/,20.0,33.0,,30000,3000000,,183,1825,6m,5y,,a6bbb3e9ed6f24b28dc712074462e3f585c10f498e4c30ec06b86f3f695da46b,True,2026-08-24 13:50:38,,20–33%,,,30 000–3 000 000 ₽,4,,,,,,,,
20418,21118803,credit,Да!,Да!,https://www.banki.ru/products/credits/credit/211188/,https://cdn.banki.ru/cdn/bank/192701_mobile_logo_url.png,18.06.2026 18:42,192701.0,1927011.0,bank,Банк «Пойдём!»,https://cdn.banki.ru/cdn/bank/192701_mobile_logo_url.png,2534,www.poidem.ru,8 800 200-12-30,"127015, г. Москва, ул. Бутырская, д. 76, стр. 1",poidem,RUB,https://www.banki.ru/products/credits/credit/211188/,52.9,52.9,,50000,99999,,396,1095,13m,3y,,ee1c1b0aec43e6b6e1e5fb1b3e3617543530dc00aa1643dd9f7f892edf0051a2,True,2026-08-24 13:50:38,,"52,9%",,,50 000–99 999 ₽,4,,,,,,,,
18178,20112503,credit,Наличными (без визита в банк),Наличными (без визита в банк),https://www.banki.ru/products/credits/credit/201125/,https://cdn.banki.ru/cdn/bank/9183_mobile_logo_url.png,29.06.2026 11:53,9183.0,91831.0,bank,Локо-Банк,https://cdn.banki.ru/cdn/bank/9183_mobile_logo_url.png,2707,www.lockobank.ru,8 800 250-50-50,"125167, г. Москва, Ленинградский просп., д. 39, стр. 80",locko-bank,RUB,https://www.banki.ru/products/credits/credit/201125/,16.0,49.9,,50000,5000000,,365,2555,1y,7y,,faf008a2582b1c7db45b2ec827d7ba4713cb0d143795d3b2f75b2447d0640709,True,2026-08-24 13:50:38,,"16–49,9%",,,50 000–5 000 000 ₽,4,,,,,,,,
16877,348703,credit,На любые цели под залог авто,На любые цели под залог авто,https://www.banki.ru/products/credits/credit/3487/,https://cdn.banki.ru/cdn/bank/9183_mobile_logo_url.png,23.06.2026 17:44,9183.0,91831.0,bank,Локо-Банк,https://cdn.banki.ru/cdn/bank/9183_mobile_logo_url.png,2707,www.lockobank.ru,8 800 250-50-50,"125167, г. Москва, Ленинградский просп., д. 39, стр. 80",locko-bank,RUB,https://www.banki.ru/products/credits/credit/3487/,16.0,32.9,,500001,10000000,,1095,2920,3y,8y,,b1d3e081886cb1f87c40ac048bf75eeed12348ffeb9189c456826c65e0a8b311,True,2026-08-24 13:50:38,,"16–32,9%",,,500 001–10 000 000 ₽,4,,,,,,,,
16876,348603,credit,Наличными,Наличными,https://www.banki.ru/products/credits/credit/3486/,https://cdn.banki.ru/cdn/bank/9183_mobile_logo_url.png,23.06.2026 17:44,9183.0,91831.0,bank,Локо-Банк,https://cdn.banki.ru/cdn/bank/9183_mobile_logo_url.png,2707,www.lockobank.ru,8 800 250-50-50,"125167, г. Москва, Ленинградский просп., д. 39, стр. 80",locko-bank,RUB,https://www.banki.ru/products/credits/credit/3486/,16.0,49.9,,50000,5000000,,365,2555,1y,7y,,9444ae702430e73e5868e3011b8da28f6d8558b06d0b9d99abe3818ca4bcd63c,True,2026-08-24 13:50:38,,"16–49,9%",,,50 000–5 000 000 ₽,4,,,,,,,,
19407,498403,credit,Под залог недвижимости,Под залог недвижимости,https://www.banki.ru/products/credits/credit/4984/,https://cdn.banki.ru/cdn/bank/9183_mobile_logo_url.png,19.06.2026 15:30,9183.0,91831.0,bank,Локо-Банк,https://cdn.banki.ru/cdn/bank/9183_mobile_logo_url.png,2707,www.lockobank.ru,8 800 250-50-50,"125167, г. Москва, Ленинградский просп., д. 39, стр. 80",locko-bank,RUB,https://www.banki.ru/products/credits/credit/4984/,21.4,25.4,,1000000,30000000,,365,7300,1y,20y,,cf9c5234838b7c3bcd7456a64dc14a94761d5f51648d272e244805f0fb110849,True,2026-08-24 13:50:38,,"21,4–25,4%",,,1 000 000–30 000 000 ₽,4,,,,,,,,
17631,20103403,credit,Деньги — возможности (под залог авто),Деньги — возможности (под залог авто),https://www.banki.ru/products/credits/credit/201034/,https://cdn.banki.ru/cdn/bank/68683_mobile_logo_url.png,18.06.2026 13:58,68683.0,686831.0,bank,Банк «РОССИЯ»,https://cdn.banki.ru/cdn/bank/68683_mobile_logo_url.png,328,www.abr.ru,8 800 100-11-11 ,"191124, г. Санкт-Петербург, пл. Растрелли, д. 2, стр.1",rossiya,RUB,https://www.banki.ru/products/credits/credit/201034/,19.0,29.0,,100000,5000000,,549,2555,18m,7y,,945f2db1b514bea912bbc890a37703a612548ddfd76225b63cc211faa96b5e22,True,2026-08-24 13:50:38,,19–29%,,,100 000–5 000 000 ₽,4,,,,,,,,
16976,422903,credit,Деньги — возможности ,Деньги — возможности ,https://www.banki.ru/products/credits/credit/4229/,https://cdn.banki.ru/cdn/bank/68683_mobile_logo_url.png,18.06.2026 13:58,68683.0,686831.0,bank,Банк «РОССИЯ»,https://cdn.banki.ru/cdn/bank/68683_mobile_logo_url.png,328,www.abr.ru,8 800 100-11-11 ,"191124, г. Санкт-Петербург, пл. Растрелли, д. 2, стр.1",rossiya,RUB,https://www.banki.ru/products/credits/credit/4229/,21.0,31.0,,100000,5000000,,549,1825,18m,5y,,39bf1edd921b1806c365bc6747c9555e8b4f1a89e4fa126a0a66d87f7c0fd513,True,2026-08-24 13:50:38,,21–31%,,,100 000–5 000 000 ₽,4,,,,,,,,
20427,20116603,credit,Под залог недвижимости,Под залог недвижимости,https://www.banki.ru/products/credits/credit/201166/,https://cdn.banki.ru/cdn/card-designs/Group_7facb8d5d6.png,25.06.2026 12:57,3.0,31.0,bank,Поволжское ОВК ,https://cdn.banki.ru/cdn/card-designs/Group_7facb8d5d6.png,-,https://ovk-volga.ru,8 800 24-93-33,"410056, г. Саратов, ул. Cоветская, №86/70",ovkvolga,RUB,https://www.banki.ru/products/credits/credit/201166/,9.3,24.0,,100000,10000000,,183,1095,6m,3y,,346b23142fc4f0dbfbd19402100456f3b62336031f496871503199f9afa27a10,True,2026-08-24 13:50:38,,"9,3–24%",,,100 000–10 000 000 ₽,4,,,,,,,,
17085,480103,credit,На любые цели без визита в банк,На любые цели без визита в банк,https://www.banki.ru/products/credits/credit/4801/,https://cdn.banki.ru/cdn/bank/6055_mobile_logo_url.png,22.06.2026 13:35,6055.0,60551.0,bank,МТС Банк,https://cdn.banki.ru/cdn/bank/6055_mobile_logo_url.png,2268,www.mtsbank.ru,8 800 250-05-20,"115432, г. Москва, просп. Андропова, д. 18, корп. 1",mts-bank,RUB,https://www.banki.ru/products/credits/credit/4801/,10.9,39.9,,20000,5000000,,365,1825,1y,5y,,f1913e9d2a5f6c5796ecf793a643629831c0250e374850a75af84648794c2a6b,True,2026-08-24 13:50:38,,"10,9–39,9%",,,20 000–5 000 000 ₽,4,,,,,,,,
17629,20103203,credit,Под залог автомобиля,Под залог автомобиля,https://www.banki.ru/products/credits/credit/201032/,https://cdn.banki.ru/cdn/bank/6055_mobile_logo_url.png,22.06.2026 17:40,6055.0,60551.0,bank,МТС Банк,https://cdn.banki.ru/cdn/bank/6055_mobile_logo_url.png,2268,www.mtsbank.ru,8 800 250-05-20,"115432, г. Москва, просп. Андропова, д. 18, корп. 1",mts-bank,RUB,https://www.banki.ru/products/credits/credit/201032/,11.9,31.9,,20000,5000000,,365,1825,1y,5y,,fb0ba82943047d8955276d5c58d566541a041e3f8beef0fdbdc2e32f76fefca1,True,2026-08-24 13:50:38,,"11,9–31,9%",,,20 000–5 000 000 ₽,4,,,,,,,,
19410,501403,credit,Под залог недвижимости,Под залог недвижимости,https://www.banki.ru/products/credits/credit/5014/,https://cdn.banki.ru/cdn/bank/6055_mobile_logo_url.png,22.06.2026 17:40,6055.0,60551.0,bank,МТС Банк,https://cdn.banki.ru/cdn/bank/6055_mobile_logo_url.png,2268,www.mtsbank.ru,8 800 250-05-20,"115432, г. Москва, просп. Андропова, д. 18, корп. 1",mts-bank,RUB,https://www.banki.ru/products/credits/credit/5014/,18.5,24.9,,500000,10000000,,365,5475,1y,15y,,cee42e421ae67be53e1da029fb948cf056335684462c3deeb5f28f66e9a1493c,True,2026-08-24 13:50:38,,"18,5–24,9%",,,500 000–10 000 000 ₽,4,,,,,,,,
16886,356203,credit,Наличными,Наличными,https://www.banki.ru/products/credits/credit/3562/,https://cdn.banki.ru/cdn/bank/2237_mobile_logo_url.png,19.06.2026 16:34,2237.0,22371.0,bank,Банк ДОМ.РФ,https://cdn.banki.ru/cdn/bank/2237_mobile_logo_url.png,2312,domrfbank.ru,8 800 775-86-86 ,"125009, г. Москва, ул. Воздвиженка, д. 10",domrfbank,RUB,https://www.banki.ru/products/credits/credit/3562/,14.7,38.4,,100000,10000000,,730,2555,2y,7y,,048e8e9e677daac87b6f014a46c7f1a94bf06a101e5a72fd2c5721746d45d716,True,2026-08-24 13:50:38,,"14,7–38,4%",,,100 000–10 000 000 ₽,4,,,,,,,,
17783,20109103,credit,На любые цели,На любые цели,https://www.banki.ru/products/credits/credit/201091/,https://cdn.banki.ru/cdn/bank/188824_mobile_logo_url.png,22.06.2026 15:19,188824.0,1888241.0,bank,Внешфинбанк,https://cdn.banki.ru/cdn/bank/188824_mobile_logo_url.png,3173,www.vfbank.ru,8 800 234-55-10,"350059, г. Краснодар, ул. Волжская, д. 47",vneshfinbank,RUB,https://www.banki.ru/products/credits/credit/201091/,18.0,36.0,,30000,100000000,,31,1095,1m,3y,,68103e490e470eb09dd4d1cbff9dda6838318910f10c9b1c06dabb99eff5fbc2,True,2026-08-24 13:50:38,,18–36%,,,30 000–100 000 000 ₽,4,,,,,,,,
19385,446403,credit,На любые цели,На любые цели,https://www.banki.ru/products/credits/credit/4464/,https://cdn.banki.ru/cdn/bank/189319_mobile_logo_url.png,19.06.2026 17:38,189319.0,1893191.0,bank,Почтобанк,https://cdn.banki.ru/cdn/bank/189319_mobile_logo_url.png,1788,www.uralexpress.ru,+7 (342) 236-07-72,"614096, г. Пермь, ул. Ленина, д. 68",pochtobank,RUB,https://www.banki.ru/products/credits/credit/4464/,18.0,18.5,,100000,10000000,,31,1825,1m,5y,,2580b4ef46b6bd3be98de858194dba348430bf5a9301a3a4dccb9f4732591923,True,2026-08-24 13:50:38,,"18–18,5%",,,100 000–10 000 000 ₽,4,,,,,,,,
19328,177103,credit,Наличными (с обеспечением),Наличными (с обеспечением),https://www.banki.ru/products/credits/credit/1771/,https://cdn.banki.ru/cdn/bank/192869_mobile_logo_url.png,22.06.2026 17:19,192869.0,1928691.0,bank,ЕВРОАЛЬЯНС,https://cdn.banki.ru/cdn/bank/192869_mobile_logo_url.png,1781,www.euroalliance.ru,8 800 700-92-22,"153000, г. Иваново, ул. Станко, д. 13",euroalliance,RUB,https://www.banki.ru/products/credits/credit/1771/,18.25,19.25,,100000,9000000,,31,1095,2y,3y,,b98fb547806b64a4914803e0c9430995d0e596e4345f83f80bbc28ab383145e0,True,2026-08-24 13:50:38,,"18,25–19,25%",,,100 000–9 000 000 ₽,4,,,,,,,,
16791,177003,credit,Наличными,Наличными,https://www.banki.ru/products/credits/credit/1770/,https://cdn.banki.ru/cdn/bank/192869_mobile_logo_url.png,22.06.2026 17:06,192869.0,1928691.0,bank,ЕВРОАЛЬЯНС,https://cdn.banki.ru/cdn/bank/192869_mobile_logo_url.png,1781,www.euroalliance.ru,8 800 700-92-22,"153000, г. Иваново, ул. Станко, д. 13",euroalliance,RUB,https://www.banki.ru/products/credits/credit/1770/,19.25,20.25,,100000,3000000,,31,1095,2y,3y,,05acbb30e0d51f2642ee0e70df73b60f35217aa1a12969d0c863311666461d02,True,2026-08-24 13:50:38,,"19,25–20,25%",,,100 000–3 000 000 ₽,4,,,,,,,,
19337,298003,credit,Под залог,Под залог,https://www.banki.ru/products/credits/credit/2980/,https://cdn.banki.ru/cdn/bank/17111_mobile_logo_url.png,22.06.2026 14:58,17111.0,171111.0,bank,Банк Финсервис,https://cdn.banki.ru/cdn/bank/17111_mobile_logo_url.png,3388,www.finsb.ru,8 800 200-07-67,"121151, г. Москва, наб. Тараса Шевченко, д. 23А",finservice,RUB,https://www.banki.ru/products/credits/credit/2980/,18.75,21.75,,500000,100000000,,183,3650,6m,10y,,0b5569ffb43e2b3676e03cb405eab75700b09878de604c1cdd727847582c4df5,True,2026-08-24 13:50:38,,"18,75–21,75%",,,500 000–100 000 000 ₽,4,,,,,,,,
17012,446803,credit,На любые цели (под поручительство),На любые цели (под поручительство),https://www.banki.ru/products/credits/credit/4468/,https://cdn.banki.ru/cdn/bank/17111_mobile_logo_url.png,22.06.2026 14:40,17111.0,171111.0,bank,Банк Финсервис,https://cdn.banki.ru/cdn/bank/17111_mobile_logo_url.png,3388,www.finsb.ru,8 800 200-07-67,"121151, г. Москва, наб. Тараса Шевченко, д. 23А",finservice,RUB,https://www.banki.ru/products/credits/credit/4468/,21.25,26.25,,1500001,100000000,,183,1825,1m3y,5y,,e0449f1383e2739c4249809f00e0fe61238a767a40bc8ce3160e40ca357dc66e,True,2026-08-24 13:50:38,,"21,25–26,25%",,,1 500 001–100 000 000 ₽,4,,,,,,,,
16812,272703,credit,На любые цели,На любые цели,https://www.banki.ru/products/credits/credit/2727/,https://cdn.banki.ru/cdn/bank/17111_mobile_logo_url.png,22.06.2026 14:39,17111.0,171111.0,bank,Банк Финсервис,https://cdn.banki.ru/cdn/bank/17111_mobile_logo_url.png,3388,www.finsb.ru,8 800 200-07-67,"121151, г. Москва, наб. Тараса Шевченко, д. 23А",finservice,RUB,https://www.banki.ru/products/credits/credit/2727/,22.25,27.25,,50000,1500000,,183,1825,1m3y,5y,,94b6b43182d2a6a1a088e15bb7ba9ca1185cd08a653194c692b9cfee2da68fc0,True,2026-08-24 13:50:38,,"22,25–27,25%",,,50 000–1 500 000 ₽,4,,,,,,,,
19345,332903,credit,На большие цели,На большие цели,https://www.banki.ru/products/credits/credit/3329/,https://cdn.banki.ru/cdn/bank/192884_mobile_logo_url.png,19.06.2026 15:40,192884.0,1928841.0,bank,Банк Казани,https://cdn.banki.ru/cdn/bank/192884_mobile_logo_url.png,708,www.bankofkazan.ru,8 800 775-18-77,"420066, г. Казань, ул. Солдатская, д. 1",kazanbank,RUB,https://www.banki.ru/products/credits/credit/3329/,18.9,20.4,,300000,100000000,,397,3650,13m,10y,,13bf68e1216d9f3676efbee7ddd813105808697e4150c8d99317dbe1cd114f03,True,2026-08-24 13:50:38,,"18,9–20,4%",,,300 000–100 000 000 ₽,4,,,,,,,,
16755,59803,credit,Классический,Классический,https://www.banki.ru/products/credits/credit/598/,https://cdn.banki.ru/cdn/bank/192884_mobile_logo_url.png,19.06.2026 15:40,192884.0,1928841.0,bank,Банк Казани,https://cdn.banki.ru/cdn/bank/192884_mobile_logo_url.png,708,www.bankofkazan.ru,8 800 775-18-77,"420066, г. Казань, ул. Солдатская, д. 1",kazanbank,RUB,https://www.banki.ru/products/credits/credit/598/,19.4,24.4,,100000,100000000,,365,2555,1y,7y,,9055a032b2afca74fa4af4b2986b27c6092321b0b3a84f8a5511678c4440ddee,True,2026-08-24 13:50:38,,"19,4–24,4%",,,100 000–100 000 000 ₽,4,,,,,,,,
17270,521803,credit,Доверительный ,Доверительный ,https://www.banki.ru/products/credits/credit/5218/,https://cdn.banki.ru/cdn/bank/192884_mobile_logo_url.png,19.06.2026 15:39,192884.0,1928841.0,bank,Банк Казани,https://cdn.banki.ru/cdn/bank/192884_mobile_logo_url.png,708,www.bankofkazan.ru,8 800 775-18-77,"420066, г. Казань, ул. Солдатская, д. 1",kazanbank,RUB,https://www.banki.ru/products/credits/credit/5218/,23.5,28.5,,30000,1500000,,365,1825,1y,5y,,7637d2a5c71f40bdd1ac1178618ef3633c0f287fd88a6e0c4c48ac0491a50462,True,2026-08-24 13:50:38,,"23,5–28,5%",,,30 000–1 500 000 ₽,4,,,,,,,,
20331,20116303,credit,Удобный,Удобный,https://www.banki.ru/products/credits/credit/201163/,https://cdn.banki.ru/cdn/bank/11518_mobile_logo_url.png,18.06.2026 18:55,11518.0,115181.0,bank,Банк ТКБ,https://cdn.banki.ru/cdn/bank/11518_mobile_logo_url.png,2210,www.tkbbank.ru,8 800 100-32-00,"109147, г. Москва, ул. Воронцовская, д. 27/35",transcapitalbank,RUB,https://www.banki.ru/products/credits/credit/201163/,23.1,25.75,,500000,100000000,,1095,9125,3y,25y,,2babc1a2718ca8b059672c04ce5a7e06d0d9358770c70f2bb9290651e5d4f9e6,True,2026-08-24 13:50:38,,"23,1–25,75%",,,500 000–100 000 000 ₽,4,,,,,,,,
17083,478503,credit,Наличными,Наличными,https://www.banki.ru/products/credits/credit/4785/,,23.06.2026 14:41,77481.0,774811.0,bank,Банк «СЕРВИС РЕЗЕРВ»,,2034,www.srbank.ru,+7 (495) 229-42-00,"101000, г. Москва, ул. Садовая-Черногрязская, д. 22, стр. 3",service-reserve,RUB,https://www.banki.ru/products/credits/credit/4785/,19.0,24.0,,50000,50000000,,31,1095,1m,3y,,a5bd47d80fb6a5fde11d02367cedf0667c920e0043c8ef799458018f04edc700,True,2026-08-24 13:50:38,,19–24%,,,50 000–50 000 000 ₽,4,,,,,,,,
19411,502303,credit,Под залог недвижимости,Под залог недвижимости,https://www.banki.ru/products/credits/credit/5023/,https://cdn.banki.ru/cdn/bank/12374_mobile_logo_url.png,22.06.2026 17:22,12374.0,123741.0,bank,НС Банк,https://cdn.banki.ru/cdn/bank/12374_mobile_logo_url.png,3124,www.nsbank.ru,8 800 555-43-24,"109004, г. Москва, ул. Добровольческая, д. 20, стр. 2",nsbank,RUB,https://www.banki.ru/products/credits/credit/5023/,19.25,21.25,,500000,20000000,,1825,7300,5y,20y,,656fe3c0d140dc3e2066317c64b4443312af43e9393d3c8d0317af1f9519627b,True,2026-08-24 13:50:38,,"19,25–21,25%",,,500 000–20 000 000 ₽,4,,,,,,,,
19326,172603,credit,ЭТБ – солидные деньги (недвижимое имущество),ЭТБ – солидные деньги (недвижимое имущество),https://www.banki.ru/products/credits/credit/1726/,https://cdn.banki.ru/cdn/bank/193407_mobile_logo_url.png,22.06.2026 18:22,193407.0,1934071.0,bank,Энерготрансбанк,https://cdn.banki.ru/cdn/bank/193407_mobile_logo_url.png,1307,www.energotransbank.com,8 800 100-22-48,"236016, г. Калининград, ул. Клиническая, д. 83а",energotransbank,RUB,https://www.banki.ru/products/credits/credit/1726/,19.5,21.0,,500000,10000000,,31,3650,1m,10y,,770d044a7cc1bf9742a9a6a158236e3cbafbe3cc3d622323efa7fe719d6a5df1,True,2026-08-24 13:50:38,,"19,5–21%",,,500 000–10 000 000 ₽,4,,,,,,,,
19980,20115703,credit,Рефинансирование под залог недвижимости,Рефинансирование под залог недвижимости,https://www.banki.ru/products/credits/credit/201157/,https://cdn.banki.ru/cdn/bank/193407_mobile_logo_url.png,22.06.2026 18:22,193407.0,1934071.0,bank,Энерготрансбанк,https://cdn.banki.ru/cdn/bank/193407_mobile_logo_url.png,1307,www.energotransbank.com,8 800 100-22-48,"236016, г. Калининград, ул. Клиническая, д. 83а",energotransbank,RUB,https://www.banki.ru/products/credits/credit/201157/,19.5,20.0,,500000,5000000,,365,3650,1y,10y,,7590a4dee7a86bad164e1b725e7f5dd53ac97abd2199de8e1197bc083147272a,True,2026-08-24 13:50:38,,"19,5–20%",,,500 000–5 000 000 ₽,4,,,,,,,,
16939,397303,credit,ЭТБ – солидные деньги (движимое имущество),ЭТБ – солидные деньги (движимое имущество),https://www.banki.ru/products/credits/credit/3973/,https://cdn.banki.ru/cdn/bank/193407_mobile_logo_url.png,22.06.2026 18:21,193407.0,1934071.0,bank,Энерготрансбанк,https://cdn.banki.ru/cdn/bank/193407_mobile_logo_url.png,1307,www.energotransbank.com,8 800 100-22-48,"236016, г. Калининград, ул. Клиническая, д. 83а",energotransbank,RUB,https://www.banki.ru/products/credits/credit/3973/,19.5,21.0,,500000,3000000,,31,1825,1m,5y,,a8436e2f0d57270f94c3d65879b468644d247d2e1ece793f329c2a19b6e06772,True,2026-08-24 13:50:38,,"19,5–21%",,,500 000–3 000 000 ₽,4,,,,,,,,
19368,395503,credit,Под залог недвижимости,Под залог недвижимости,https://www.banki.ru/products/credits/credit/3955/,https://cdn.banki.ru/cdn/bank/191174_mobile_logo_url.png,23.06.2026 14:19,191174.0,1911741.0,bank,Кубань Кредит,https://cdn.banki.ru/cdn/bank/191174_mobile_logo_url.png,2518,kk.bank,8 800 555-25-18,"350000, г. Краснодар, ул. им. Орджоникидзе, д. 46 / ул. Красноармейская, д. 32",kubankredit,RUB,https://www.banki.ru/products/credits/credit/3955/,20.0,22.5,,1000000,30000000,,1825,7300,5y,20y,,c26363a4a0c36cf210b3fe4100076982767264f11cac9c8d98d724162154d3ec,True,2026-08-24 13:50:38,,"20–22,5%",,,1 000 000–30 000 000 ₽,4,,,,,,,,
16867,343103,credit,Частным клиентам (с обеспечением),Частным клиентам (с обеспечением),https://www.banki.ru/products/credits/credit/3431/,https://cdn.banki.ru/cdn/bank/191174_mobile_logo_url.png,23.06.2026 14:18,191174.0,1911741.0,bank,Кубань Кредит,https://cdn.banki.ru/cdn/bank/191174_mobile_logo_url.png,2518,kk.bank,8 800 555-25-18,"350000, г. Краснодар, ул. им. Орджоникидзе, д. 46 / ул. Красноармейская, д. 32",kubankredit,RUB,https://www.banki.ru/products/credits/credit/3431/,21.0,24.0,,50000,5000000,,397,2555,13m,7y,,599c134990eaa2dae0eb9667bd7f57e5ba801f371d85ee37f14d1bdefd2066f0,True,2026-08-24 13:50:38,,21–24%,,,50 000–5 000 000 ₽,4,,,,,,,,
17289,524403,credit,Частным клиентам,Частным клиентам,https://www.banki.ru/products/credits/credit/5244/,https://cdn.banki.ru/cdn/bank/191174_mobile_logo_url.png,23.06.2026 14:18,191174.0,1911741.0,bank,Кубань Кредит,https://cdn.banki.ru/cdn/bank/191174_mobile_logo_url.png,2518,kk.bank,8 800 555-25-18,"350000, г. Краснодар, ул. им. Орджоникидзе, д. 46 / ул. Красноармейская, д. 32",kubankredit,RUB,https://www.banki.ru/products/credits/credit/5244/,22.5,28.5,,50000,3000000,,397,1825,13m,5y,,e89c60b2da99594d879da8b3a9add40bde42d80385cdca0aee9f730245cfd7bf,True,2026-08-24 13:50:38,,"22,5–28,5%",,,50 000–3 000 000 ₽,4,,,,,,,,
19412,502403,credit,Под залог недвижимости,Под залог недвижимости,https://www.banki.ru/products/credits/credit/5024/,https://cdn.banki.ru/cdn/card-designs/Group_2136138570_e276e443b5.png,23.06.2026 16:12,192887.0,1928871.0,bank,Тимер Банк,https://cdn.banki.ru/cdn/card-designs/Group_2136138570_e276e443b5.png,1581,timerbank.ru,8 800 100-66-77 ,"115054, г. Москва, ул. Бахрушина, д. 23, стр. 2",timerbank,RUB,https://www.banki.ru/products/credits/credit/5024/,21.0,22.0,,300000,7000000,,365,5475,1y,15y,,fc2be93661b4fd8ac51bb48255152c41ec76bf902462dc1b41934157db1f1d68,True,2026-08-24 13:50:38,,21–22%,,,300 000–7 000 000 ₽,4,,,,,,,,
19474,20102103,credit,Фора-Залоговый (под залог недвижимости),Фора-Залоговый (под залог недвижимости),https://www.banki.ru/products/credits/credit/201021/,https://cdn.banki.ru/cdn/bank/80493_mobile_logo_url.png,22.06.2026 17:56,80493.0,804931.0,bank,Фора-Банк,https://cdn.banki.ru/cdn/bank/80493_mobile_logo_url.png,1885,www.forabank.ru,8 800 100-98-89,"119021, г. Москва, Зубовский б-р, д. 25",forabank,RUB,https://www.banki.ru/products/credits/credit/201021/,23.0,24.0,,750000,15000000,,183,3650,6m,10y,,ea11c8f7dcffbe663e8ea61338a7cce804f26922c36b39223b736fc29cb559f5,True,2026-08-24 13:50:38,,23–24%,,,750 000–15 000 000 ₽,4,,,,,,,,
17345,20074603,credit,Фора-Залоговый,Фора-Залоговый,https://www.banki.ru/products/credits/credit/200746/,https://cdn.banki.ru/cdn/bank/80493_mobile_logo_url.png,22.06.2026 17:55,80493.0,804931.0,bank,Фора-Банк,https://cdn.banki.ru/cdn/bank/80493_mobile_logo_url.png,1885,www.forabank.ru,8 800 100-98-89,"119021, г. Москва, Зубовский б-р, д. 25",forabank,RUB,https://www.banki.ru/products/credits/credit/200746/,25.0,26.0,,750000,15000000,,183,2555,6m,7y,,0918999d37a24b678850316c92c188f0dc827881e0f371f4916224376d37b2ec,True,2026-08-24 13:50:38,,25–26%,,,750 000–15 000 000 ₽,4,,,,,,,,
16738,11303,credit,Фора-Стандарт,Фора-Стандарт,https://www.banki.ru/products/credits/credit/113/,https://cdn.banki.ru/cdn/bank/80493_mobile_logo_url.png,22.06.2026 17:56,80493.0,804931.0,bank,Фора-Банк,https://cdn.banki.ru/cdn/bank/80493_mobile_logo_url.png,1885,www.forabank.ru,8 800 100-98-89,"119021, г. Москва, Зубовский б-р, д. 25",forabank,RUB,https://www.banki.ru/products/credits/credit/113/,28.5,30.5,,30000,750000,,183,1095,6m,3y,,1b9bb6fc5a89c561047c95ff884f152782c7794762f516e2b759709aa37af66f,True,2026-08-24 13:50:38,,"28,5–30,5%",,,30 000–750 000 ₽,4,,,,,,,,
19847,21115503,credit,На любые цели,На любые цели,https://www.banki.ru/products/credits/credit/211155/,https://cdn.banki.ru/cdn/bank/37473_mobile_logo_url.png,19.06.2026 15:35,37473.0,374731.0,bank,СДМ-Банк,https://cdn.banki.ru/cdn/bank/37473_mobile_logo_url.png,1637,www.sdm.ru,8 800 200-02-23,"125424, г. Москва, Волоколамское ш., д. 73",sdm-bank,RUB,https://www.banki.ru/products/credits/credit/211155/,23.5,23.5,,100000,3000000,,30,1460,1m,4y,,65978d9e8e02e3772547d88bd39aabc1a83b75864b1a2e6662087c13643c53c4,True,2026-08-24 13:50:38,,"23,5%",,,100 000–3 000 000 ₽,4,,,,,,,,
17340,20074103,credit,Для сотрудников других банков (с обеспечением),Для сотрудников других банков (с обеспечением),https://www.banki.ru/products/credits/credit/200741/,https://cdn.banki.ru/cdn/bank/189187_mobile_logo_url.png,18.06.2026 18:31,189187.0,1891871.0,bank,Солид Банк,https://cdn.banki.ru/cdn/bank/189187_mobile_logo_url.png,1329,www.solidbank.ru,8 800 775-56-06,"690091, г. Владивосток, ул. Алеутская, д. 33",solid-bank,RUB,https://www.banki.ru/products/credits/credit/200741/,25.9,35.9,,50000,10000000,,365,2555,1m5y,7y,,7699086201f4ed99f02cd234f839c1debfe049822dbe808307aecc0d5c01b75e,True,2026-08-24 13:50:38,,"25,9–35,9%",,,50 000–10 000 000 ₽,4,,,,,,,,
17339,20074003,credit,Для сотрудников других банков,Для сотрудников других банков,https://www.banki.ru/products/credits/credit/200740/,https://cdn.banki.ru/cdn/bank/189187_mobile_logo_url.png,18.06.2026 18:31,189187.0,1891871.0,bank,Солид Банк,https://cdn.banki.ru/cdn/bank/189187_mobile_logo_url.png,1329,www.solidbank.ru,8 800 775-56-06,"690091, г. Владивосток, ул. Алеутская, д. 33",solid-bank,RUB,https://www.banki.ru/products/credits/credit/200740/,25.9,35.9,,50000,1000000,,365,1825,1y,5y,,6a2601c8ff00d4b7bbd243c6794c1f42d772d24a45266e711855843222453e6c,True,2026-08-24 13:50:38,,"25,9–35,9%",,,50 000–1 000 000 ₽,4,,,,,,,,
19339,298803,credit,Универсальный (с обеспечением),Универсальный (с обеспечением),https://www.banki.ru/products/credits/credit/2988/,https://cdn.banki.ru/cdn/bank/77487_mobile_logo_url.png,19.06.2026 17:33,77487.0,774871.0,bank,Интерпрогрессбанк,https://cdn.banki.ru/cdn/bank/77487_mobile_logo_url.png,600,www.ipb.ru,+7 (495) 411-00-00,"115201, г. Москва, Старокаширское ш., д. 2, корп. 1, стр. 1",ipb,RUB,https://www.banki.ru/products/credits/credit/2988/,27.0,29.5,,600001,2000000,,397,1825,13m,5y,,676a03b8f21e7b66f607246c3d206f27f80df3dffbbff3ff362fc855b36c79c6,True,2026-08-24 13:50:38,,"27–29,5%",,,600 001–2 000 000 ₽,4,,,,,,,,
16746,38103,credit,Универсальный,Универсальный,https://www.banki.ru/products/credits/credit/381/,https://cdn.banki.ru/cdn/bank/77487_mobile_logo_url.png,19.06.2026 17:33,77487.0,774871.0,bank,Интерпрогрессбанк,https://cdn.banki.ru/cdn/bank/77487_mobile_logo_url.png,600,www.ipb.ru,+7 (495) 411-00-00,"115201, г. Москва, Старокаширское ш., д. 2, корп. 1, стр. 1",ipb,RUB,https://www.banki.ru/products/credits/credit/381/,27.0,29.5,,100000,600000,,397,1825,13m,5y,,4189de6739e4b24e051bf3305f664506529c5cfad73b99304fb2791c6b5c9364,True,2026-08-24 13:50:38,,"27–29,5%",,,100 000–600 000 ₽,4,,,,,,,,
16876,348603,credit,Наличными,Наличными,https://www.banki.ru/products/credits/credit/3486/,https://cdn.banki.ru/cdn/bank/9183_mobile_logo_url.png,02.07.2026 12:19,9183,91831,bank,Локо-Банк,https://cdn.banki.ru/cdn/bank/9183_mobile_logo_url.png,2707,www.lockobank.ru,8 800 250-50-50,"125167, г. Москва, Ленинградский просп., д. 39, стр. 80",locko-bank,RUB,https://www.banki.ru/products/credits/credit/3486/,16.0,54.0,,50000,5000000,,365,2555,1y,7y,,fe3f2763312c195152304019a704e56f9d01d2e74ae49775349c2a87c17dc487,True,2026-08-24 13:50:38,,16–54%,,,50 000–5 000 000 ₽,4,,,,,,,,
16877,348703,credit,На любые цели под залог авто,На любые цели под залог авто,https://www.banki.ru/products/credits/credit/3487/,https://cdn.banki.ru/cdn/bank/9183_mobile_logo_url.png,02.07.2026 12:19,9183,91831,bank,Локо-Банк,https://cdn.banki.ru/cdn/bank/9183_mobile_logo_url.png,2707,www.lockobank.ru,8 800 250-50-50,"125167, г. Москва, Ленинградский просп., д. 39, стр. 80",locko-bank,RUB,https://www.banki.ru/products/credits/credit/3487/,16.0,32.9,,500001,10000000,,1095,2920,3y,8y,,9b5c5cff30de620aec4e747631a6918ccc6dff5ea55698e60c95ce1e20a4bc5c,True,2026-08-24 13:50:38,,"16–32,9%",,,500 001–10 000 000 ₽,4,,,,,,,,
19482,20105203,credit,Для самозанятых (с обеспечением),Для самозанятых (с обеспечением),https://www.banki.ru/products/credits/credit/201052/,https://cdn.banki.ru/cdn/bank/124449_mobile_logo_url.png,30.06.2026 18:10,124449,1244491,bank,Центр-инвест,https://cdn.banki.ru/cdn/bank/124449_mobile_logo_url.png,2225,www.centrinvest.ru,+7 (863) 200-00-00,"344000, г. Ростов-на-Дону, просп. Соколова, д. 62",centr-invest,RUB,https://www.banki.ru/products/credits/credit/201052/,22.75,23.0,,3000000,100000000,,365,1825,1y,5y,,e3eff7b7982260b502a918d87acb47f33b021c0698c99632b055479ba86efa65,True,2026-08-24 13:50:38,,"22,75–23%",,,3 000 000–100 000 000 ₽,4,,,,,,,,
16886,356203,credit,Наличными,Наличными,https://www.banki.ru/products/credits/credit/3562/,https://cdn.banki.ru/cdn/bank/2237_mobile_logo_url.png,30.06.2026 15:10,2237,22371,bank,Банк ДОМ.РФ,https://cdn.banki.ru/cdn/bank/2237_mobile_logo_url.png,2312,domrfbank.ru,8 800 775-86-86 ,"125009, г. Москва, ул. Воздвиженка, д. 10",domrfbank,RUB,https://www.banki.ru/products/credits/credit/3562/,14.7,38.4,,100000,10000000,,730,2555,2y,7y,,f1cdb36afd541bec46ac5714901bd91609e62ca65cc64baace3e5c65e6800bf8,True,2026-08-24 13:50:38,,"14,7–38,4%",,,100 000–10 000 000 ₽,4,,,,,,,,
19407,498403,credit,Под залог недвижимости,Под залог недвижимости,https://www.banki.ru/products/credits/credit/4984/,https://cdn.banki.ru/cdn/bank/9183_mobile_logo_url.png,15.12.2025 16:29,9183,91831,bank,Локо-Банк,https://cdn.banki.ru/cdn/bank/9183_mobile_logo_url.png,2707,www.lockobank.ru,8 800 250-50-50,"125167, г. Москва, Ленинградский просп., д. 39, стр. 80",locko-bank,RUB,https://www.banki.ru/products/credits/credit/4984/,22.4,26.4,,1000000,30000000,,365,7300,1y,20y,,d4a631dfdd998d07ce48c091bf1ec3e70fb14f50ae506e2b2bc0ba63a0b2cbb4,True,2026-08-24 13:50:38,,"22,4–26,4%",,,1 000 000–30 000 000 ₽,4,,,,,,,,
16873,347603,credit,Пенсионный,Пенсионный,https://www.banki.ru/products/credits/credit/3476/,https://cdn.banki.ru/cdn/bank/9011_mobile_logo_url.png,26.01.2026 13:10,9011,90111,bank,Металлинвестбанк,https://cdn.banki.ru/cdn/bank/9011_mobile_logo_url.png,2440,www.metallinvestbank.ru,8 800 250-97-97,"119180, г. Москва, ул. Большая Полянка, д. 47, стр. 2",metallinvestbank,RUB,https://www.banki.ru/products/credits/credit/3476/,23.0,37.0,,30000,3000000,,183,1825,6m,5y,,17b22cd63ff04267e3f6e123de497aab419d38831145bdf4d9ad07920a86f0a9,True,2026-08-24 13:50:38,,23–37%,,,30 000–3 000 000 ₽,4,,,,,,,,
16753,56103,credit,Наличными,Наличными,https://www.banki.ru/products/credits/credit/561/,https://cdn.banki.ru/cdn/bank/36119_mobile_logo_url.png,05.06.2026 11:50,36119,361191,bank,Ак Барс Банк,https://cdn.banki.ru/cdn/bank/36119_mobile_logo_url.png,2590,www.akbars.ru,8 800 200-53-03,"420066, г. Казань, ул. Декабристов, д. 1",akbars,RUB,https://www.banki.ru/products/credits/credit/561/,15.3,52.6,,30000,3000000,,365,1825,1y,5y,,b7f1258b79adcf3cebf0563393ed38f4b42d935d447895979df0166b9a4f1166,True,2026-08-24 13:50:38,,"15,3–52,6%",,,30 000–3 000 000 ₽,4,,,,,,,,
19347,335203,credit,На любые цели под залог недвижимости,На любые цели под залог недвижимости,https://www.banki.ru/products/credits/credit/3352/,https://cdn.banki.ru/cdn/card-designs/ATB_6c3ba5efa1.png,05.06.2026 12:13,192833,1928331,bank,Азиатско-Тихоокеанский банк (АТБ),https://cdn.banki.ru/cdn/card-designs/ATB_6c3ba5efa1.png,1810,www.atb.su,8 800 775-88-88,"675000, Амурская обл., г. Благовещенск, ул. Амурская, д. 225",atb,RUB,https://www.banki.ru/products/credits/credit/3352/,20.4,24.4,,500000,30000000,,1095,7300,3y,20y,,d42d343ee8458c302f4e0a5f99bc0194ddc5e70d61f4e0676364cab99e8975db,True,2026-08-24 13:50:38,,"20,4–24,4%",,,500 000–30 000 000 ₽,4,,,,,,,,
16972,422103,credit,Экспресс,Экспресс,https://www.banki.ru/products/credits/credit/4221/,https://cdn.banki.ru/cdn/bank/863_mobile_logo_url.png,18.12.2025 13:38,863,8631,bank,Банк ЗЕНИТ,https://cdn.banki.ru/cdn/bank/863_mobile_logo_url.png,3255,www.zenit.ru,8 800 500-66-77,"117638, г. Москва, Одесская ул., д. 2
",zenit,RUB,https://www.banki.ru/products/credits/credit/4221/,16.5,45.9,,50000,300000,,397,1825,13m,5y,,a9c141c78fdc892df486c3520cb56aa3f1ae9a4862639ca30a99733f72e903e2,True,2026-08-24 13:50:38,,"16,5–45,9%",,,50 000–300 000 ₽,4,,,,,,,,
17162,505503,credit,Под залог авто,Под залог авто,https://www.banki.ru/products/credits/credit/5055/,https://cdn.banki.ru/cdn/bank/863_mobile_logo_url.png,18.12.2025 13:19,863,8631,bank,Банк ЗЕНИТ,https://cdn.banki.ru/cdn/bank/863_mobile_logo_url.png,3255,www.zenit.ru,8 800 500-66-77,"117638, г. Москва, Одесская ул., д. 2
",zenit,RUB,https://www.banki.ru/products/credits/credit/5055/,22.5,35.9,,300000,5000000,,730,2555,2y,7y,,ee8f950b1063d72d33f66479e55bb70604a23262f488d4b33aa0b20f664cbd35,True,2026-08-24 13:50:38,,"22,5–35,9%",,,300 000–5 000 000 ₽,4,,,,,,,,
19380,438703,credit,Под залог недвижимости,Под залог недвижимости,https://www.banki.ru/products/credits/credit/4387/,https://cdn.banki.ru/cdn/bank/63520_mobile_logo_url.png,18.12.2025 19:04,63520,635201,bank,Уралсиб,https://cdn.banki.ru/cdn/bank/63520_mobile_logo_url.png,30,www.uralsib.ru,8 800 250-57-57,"119048, г. Москва, ул. Ефремова, д. 8
",uralsib,RUB,https://www.banki.ru/products/credits/credit/4387/,21.0,23.0,,1500000,20000000,,365,5475,1y,15y,,d96a11bb1f9cf196d3e0fb40e1c1060bc7df1c9844e9a8ae4d0ebe5b50ad2fbe,True,2026-08-24 13:50:38,,21–23%,,,1 500 000–20 000 000 ₽,4,,,,,,,,
17030,457803,credit,Наличными,Наличными,https://www.banki.ru/products/credits/credit/4578/,https://cdn.banki.ru/cdn/bank/2764_mobile_logo_url.png,18.12.2025 14:23,2764,27641,bank,Газпромбанк,https://cdn.banki.ru/cdn/bank/2764_mobile_logo_url.png,354,www.gazprombank.ru,8 800 300-60-90,"117420, г. Москва, ул. Наметкина, д. 16, корп. 1.
",gazprombank,RUB,https://www.banki.ru/products/credits/credit/4578/,24.9,46.4,,50000,7000000,,397,1825,13m,5y,,27383c3a72b6fa9ccec2f2470d8534ff293e65a89f6930763bb8745a2492d76e,True,2026-08-24 13:50:38,,"24,9–46,4%",,,50 000–7 000 000 ₽,4,,,,,,,,
17132,499403,credit,Универсальный,Универсальный,https://www.banki.ru/products/credits/credit/4994/,https://cdn.banki.ru/cdn/bank/2764_mobile_logo_url.png,18.12.2025 14:23,2764,27641,bank,Газпромбанк,https://cdn.banki.ru/cdn/bank/2764_mobile_logo_url.png,354,www.gazprombank.ru,8 800 300-60-90,"117420, г. Москва, ул. Наметкина, д. 16, корп. 1.
",gazprombank,RUB,https://www.banki.ru/products/credits/credit/4994/,27.9,29.9,,500000,7000000,,397,1825,13m,5y,,03d82ef8e2081dfc4209b52b3d32252eaa3e6f0c4c0df1242e6e15aa32abcbd8,True,2026-08-24 13:50:38,,"27,9–29,9%",,,500 000–7 000 000 ₽,4,,,,,,,,
17036,459503,credit,На любые цели,На любые цели,https://www.banki.ru/products/credits/credit/4595/,https://cdn.banki.ru/cdn/bank/5348_mobile_logo_url.png,18.12.2025 18:29,5348,53481,bank,Инго Банк,https://cdn.banki.ru/cdn/bank/5348_mobile_logo_url.png,2307,www.ingobank.ru,8 800 100-33-22,"127030, г. Москва, ул. Сущевская, д. 27, стр. 1
",ingobank,RUB,https://www.banki.ru/products/credits/credit/4595/,8.5,41.5,,50000,3000000,,365,2555,1y,7y,,65cbb8e9a2e8a59503b62ad55c924d1930a366ea05b4091c6d90f7b05c82234b,True,2026-08-24 13:50:38,,"8,5–41,5%",,,50 000–3 000 000 ₽,4,,,,,,,,
19813,20115303,credit,Под залог недвижимости,Под залог недвижимости,https://www.banki.ru/products/credits/credit/201153/,https://cdn.banki.ru/cdn/bank/5348_mobile_logo_url.png,18.12.2025 18:32,5348,53481,bank,Инго Банк,https://cdn.banki.ru/cdn/bank/5348_mobile_logo_url.png,2307,www.ingobank.ru,8 800 100-33-22,"127030, г. Москва, ул. Сущевская, д. 27, стр. 1
",ingobank,RUB,https://www.banki.ru/products/credits/credit/201153/,23.5,25.0,,500000,7000000,,365,5475,1y,15y,,f10baf8967c52bc28b82adb0cecdb98dfd1c96011450153175c27bd881cdf1fe,True,2026-08-24 13:50:38,,"23,5–25%",,,500 000–7 000 000 ₽,4,,,,,,,,
19347,335203,credit,На любые цели под залог недвижимости,На любые цели под залог недвижимости,https://www.banki.ru/products/credits/credit/3352/,https://cdn.banki.ru/cdn/card-designs/ATB_6c3ba5efa1.png,20.04.2026 12:01,192833,1928331,bank,Азиатско-Тихоокеанский банк (АТБ),https://cdn.banki.ru/cdn/card-designs/ATB_6c3ba5efa1.png,1810,www.atb.su,8 800 775-88-88,"675000, Амурская обл., г. Благовещенск, ул. Амурская, д. 225",atb,RUB,https://www.banki.ru/products/credits/credit/3352/,21.0,25.5,,500000,30000000,,1095,7300,3y,20y,,3a71cd476010ffbb61d4f20cb4de5f8e8eb3f2d0e8bfbb9026920582dd08bca7,True,2026-08-24 13:50:38,,"21–25,5%",,,500 000–30 000 000 ₽,4,,,,,,,,
19407,498403,credit,Под залог недвижимости,Под залог недвижимости,https://www.banki.ru/products/credits/credit/4984/,https://cdn.banki.ru/cdn/bank/9183_mobile_logo_url.png,07.07.2026 18:14,9183,91831,bank,Локо-Банк,https://cdn.banki.ru/cdn/bank/9183_mobile_logo_url.png,2707,www.lockobank.ru,8 800 250-50-50,"125167, г. Москва, Ленинградский просп., д. 39, стр. 80",locko-bank,RUB,https://www.banki.ru/products/credits/credit/4984/,20.9,25.4,,1000000,30000000,,365,7300,1y,20y,,d6d347524afbc8000d2e112edaa276f64ec70118f18b7271c19f3c86d69abb5b,True,2026-08-24 13:50:38,,"20,9–25,4%",,,1 000 000–30 000 000 ₽,4,,,,,,,,
20031,21117903,credit,Наличными с оформлением на Банки.ру,Наличными с оформлением на Банки.ру,https://www.banki.ru/products/credits/credit/211179/,https://cdn.banki.ru/cdn/bank/16196_mobile_logo_url.png,24.02.2026 12:25,16196,161961,bank,ОТП Банк,https://cdn.banki.ru/cdn/bank/16196_mobile_logo_url.png,2766,www.otpbank.ru,+7 (495) 775-47-75,"125171, г. Москва, Ленинградское ш., д. 16а, стр. 2",otpbank,RUB,https://www.banki.ru/products/credits/credit/211179/,22.9,51.9,,15000,3000000,,365,2555,1y,7y,,4b6b535aca8554b6eb495e8d7dc077ddd8432be4b52ea55a2dde7efb3b35eb1a,True,2026-08-24 13:50:38,,"22,9–51,9%",,,15 000–3 000 000 ₽,4,,,,,,,,
19349,342703,credit,Под залог (недвижимости),Под залог (недвижимости),https://www.banki.ru/products/credits/credit/3427/,https://cdn.banki.ru/cdn/bank/195706_mobile_logo_url.png,15.04.2026 11:27,195706,1957061,bank,Т-Банк,https://cdn.banki.ru/cdn/bank/195706_mobile_logo_url.png,2673,www.tbank.ru,8 800 555-10-10,"127287, г. Москва, ул. 2-я Хуторская, д.38А, стр.26",tcs,RUB,https://www.banki.ru/products/credits/credit/3427/,19.9,31.9,,200000,30000000,,365,5475,1y,15y,,7d221e8fa97539b014f111455feabf8874f23dcea9c3c664d4dfcbdc97e6dddb,True,2026-08-24 13:50:38,,"19,9–31,9%",,,200 000–30 000 000 ₽,4,,,,,,,,
16753,56103,credit,Наличными,Наличными,https://www.banki.ru/products/credits/credit/561/,https://cdn.banki.ru/cdn/bank/36119_mobile_logo_url.png,30.06.2026 12:41,36119.0,361191.0,bank,Ак Барс Банк,https://cdn.banki.ru/cdn/bank/36119_mobile_logo_url.png,2590,www.akbars.ru,8 800 200-53-03,"420066, г. Казань, ул. Декабристов, д. 1",akbars,RUB,https://www.banki.ru/products/credits/credit/561/,14.9,52.6,,30000,3000000,,365,1825,1y,5y,,b91a5fe6f00a8dff711a944e6925b104498cf620ae23819767264eab30d9c4df,True,2026-08-24 13:50:38,,"14,9–52,6%",,,30 000–3 000 000 ₽,4,,,,,,,,
16964,416103,credit,Доступный,Доступный,https://www.banki.ru/products/credits/credit/4161/,,22.06.2026 16:06,12453.0,124531.0,bank,ГЕНБАНК,,2490,www.genbank.ru,8 800 333-55-45,"295011, Республика Крым, г. Симферополь, ул. Севастопольская, д. 13",genbank,RUB,https://www.banki.ru/products/credits/credit/4161/,20.5,30.5,,30000,4000000,,183,1825,6m,5y,,eb3fcad4bf8d4cc60f2981963f546a471d76bd4ce3fc53c92da744cd4ce20408,True,2026-08-24 13:50:38,,"20,5–30,5%",,,30 000–4 000 000 ₽,4,,,,,,,,
17227,515503,credit,Газификация домовладений,Газификация домовладений,https://www.banki.ru/products/credits/credit/5155/,,22.06.2026 16:12,12453.0,124531.0,bank,ГЕНБАНК,,2490,www.genbank.ru,8 800 333-55-45,"295011, Республика Крым, г. Симферополь, ул. Севастопольская, д. 13",genbank,RUB,https://www.banki.ru/products/credits/credit/5155/,3.0,3.0,,30000,200000,,183,1825,6m,5y,,173ecd4647cfe26e79413b8991f39c9fa6f412f32b2ec232e2a5df4cf0a3516a,True,2026-08-24 13:50:38,,3%,,,30 000–200 000 ₽,4,,,,,,,,
19465,20096603,credit,Обеспеченный (под залог недвижимости),Обеспеченный (под залог недвижимости),https://www.banki.ru/products/credits/credit/200966/,,22.06.2026 15:58,12453.0,124531.0,bank,ГЕНБАНК,,2490,www.genbank.ru,8 800 333-55-45,"295011, Республика Крым, г. Симферополь, ул. Севастопольская, д. 13",genbank,RUB,https://www.banki.ru/products/credits/credit/200966/,21.25,23.25,,400000,15000000,,1095,5475,3y,15y,,bdc16f884e82819c92aeafa56feb6337abb9fd7365124290561b68ed94835e50,True,2026-08-24 13:50:38,,"21,25–23,25%",,,400 000–15 000 000 ₽,4,,,,,,,,
17035,459203,credit,Обеспеченный (под залог транспорта),Обеспеченный (под залог транспорта),https://www.banki.ru/products/credits/credit/4592/,,22.06.2026 15:54,12453.0,124531.0,bank,ГЕНБАНК,,2490,www.genbank.ru,8 800 333-55-45,"295011, Республика Крым, г. Симферополь, ул. Севастопольская, д. 13",genbank,RUB,https://www.banki.ru/products/credits/credit/4592/,21.75,22.75,,300000,7000000,,1095,2555,3y,7y,,696a314a389ee8b6776c6d6bd6ec62a1e7ab9e385e97aaecfb1257d6f8616f94,True,2026-08-24 13:50:38,,"21,75–22,75%",,,300 000–7 000 000 ₽,4,,,,,,,,
16756,60903,credit,На любые цели,На любые цели,https://www.banki.ru/products/credits/credit/609/,https://cdn.banki.ru/cdn/bank/95970_mobile_logo_url.png,30.06.2026 14:35,95970.0,959701.0,bank,Уральский банк реконструкции и развития (УБРиР),https://cdn.banki.ru/cdn/bank/95970_mobile_logo_url.png,429,www.ubrr.ru,8 800 100-02-00,"620063, г. Екатеринбург, ул. 8 Марта, д. 51",ubrr,RUB,https://www.banki.ru/products/credits/credit/609/,17.0,37.0,,100000,5000000,,1095,1825,5y,5y,,7cadc7d67292eddc6298e22c02e96ff028b865474a4efd1faf5d526d2fb2d448,True,2026-08-24 13:50:38,,17–37%,,,100 000–5 000 000 ₽,4,,,,,,,,
16993,438803,credit,Без справок,Без справок,https://www.banki.ru/products/credits/credit/4388/,https://cdn.banki.ru/cdn/bank/95970_mobile_logo_url.png,30.06.2026 14:35,95970.0,959701.0,bank,Уральский банк реконструкции и развития (УБРиР),https://cdn.banki.ru/cdn/bank/95970_mobile_logo_url.png,429,www.ubrr.ru,8 800 100-02-00,"620063, г. Екатеринбург, ул. 8 Марта, д. 51",ubrr,RUB,https://www.banki.ru/products/credits/credit/4388/,18.5,35.0,,100000,700000,,1095,1825,5y,5y,,15e583626a03101b0d36d778a0db8a8241a5694f4dca839ac34ad67b6ad70992,True,2026-08-24 13:50:38,,"18,5–35%",,,100 000–700 000 ₽,4,,,,,,,,
20031,21117903,credit,Наличными с оформлением на Банки.ру,Наличными с оформлением на Банки.ру,https://www.banki.ru/products/credits/credit/211179/,https://cdn.banki.ru/cdn/bank/16196_mobile_logo_url.png,05.06.2026 12:00,16196,161961,bank,ОТП Банк,https://cdn.banki.ru/cdn/bank/16196_mobile_logo_url.png,2766,www.otpbank.ru,+7 (495) 775-47-75,"125171, г. Москва, Ленинградское ш., д. 16а, стр. 2",otpbank,RUB,https://www.banki.ru/products/credits/credit/211179/,21.9,53.9,,15000,3000000,,365,2555,1y,7y,,0c155b23441eed4f1a92547d0eb4e454c2d8082ff01668a45d40d80a6664f7a1,True,2026-08-24 13:50:38,,"21,9–53,9%",,,15 000–3 000 000 ₽,4,,,,,,,,
19315,57103,credit,Под залог недвижимости,Под залог недвижимости,https://www.banki.ru/products/credits/credit/571/,https://cdn.banki.ru/cdn/bank/36119_mobile_logo_url.png,18.08.2026 11:43,36119,361191,bank,Ак Барс Банк,https://cdn.banki.ru/cdn/bank/36119_mobile_logo_url.png,2590,www.akbars.ru,8 800 200-53-03,"420066, г. Казань, ул. Декабристов, д. 1",akbars,RUB,https://www.banki.ru/products/credits/credit/571/,19.9,24.0,,500000,20000000,,1095,5475,3y,15y,,167ee25aa891ac6397c91cc64d6e18c820dd013bd72474a5ab1d78b651941731,True,2026-08-24 13:50:38,,"19,9–24%",,,500 000–20 000 000 ₽,4,,,,,,,,
19830,21115103,credit,Образовательный,Образовательный,https://www.banki.ru/products/credits/credit/211151/,https://cdn.banki.ru/cdn/bank/68683_mobile_logo_url.png,26.11.2025 14:25,68683,686831,bank,Банк «РОССИЯ»,https://cdn.banki.ru/cdn/bank/68683_mobile_logo_url.png,328,www.abr.ru,8 800 100-11-11 ,"191124, г. Санкт-Петербург, пл. Растрелли, д. 2, стр.1",rossiya,RUB,https://www.banki.ru/products/credits/credit/211151/,3.0,3.0,,1000,100000000,,5475,9125,15y,25y,,1827579dd29cf370ef162ed54d1546d4beac0dba391e840b0b07cc3a5dc152da,True,2026-08-24 13:50:38,,3%,,,1 000–100 000 000 ₽,4,,,,,,,,
16757,64703,credit,Запросто,Запросто,https://www.banki.ru/products/credits/credit/647/,https://cdn.banki.ru/cdn/bank/96003_mobile_logo_url.png,22.04.2026 10:56,96003,960031,bank,Банк Синара,https://cdn.banki.ru/cdn/bank/96003_mobile_logo_url.png,705,www.sinara.ru,8 800 100-06-00,"620026, г. Екатеринбург, ул. Куйбышева, д. 75",skb-bank,RUB,https://www.banki.ru/products/credits/credit/647/,11.9,37.0,,51000,5440000,,365,1825,1y,5y,,2a6e897821e109de5024e52ea2577c061f98b05ed6aeb9b8aa071406ed20d803,True,2026-08-24 13:50:38,,"11,9–37%",,,51 000–5 440 000 ₽,4,,,,,,,,
19306,20113103,credit,Под залог недвижимости «Большая покупка»,Под залог недвижимости «Большая покупка»,https://www.banki.ru/products/credits/credit/201131/,https://cdn.banki.ru/cdn/bank/96003_mobile_logo_url.png,01.07.2026 10:52,96003.0,960031.0,bank,Банк Синара,https://cdn.banki.ru/cdn/bank/96003_mobile_logo_url.png,705,www.sinara.ru,8 800 100-06-00,"620026, г. Екатеринбург, ул. Куйбышева, д. 75",skb-bank,RUB,https://www.banki.ru/products/credits/credit/201131/,9.9,23.0,,700000,13750000,,365,5475,1y,15y,,0143e2ac090a81d09fef34b7e3238e1d25aada896488035baafb04a7f89621ec,True,2026-08-24 13:50:38,,"9,9–23%",,,700 000–13 750 000 ₽,4,,,,,,,,
16753,56103,credit,Наличными,Наличными,https://www.banki.ru/products/credits/credit/561/,https://cdn.banki.ru/cdn/bank/36119_mobile_logo_url.png,01.07.2026 12:00,36119.0,361191.0,bank,Ак Барс Банк,https://cdn.banki.ru/cdn/bank/36119_mobile_logo_url.png,2590,www.akbars.ru,8 800 200-53-03,"420066, г. Казань, ул. Декабристов, д. 1",akbars,RUB,https://www.banki.ru/products/credits/credit/561/,3.5,55.7,,30000,3000000,,365,1825,1y,5y,,2469a0e9445e0f80449a74c3d40b4515b32fca6f6862c8aef36d5b9535d133ca,True,2026-08-24 13:50:38,,"3,5–55,7%",,,30 000–3 000 000 ₽,4,,,,,,,,
17168,506303,credit,Наличными,Наличными,https://www.banki.ru/products/credits/credit/5063/,https://cdn.banki.ru/cdn/card-designs/ATB_6c3ba5efa1.png,01.07.2026 11:48,192833.0,1928331.0,bank,Азиатско-Тихоокеанский банк (АТБ),https://cdn.banki.ru/cdn/card-designs/ATB_6c3ba5efa1.png,1810,www.atb.su,8 800 775-88-88,"675000, Амурская обл., г. Благовещенск, ул. Амурская, д. 225",atb,RUB,https://www.banki.ru/products/credits/credit/5063/,18.5,38.5,,30000,5000000,,366,2555,12m,7y,,1e2f65355c9f7bf883dcb9f3c9b28d96bc93658ae3b16f957246f86567a894b6,True,2026-08-24 13:50:38,,"18,5–38,5%",,,30 000–5 000 000 ₽,4,,,,,,,,
19347,335203,credit,На любые цели под залог недвижимости,На любые цели под залог недвижимости,https://www.banki.ru/products/credits/credit/3352/,https://cdn.banki.ru/cdn/card-designs/ATB_6c3ba5efa1.png,01.07.2026 12:30,192833.0,1928331.0,bank,Азиатско-Тихоокеанский банк (АТБ),https://cdn.banki.ru/cdn/card-designs/ATB_6c3ba5efa1.png,1810,www.atb.su,8 800 775-88-88,"675000, Амурская обл., г. Благовещенск, ул. Амурская, д. 225",atb,RUB,https://www.banki.ru/products/credits/credit/3352/,20.4,24.4,,500000,40000000,,1095,7300,3y,20y,,c27c17d51d2802761df714faa3c7baf8599f0c5e9480ce11092445dacd139f76,True,2026-08-24 13:50:38,,"20,4–24,4%",,,500 000–40 000 000 ₽,4,,,,,,,,
16872,347403,credit,Наличными,Наличными,https://www.banki.ru/products/credits/credit/3474/,https://cdn.banki.ru/cdn/bank/9011_mobile_logo_url.png,01.07.2026 12:20,9011.0,90111.0,bank,Металлинвестбанк,https://cdn.banki.ru/cdn/bank/9011_mobile_logo_url.png,2440,www.metallinvestbank.ru,8 800 250-97-97,"119180, г. Москва, ул. Большая Полянка, д. 47, стр. 2",metallinvestbank,RUB,https://www.banki.ru/products/credits/credit/3474/,18.1,33.0,,30000,3000000,,183,1825,6m,5y,,df2ed0a07bd4059e39d484fabf654d45f2ba72fa1c70fcc5e203416152063e0a,True,2026-08-24 13:50:38,,"18,1–33%",,,30 000–3 000 000 ₽,4,,,,,,,,
20031,21117903,credit,Наличными с оформлением на Банки.ру,Наличными с оформлением на Банки.ру,https://www.banki.ru/products/credits/credit/211179/,https://cdn.banki.ru/cdn/bank/16196_mobile_logo_url.png,01.07.2026 12:21,16196.0,161961.0,bank,ОТП Банк,https://cdn.banki.ru/cdn/bank/16196_mobile_logo_url.png,2766,www.otpbank.ru,+7 (495) 775-47-75,"125171, г. Москва, Ленинградское ш., д. 16а, стр. 2",otpbank,RUB,https://www.banki.ru/products/credits/credit/211179/,21.9,53.9,,15000,3000000,,365,2555,1y,7y,,576944ca3b983ed40555d76a1fe8040f6021844fb618842f2d7f71e9256ff2e3,True,2026-08-24 13:50:38,,"21,9–53,9%",,,15 000–3 000 000 ₽,4,,,,,,,,
17172,507103,credit,Акционный,Акционный,https://www.banki.ru/products/credits/credit/5071/,https://cdn.banki.ru/cdn/bank/191203_mobile_logo_url.png,01.07.2026 12:22,191203.0,1912031.0,bank,Примсоцбанк,https://cdn.banki.ru/cdn/bank/191203_mobile_logo_url.png,2733,www.pskb.com,8 800 350-42-02,"690106, Приморский край, г. Владивосток, Партизанский пр-т, д. 44",primsotsbank,RUB,https://www.banki.ru/products/credits/credit/5071/,18.4,30.4,,100000,2000000,,1825,1825,5y,5y,,891e3508b363406ef3a0a32eaf881557640fae0421453412d3ab5056bb9e5ee8,True,2026-08-24 13:50:38,,"18,4–30,4%",,,100 000–2 000 000 ₽,4,,,,,,,,
19489,20107003,credit,Твоя ипотека,Твоя ипотека,https://www.banki.ru/products/credits/credit/201070/,https://cdn.banki.ru/cdn/bank/196704_mobile_logo_url.png,01.07.2026 12:31,196704.0,1967041.0,bank,Банк НООСФЕРА,https://cdn.banki.ru/cdn/bank/196704_mobile_logo_url.png,2650,www.noosferabank.ru,8 800 533-36-03,"141109, Московская обл., г. Щелково, ул. Талсинская, д. 59, стр. 3а",noosfera,RUB,https://www.banki.ru/products/credits/credit/201070/,19.5,48.0,,500000,150000000,,30,5475,1m,15y,,8013b08cd1c63be036533b026cba6e9647de4fa0d332197887951179a8807685,True,2026-08-24 13:50:38,,"19,5–48%",,,500 000–150 000 000 ₽,4,,,,,,,,
19392,465603,credit,Под залог,Под залог,https://www.banki.ru/products/credits/credit/4656/,https://cdn.banki.ru/cdn/bank/4272_mobile_logo_url.png,01.07.2026 12:45,4272.0,42721.0,bank,Развитие-Столица,https://cdn.banki.ru/cdn/bank/4272_mobile_logo_url.png,3013,www.dcapital.ru,+7 (495) 937-91-50,"105064, г. Москва, Нижний Сусальный пер., д. 5, стр. 15",dcbank,RUB,https://www.banki.ru/products/credits/credit/4656/,16.0,16.0,,3000000,80000000,,183,7300,6m,20y,,7b493b0bbc50fd1a44cb574c2fc58201e19fd979bf452754f7fb9fc21c51d625,True,2026-08-24 13:50:38,,16%,,,3 000 000–80 000 000 ₽,4,,,,,,,,
19393,466203,credit,Наличные под залог,Наличные под залог,https://www.banki.ru/products/credits/credit/4662/,https://cdn.banki.ru/cdn/bank/619_mobile_logo_url.png,01.07.2026 12:31,619.0,6191.0,bank,Банк Жилищного Финансирования,https://cdn.banki.ru/cdn/bank/619_mobile_logo_url.png,3138,www.bgfbank.ru,8 800 555-00-26,"121357, г. Москва, ул. Верейская, д. 29, стр. 134",bgfbank,RUB,https://www.banki.ru/products/credits/credit/4662/,19.8,57.99,,450000,30000000,,2555,9125,7y,25y,,4757a714ce1e7b4ced9247088f8284c841d442d8ef2fd7135399e97c646d9f50,True,2026-08-24 13:50:38,,"19,8–57,99%",,,450 000–30 000 000 ₽,4,,,,,,,,
16733,1303,credit,Наличными,Наличными,https://www.banki.ru/products/credits/credit/13/,https://cdn.banki.ru/cdn/bank/863_mobile_logo_url.png,01.07.2026 11:43,863.0,8631.0,bank,Банк ЗЕНИТ,https://cdn.banki.ru/cdn/bank/863_mobile_logo_url.png,3255,www.zenit.ru,8 800 500-66-77,"117638, г. Москва, Одесская ул., д. 2",zenit,RUB,https://www.banki.ru/products/credits/credit/13/,16.5,37.9,,100000,5000000,,1095,1825,3y,5y,,396d4c91ccab649acb9edcb491327d3002d467a780c524a610ea26c274d170e1,True,2026-08-24 13:50:38,,"16,5–37,9%",,,100 000–5 000 000 ₽,4,,,,,,,,
17147,501903,credit,Наличными,Наличными,https://www.banki.ru/products/credits/credit/5019/,https://cdn.banki.ru/cdn/bank/16196_mobile_logo_url.png,10.03.2026 12:03,16196,161961,bank,ОТП Банк,https://cdn.banki.ru/cdn/bank/16196_mobile_logo_url.png,2766,www.otpbank.ru,+7 (495) 775-47-75,"125171, г. Москва, Ленинградское ш., д. 16а, стр. 2",otpbank,RUB,https://www.banki.ru/products/credits/credit/5019/,22.9,51.9,,15000,3000000,,365,2555,1y,7y,,28e9f25801d0d8d816de371807efcbf9586bd539e87ea6d879b4004112196f4d,True,2026-08-24 13:50:38,,"22,9–51,9%",,,15 000–3 000 000 ₽,4,,,,,,,,
16872,347403,credit,Наличными,Наличными,https://www.banki.ru/products/credits/credit/3474/,https://cdn.banki.ru/cdn/bank/9011_mobile_logo_url.png,10.03.2026 12:20,9011,90111,bank,Металлинвестбанк,https://cdn.banki.ru/cdn/bank/9011_mobile_logo_url.png,2440,www.metallinvestbank.ru,8 800 250-97-97,"119180, г. Москва, ул. Большая Полянка, д. 47, стр. 2",metallinvestbank,RUB,https://www.banki.ru/products/credits/credit/3474/,19.1,34.0,,30000,3000000,,183,1825,6m,5y,,43ac07d97c5f4f5e351d0a2af4945452f9826794b6c97c598bf3ffc931b32f7c,True,2026-08-24 13:50:38,,"19,1–34%",,,30 000–3 000 000 ₽,4,,,,,,,,
16742,20503,credit,Со сниженным платежом,Со сниженным платежом,https://www.banki.ru/products/credits/credit/205/,https://cdn.banki.ru/cdn/bank/4725_mobile_logo_url.png,10.03.2026 12:42,4725,47251,bank,Россельхозбанк,https://cdn.banki.ru/cdn/bank/4725_mobile_logo_url.png,3349,www.rshb.ru,8 800 100-01-00,"119034, г. Москва, Гагаринский пер., д. 3",rshb,RUB,https://www.banki.ru/products/credits/credit/205/,24.1,36.1,,30000,5000000,,183,1825,6m,5y,,6fd6c62f460c98b2c8676cf0de32b925589da44bb3b97efa1ca3925b1940cffb,True,2026-08-24 13:50:38,,"24,1–36,1%",,,30 000–5 000 000 ₽,4,,,,,,,,
19392,465603,credit,Под залог,Под залог,https://www.banki.ru/products/credits/credit/4656/,https://cdn.banki.ru/cdn/bank/4272_mobile_logo_url.png,10.03.2026 12:53,4272,42721,bank,Развитие-Столица,https://cdn.banki.ru/cdn/bank/4272_mobile_logo_url.png,3013,www.dcapital.ru,+7 (495) 937-91-50,"105064, г. Москва, Нижний Сусальный пер., д. 5, стр. 15",dcbank,RUB,https://www.banki.ru/products/credits/credit/4656/,16.5,16.5,,3000000,80000000,,183,7300,6m,20y,,660c6d70454c475ffdb8d42a428d7c26c4dbd6329ef612d4d3c48b4151a4c8b5,True,2026-08-24 13:50:38,,"16,5%",,,3 000 000–80 000 000 ₽,4,,,,,,,,
16909,376103,credit,На всё про всё,На всё про всё,https://www.banki.ru/products/credits/credit/3761/,https://cdn.banki.ru/cdn/bank/193300_mobile_logo_url.png,04.02.2026 19:22,193300,1933001,bank,Газэнергобанк,https://cdn.banki.ru/cdn/bank/193300_mobile_logo_url.png,3252,www.gebank.ru,8 800 700-3000,"248030, г. Калуга, ул. Плеханова, д. 4",gazenergobank,RUB,https://www.banki.ru/products/credits/credit/3761/,2.0,25.4,,15000,1300000,,31,1825,1m,5y,,2d7901c0e85dd2a663e9107a2eb1e87db4cc03f0345d3993763766efd74c9d6f,True,2026-08-24 13:50:38,,"2–25,4%",,,15 000–1 300 000 ₽,4,,,,,,,,
19499,20109703,credit,На любые цели,На любые цели,https://www.banki.ru/products/credits/credit/201097/,https://cdn.banki.ru/cdn/bank/194215_mobile_logo_url.png,02.12.2025 19:06,194215,1942151,bank,Тендербанк,https://cdn.banki.ru/cdn/bank/194215_mobile_logo_url.png,2252,www.tenderbank.ru,+7 (499) 947-00-77,"115280, г. Москва, ул. Ленинская Слобода, д. 19, стр. 1
",tender-bank,RUB,https://www.banki.ru/products/credits/credit/201097/,12.0,35.0,,10000,150000000,,92,5475,3m,15y,,3974e9b30f22129471fdc1d379f7488ca7b5e6eab241cdd28544a8f9f82b87c1,True,2026-08-24 13:50:38,,12–35%,,,10 000–150 000 000 ₽,4,,,,,,,,
17081,477003,credit,На любые цели (с обеспечением),На любые цели (с обеспечением),https://www.banki.ru/products/credits/credit/4770/,https://cdn.banki.ru/cdn/bank/8534_mobile_logo_url.png,02.12.2025 14:56,8534,85341,bank,Русьуниверсалбанк,https://cdn.banki.ru/cdn/bank/8534_mobile_logo_url.png,3293,www.rubank.ru,+7 (495) 917-76-04,"105064, г. Москва, Малый Казенный пер., д. 14, стр. 1
",rusuniversalbank,RUB,https://www.banki.ru/products/credits/credit/4770/,18.0,20.0,,50000,20000000,,183,3650,6m,10y,,d681f633ba3b38138341feac55a61204383b57ea892d31d1c6f6cce38a03c284,True,2026-08-24 13:50:38,,18–20%,,,50 000–20 000 000 ₽,4,,,,,,,,
17052,464703,credit,Стандартный (под поручительство),Стандартный (под поручительство),https://www.banki.ru/products/credits/credit/4647/,https://cdn.banki.ru/cdn/bank/189266_mobile_logo_url.png,02.12.2025 14:50,189266,1892661,bank,ИК Банк,https://cdn.banki.ru/cdn/bank/189266_mobile_logo_url.png,1732,www.icbru.ru,+7 (843) 238-03-39,"420043, г. Казань, ул. Вишневского, д. 24
",tatinvestbank,RUB,https://www.banki.ru/products/credits/credit/4647/,23.0,23.0,,100000,1000000,,397,1095,13m,3y,,22fbd509888516d027714148e881d3cb6092f90de8f827171a1f9b59a3c8db0e,True,2026-08-24 13:50:38,,23%,,,100 000–1 000 000 ₽,4,,,,,,,,
17138,500003,credit,Стандартный,Стандартный,https://www.banki.ru/products/credits/credit/5000/,https://cdn.banki.ru/cdn/bank/189266_mobile_logo_url.png,02.12.2025 14:49,189266,1892661,bank,ИК Банк,https://cdn.banki.ru/cdn/bank/189266_mobile_logo_url.png,1732,www.icbru.ru,+7 (843) 238-03-39,"420043, г. Казань, ул. Вишневского, д. 24
",tatinvestbank,RUB,https://www.banki.ru/products/credits/credit/5000/,24.0,24.0,,100000,500000,,397,1095,13m,3y,,591325875f3129e8b02d1ff65b920d1d90ec0a4362566ec8ffaac5bbe5b166cf,True,2026-08-24 13:50:38,,24%,,,100 000–500 000 ₽,4,,,,,,,,
19392,465603,credit,Под залог,Под залог,https://www.banki.ru/products/credits/credit/4656/,https://cdn.banki.ru/cdn/bank/4272_mobile_logo_url.png,27.07.2026 11:39,4272,42721,bank,Развитие-Столица,https://cdn.banki.ru/cdn/bank/4272_mobile_logo_url.png,3013,www.dcapital.ru,+7 (495) 937-91-50,"105064, г. Москва, Нижний Сусальный пер., д. 5, стр. 15",dcbank,RUB,https://www.banki.ru/products/credits/credit/4656/,15.75,15.75,,3000000,80000000,,183,7300,6m,20y,,e4a4847ee04d6496e0c1426023b431bd729b9d32cbc34ac36e1c58fa320e6e6a,True,2026-08-24 13:50:38,,"15,75%",,,3 000 000–80 000 000 ₽,4,,,,,,,,
19347,335203,credit,На любые цели под залог недвижимости,На любые цели под залог недвижимости,https://www.banki.ru/products/credits/credit/3352/,https://cdn.banki.ru/cdn/card-designs/ATB_6c3ba5efa1.png,29.04.2026 11:55,192833,1928331,bank,Азиатско-Тихоокеанский банк (АТБ),https://cdn.banki.ru/cdn/card-designs/ATB_6c3ba5efa1.png,1810,www.atb.su,8 800 775-88-88,"675000, Амурская обл., г. Благовещенск, ул. Амурская, д. 225",atb,RUB,https://www.banki.ru/products/credits/credit/3352/,21.0,25.0,,500000,30000000,,1095,7300,3y,20y,,d7d882530e00479668af382bd7a46e8a487cacb7f2457897eda4322a40d01f3c,True,2026-08-24 13:50:38,,21–25%,,,500 000–30 000 000 ₽,4,,,,,,,,
16872,347403,credit,Наличными,Наличными,https://www.banki.ru/products/credits/credit/3474/,https://cdn.banki.ru/cdn/bank/9011_mobile_logo_url.png,29.04.2026 11:36,9011,90111,bank,Металлинвестбанк,https://cdn.banki.ru/cdn/bank/9011_mobile_logo_url.png,2440,www.metallinvestbank.ru,8 800 250-97-97,"119180, г. Москва, ул. Большая Полянка, д. 47, стр. 2",metallinvestbank,RUB,https://www.banki.ru/products/credits/credit/3474/,18.6,33.5,,30000,3000000,,183,1825,6m,5y,,22109adb34904e7aaf52402fab8353cc3711789541b736ae76d82c4e3c307cba,True,2026-08-24 13:50:38,,"18,6–33,5%",,,30 000–3 000 000 ₽,4,,,,,,,,
19768,20115103,credit,Под залог недвижимости,Под залог недвижимости,https://www.banki.ru/products/credits/credit/201151/,https://cdn.banki.ru/cdn/bank/7292_mobile_logo_url.png,29.04.2026 12:06,7292,72921,bank,Московский кредитный банк (МКБ),https://cdn.banki.ru/cdn/bank/7292_mobile_logo_url.png,1978,www.mkb.ru,8 800 100-48-88,"107045, г. Москва, Луков пер., д. 2, стр. 1",mkb,RUB,https://www.banki.ru/products/credits/credit/201151/,19.5,20.9,,500000,70000000,,365,10950,1y,30y,,50e0ad2529703f95f39fc41b0c11d256c2170773e1af1cd79837026b845fa00d,True,2026-08-24 13:50:38,,"19,5–20,9%",,,500 000–70 000 000 ₽,4,,,,,,,,
19506,20111403,credit,Под залог недвижимости,Под залог недвижимости,https://www.banki.ru/products/credits/credit/201114/,https://cdn.banki.ru/cdn/bank/351_mobile_logo_url.png,04.02.2026 13:28,351,3511,bank,Русский Стандарт,https://cdn.banki.ru/cdn/bank/351_mobile_logo_url.png,2289,www.rsb.ru,+7 (495) 748-07-48,"105187, г. Москва, ул. Ткацкая, д. 36",rsb,RUB,https://www.banki.ru/products/credits/credit/201114/,24.9,33.0,,500000,10000000,,183,3650,6m,10y,,a780bd164e89ceeb661271252452614948e7685d5291b166df70406f64948d34,True,2026-08-24 13:50:38,,"24,9–33%",,,500 000–10 000 000 ₽,4,,,,,,,,
16872,347403,credit,Наличными,Наличными,https://www.banki.ru/products/credits/credit/3474/,https://cdn.banki.ru/cdn/bank/9011_mobile_logo_url.png,04.02.2026 13:42,9011,90111,bank,Металлинвестбанк,https://cdn.banki.ru/cdn/bank/9011_mobile_logo_url.png,2440,www.metallinvestbank.ru,8 800 250-97-97,"119180, г. Москва, ул. Большая Полянка, д. 47, стр. 2",metallinvestbank,RUB,https://www.banki.ru/products/credits/credit/3474/,20.6,39.0,,30000,3000000,,183,1825,6m,5y,,d0aeaaf9a495656d5d2e288aaee230ba18fa8182c767577bc1124c76c4557e16,True,2026-08-24 13:50:38,,"20,6–39%",,,30 000–3 000 000 ₽,4,,,,,,,,
19392,465603,credit,Под залог,Под залог,https://www.banki.ru/products/credits/credit/4656/,https://cdn.banki.ru/cdn/bank/4272_mobile_logo_url.png,14.01.2026 11:45,4272,42721,bank,Развитие-Столица,https://cdn.banki.ru/cdn/bank/4272_mobile_logo_url.png,3013,www.dcapital.ru,+7 (495) 937-91-50,"105064, г. Москва, Нижний Сусальный пер., д. 5, стр. 15",dcbank,RUB,https://www.banki.ru/products/credits/credit/4656/,17.0,17.0,,3000000,80000000,,183,7300,6m,20y,,9be88872d52650a53d942973fb14243834852441dd16b58779530521eb1af744,True,2026-08-24 13:50:38,,17%,,,3 000 000–80 000 000 ₽,4,,,,,,,,
19325,166403,credit,На любые цели (с обеспечением),На любые цели (с обеспечением),https://www.banki.ru/products/credits/credit/1664/,https://cdn.banki.ru/cdn/bank/193374_mobile_logo_url.png,11.12.2025 16:21,193374,1933741,bank,НОКССБАНК,https://cdn.banki.ru/cdn/bank/193374_mobile_logo_url.png,3202,www.nokss.ru,8 800 200-99-97,"400005, г. Волгоград, ул. 7-й Гвардейской, д. 2
",nokssbank,RUB,https://www.banki.ru/products/credits/credit/1664/,12.0,40.0,,30000,30000000,,31,1825,1m,5y,,8a6a3a4823367e40231151b2a1f37081aa327becd4ac14ba4656d39e53639fc1,True,2026-08-24 13:50:38,,12–40%,,,30 000–30 000 000 ₽,4,,,,,,,,
16945,401103,credit,Автоломбард,Автоломбард,https://www.banki.ru/products/credits/credit/4011/,https://cdn.banki.ru/cdn/bank/193374_mobile_logo_url.png,11.12.2025 16:20,193374,1933741,bank,НОКССБАНК,https://cdn.banki.ru/cdn/bank/193374_mobile_logo_url.png,3202,www.nokss.ru,8 800 200-99-97,"400005, г. Волгоград, ул. 7-й Гвардейской, д. 2
",nokssbank,RUB,https://www.banki.ru/products/credits/credit/4011/,23.0,25.0,,100000,1000000,,61,730,2m,2y,,6bc021865167a1e97369b28ab3dd0b6b59c93f04cf10506977a410ffc465143b,True,2026-08-24 13:50:38,,23–25%,,,100 000–1 000 000 ₽,4,,,,,,,,
16785,166303,credit,На любые цели,На любые цели,https://www.banki.ru/products/credits/credit/1663/,https://cdn.banki.ru/cdn/bank/193374_mobile_logo_url.png,11.12.2025 16:17,193374,1933741,bank,НОКССБАНК,https://cdn.banki.ru/cdn/bank/193374_mobile_logo_url.png,3202,www.nokss.ru,8 800 200-99-97,"400005, г. Волгоград, ул. 7-й Гвардейской, д. 2
",nokssbank,RUB,https://www.banki.ru/products/credits/credit/1663/,24.0,40.0,,30000,300000,,31,1825,1m,5y,,a5c48cdd0b9985e2383bf8de1bf355a0ca71ab4f4429b8d5e6d99a83a25f0cb8,True,2026-08-24 13:50:38,,24–40%,,,30 000–300 000 ₽,4,,,,,,,,
19399,478803,credit,На любые цели,На любые цели,https://www.banki.ru/products/credits/credit/4788/,,09.12.2025 18:16,191376,1913761,bank,Банк РСИ,,3415,www.bankrsi.ru,+7 (495) 951-72-53,"115184, г. Москва, ул. М. Ордынка, д. 35, стр.1",bankrsi,RUB,https://www.banki.ru/products/credits/credit/4788/,16.0,34.0,,10000,25000000,,365,3650,1y,10y,,f14794e9b64df0f3ef17aa0183722b722dc985840b04327501f29639fd99e1af,True,2026-08-24 13:50:38,,16–34%,,,10 000–25 000 000 ₽,4,,,,,,,,
16753,56103,credit,Наличными,Наличными,https://www.banki.ru/products/credits/credit/561/,https://cdn.banki.ru/cdn/bank/36119_mobile_logo_url.png,09.12.2025 16:25,36119,361191,bank,Ак Барс Банк,https://cdn.banki.ru/cdn/bank/36119_mobile_logo_url.png,2590,www.akbars.ru,8 800 200-53-03,"420066, г. Казань, ул. Декабристов, д. 1
",akbars,RUB,https://www.banki.ru/products/credits/credit/561/,16.0,51.7,,30000,3000000,,365,1825,1y,5y,,95d69dbbca30decdc44cc8669cbcbc94ae3fc2d6478a2e7852a674cd29df57a0,True,2026-08-24 13:50:38,,"16–51,7%",,,30 000–3 000 000 ₽,4,,,,,,,,
19315,57103,credit,Под залог недвижимости,Под залог недвижимости,https://www.banki.ru/products/credits/credit/571/,https://cdn.banki.ru/cdn/bank/36119_mobile_logo_url.png,09.12.2025 16:30,36119,361191,bank,Ак Барс Банк,https://cdn.banki.ru/cdn/bank/36119_mobile_logo_url.png,2590,www.akbars.ru,8 800 200-53-03,"420066, г. Казань, ул. Декабристов, д. 1
",akbars,RUB,https://www.banki.ru/products/credits/credit/571/,23.0,24.0,,500000,20000000,,1095,2555,3y,7y,,7f5c94861d436e4695a7e6f2208dcd2ee16f8822b6b1042f31880aeaf2a9bcc7,True,2026-08-24 13:50:38,,23–24%,,,500 000–20 000 000 ₽,4,,,,,,,,
19370,401203,credit,Под залог недвижимости,Под залог недвижимости,https://www.banki.ru/products/credits/credit/4012/,https://cdn.banki.ru/cdn/bank/95970_mobile_logo_url.png,08.12.2025 18:42,95970,959701,bank,Уральский банк реконструкции и развития (УБРиР),https://cdn.banki.ru/cdn/bank/95970_mobile_logo_url.png,429,www.ubrr.ru,8 800 100-02-00,"620063, г. Екатеринбург, ул. 8 Марта, д. 51
",ubrr,RUB,https://www.banki.ru/products/credits/credit/4012/,25.0,26.5,,300000,15000000,,1825,5475,5y,15y,,5d7e77c9541ef7ae7d1767fb74b0fb01b34360db31a7f9f906f391afce6738e2,True,2026-08-24 13:50:38,,"25–26,5%",,,300 000–15 000 000 ₽,4,,,,,,,,
19420,505303,credit,Дом мечты,Дом мечты,https://www.banki.ru/products/credits/credit/5053/,,10.12.2025 16:28,189909,1899091,bank,ТАТСОЦБАНК,,480,www.tatsotsbank.ru,8 800 350-51-51,"420111, г. Казань, ул. Чернышевского, д. 18/23
",tatsotsbank,RUB,https://www.banki.ru/products/credits/credit/5053/,19.0,22.5,,300000,100000000,,365,10950,1y,30y,,ed64f9ff69633c0a86a58eeab185bf49e65091d4a58bd6908be8ac1083263c19,True,2026-08-24 13:50:38,,"19–22,5%",,,300 000–100 000 000 ₽,4,,,,,,,,
19408,500603,credit,Под залог недвижимости,Под залог недвижимости,https://www.banki.ru/products/credits/credit/5006/,,10.12.2025 16:23,189909,1899091,bank,ТАТСОЦБАНК,,480,www.tatsotsbank.ru,8 800 350-51-51,"420111, г. Казань, ул. Чернышевского, д. 18/23
",tatsotsbank,RUB,https://www.banki.ru/products/credits/credit/5006/,21.9,25.0,,200000,3000000,,365,5475,2y,15y,,a602680990039b32a047c4e46c6a512ae66ab295896067f40d335370ca1675f8,True,2026-08-24 13:50:38,,"21,9–25%",,,200 000–3 000 000 ₽,4,,,,,,,,
17116,495203,credit,Под залог транспортного средства,Под залог транспортного средства,https://www.banki.ru/products/credits/credit/4952/,,10.12.2025 16:22,189909,1899091,bank,ТАТСОЦБАНК,,480,www.tatsotsbank.ru,8 800 350-51-51,"420111, г. Казань, ул. Чернышевского, д. 18/23
",tatsotsbank,RUB,https://www.banki.ru/products/credits/credit/4952/,22.9,28.0,,200000,3000000,,365,2555,2y,7y,,5fb99dddabb80d2d7c7eb9853d8318d9403e13fffdd4e0eb573e2122697a9dc7,True,2026-08-24 13:50:38,,"22,9–28%",,,200 000–3 000 000 ₽,4,,,,,,,,
17083,478503,credit,Наличными,Наличными,https://www.banki.ru/products/credits/credit/4785/,,12.12.2025 18:53,77481,774811,bank,Банк «СЕРВИС РЕЗЕРВ»,,2034,www.srbank.ru,+7 (495) 229-42-00,"101000, г. Москва, ул. Садовая-Черногрязская, д. 22, стр. 3",service-reserve,RUB,https://www.banki.ru/products/credits/credit/4785/,19.0,24.0,,50000,50000000,,31,1095,1m,3y,,e85e98272467b51da0267b846e0248f9ff0fff45197c14725c5b75bf7e0dab04,True,2026-08-24 13:50:38,,19–24%,,,50 000–50 000 000 ₽,4,,,,,,,,
19508,20111903,credit,На любые цели,На любые цели,https://www.banki.ru/products/credits/credit/201119/,https://cdn.banki.ru/cdn/bank/191932_mobile_logo_url.png,05.12.2025 18:37,191932,1919321,bank,Северный Народный Банк,https://cdn.banki.ru/cdn/bank/191932_mobile_logo_url.png,2721,www.sevnb.ru,+7 (8212) 40-97-25,"167000, Республика Коми, г. Сыктывкар, ул. Первомайская, д. 68
",sevnb,RUB,https://www.banki.ru/products/credits/credit/201119/,20.5,28.0,,100000,5000000,,31,1825,1m,5y,,b5fb859be8c770e8fe32e241e5a17641ed7367e43a410e8572b2928a59422d36,True,2026-08-24 13:50:38,,"20,5–28%",,,100 000–5 000 000 ₽,4,,,,,,,,
19412,502403,credit,Под залог недвижимости,Под залог недвижимости,https://www.banki.ru/products/credits/credit/5024/,,08.12.2025 18:40,192887,1928871,bank,Тимер Банк,,1581,timerbank.ru,8 800 100-66-77 ,"115054, г. Москва, ул. Бахрушина, д. 23, стр. 2
",timerbank,RUB,https://www.banki.ru/products/credits/credit/5024/,21.0,22.0,,300000,7000000,,365,5475,1y,15y,,c7740a6d98ed59a7f0fb698a570a0b571756043fc009068df00a2024cc311053,True,2026-08-24 13:50:38,,21–22%,,,300 000–7 000 000 ₽,4,,,,,,,,
17631,20103403,credit,Деньги — возможности (под залог авто),Деньги — возможности (под залог авто),https://www.banki.ru/products/credits/credit/201034/,https://cdn.banki.ru/cdn/bank/68683_mobile_logo_url.png,09.12.2025 16:20,68683,686831,bank,Банк «РОССИЯ»,https://cdn.banki.ru/cdn/bank/68683_mobile_logo_url.png,328,www.abr.ru,8 800 100-11-11 ,"191124, г. Санкт-Петербург, пл. Растрелли, д. 2, стр.1",rossiya,RUB,https://www.banki.ru/products/credits/credit/201034/,21.0,31.0,,100000,5000000,,549,2555,18m,7y,,a58a736f2de9ff001d6d3faeb6ae362d0f1df6452045f8c9c796014fcd3e8172,True,2026-08-24 13:50:38,,21–31%,,,100 000–5 000 000 ₽,4,,,,,,,,
16976,422903,credit,Деньги — возможности ,Деньги — возможности ,https://www.banki.ru/products/credits/credit/4229/,https://cdn.banki.ru/cdn/bank/68683_mobile_logo_url.png,09.12.2025 16:19,68683,686831,bank,Банк «РОССИЯ»,https://cdn.banki.ru/cdn/bank/68683_mobile_logo_url.png,328,www.abr.ru,8 800 100-11-11 ,"191124, г. Санкт-Петербург, пл. Растрелли, д. 2, стр.1",rossiya,RUB,https://www.banki.ru/products/credits/credit/4229/,23.0,33.0,,100000,5000000,,549,1825,18m,5y,,72ca331b678aadd8572562c6fce4b81b130a3117b9143e17ac7713f0423e2d75,True,2026-08-24 13:50:38,,23–33%,,,100 000–5 000 000 ₽,4,,,,,,,,
17201,511903,credit,Акционный (с обеспечением),Акционный (с обеспечением),https://www.banki.ru/products/credits/credit/5119/,https://cdn.banki.ru/cdn/bank/191203_mobile_logo_url.png,04.12.2025 15:58,191203,1912031,bank,Примсоцбанк,https://cdn.banki.ru/cdn/bank/191203_mobile_logo_url.png,2733,www.pskb.com,8 800 350-42-02,"690106, Приморский край, г. Владивосток, Партизанский пр-т, д. 44
",primsotsbank,RUB,https://www.banki.ru/products/credits/credit/5119/,22.9,32.9,,100001,5000000,,1460,1825,4y,5y,,c1350efb9f484ae8fc0fea54438f29466ecb7e4ccea4d63a98a594afa187ae8f,True,2026-08-24 13:50:38,,"22,9–32,9%",,,100 001–5 000 000 ₽,4,,,,,,,,
17172,507103,credit,Акционный,Акционный,https://www.banki.ru/products/credits/credit/5071/,https://cdn.banki.ru/cdn/bank/191203_mobile_logo_url.png,04.12.2025 15:55,191203,1912031,bank,Примсоцбанк,https://cdn.banki.ru/cdn/bank/191203_mobile_logo_url.png,2733,www.pskb.com,8 800 350-42-02,"690106, Приморский край, г. Владивосток, Партизанский пр-т, д. 44
",primsotsbank,RUB,https://www.banki.ru/products/credits/credit/5071/,22.9,32.9,,100001,2000000,,1825,1825,5y,5y,,24956b33f59117b0fa6f11648cbda84a2e7fc6db32f8bd8ad442912cfa5d51a8,True,2026-08-24 13:50:38,,"22,9–32,9%",,,100 001–2 000 000 ₽,4,,,,,,,,
17039,460003,credit,Для пенсионеров (с обеспечением),Для пенсионеров (с обеспечением),https://www.banki.ru/products/credits/credit/4600/,https://cdn.banki.ru/cdn/bank/191203_mobile_logo_url.png,04.12.2025 15:48,191203,1912031,bank,Примсоцбанк,https://cdn.banki.ru/cdn/bank/191203_mobile_logo_url.png,2733,www.pskb.com,8 800 350-42-02,"690106, Приморский край, г. Владивосток, Партизанский пр-т, д. 44
",primsotsbank,RUB,https://www.banki.ru/products/credits/credit/4600/,27.9,27.9,,30000,7000000,,183,1825,6m,5y,,9986c530422dfa392c419d28f050ef31da8c74461b830cfe1d870205a12ffb2a,True,2026-08-24 13:50:38,,"27,9%",,,30 000–7 000 000 ₽,4,,,,,,,,
17038,459903,credit,Для пенсионеров,Для пенсионеров,https://www.banki.ru/products/credits/credit/4599/,https://cdn.banki.ru/cdn/bank/191203_mobile_logo_url.png,04.12.2025 15:31,191203,1912031,bank,Примсоцбанк,https://cdn.banki.ru/cdn/bank/191203_mobile_logo_url.png,2733,www.pskb.com,8 800 350-42-02,"690106, Приморский край, г. Владивосток, Партизанский пр-т, д. 44
",primsotsbank,RUB,https://www.banki.ru/products/credits/credit/4599/,27.9,27.9,,30000,2000000,,183,1825,6m,5y,,34da0d43cf919161d618d46996968b056551eff8470a2ef0b187a7da0b00a5f7,True,2026-08-24 13:50:38,,"27,9%",,,30 000–2 000 000 ₽,4,,,,,,,,
19861,21115803,credit,Рациональный (с обеспечением),Рациональный (с обеспечением),https://www.banki.ru/products/credits/credit/211158/,https://cdn.banki.ru/cdn/bank/191203_mobile_logo_url.png,04.12.2025 16:37,191203,1912031,bank,Примсоцбанк,https://cdn.banki.ru/cdn/bank/191203_mobile_logo_url.png,2733,www.pskb.com,8 800 350-42-02,"690106, Приморский край, г. Владивосток, Партизанский пр-т, д. 44
",primsotsbank,RUB,https://www.banki.ru/products/credits/credit/211158/,28.9,28.9,,1000000,5000000,,730,1825,2y,5y,,4735f290c39c686a1f4cf6e1ab90fb417358981676d370ce10989fed54df20dd,True,2026-08-24 13:50:38,,"28,9%",,,1 000 000–5 000 000 ₽,4,,,,,,,,
19860,21115703,credit,Рациональный,Рациональный,https://www.banki.ru/products/credits/credit/211157/,https://cdn.banki.ru/cdn/bank/191203_mobile_logo_url.png,04.12.2025 16:31,191203,1912031,bank,Примсоцбанк,https://cdn.banki.ru/cdn/bank/191203_mobile_logo_url.png,2733,www.pskb.com,8 800 350-42-02,"690106, Приморский край, г. Владивосток, Партизанский пр-т, д. 44
",primsotsbank,RUB,https://www.banki.ru/products/credits/credit/211157/,28.9,28.9,,100001,2000000,,730,1825,2y,5y,,57a8fe19f135b44562c5e9181e2506d013d44e2d2125f8006163848b92ae23a4,True,2026-08-24 13:50:38,,"28,9%",,,100 001–2 000 000 ₽,4,,,,,,,,
26071,20120303,credit,Наличные под залог,Наличные под залог,https://www.banki.ru/products/credits/credit/201203/,https://cdn.banki.ru/cdn/bank/619_mobile_logo_url.png,12.08.2026 12:33,619,6191,bank,Банк Жилищного Финансирования,https://cdn.banki.ru/cdn/bank/619_mobile_logo_url.png,3138,www.bgfbank.ru,8 800 555-00-26,"121357, г. Москва, ул. Верейская, д. 29, стр. 134",bgfbank,RUB,https://www.banki.ru/products/credits/credit/201203/,19.8,57.99,,450000,30000000,,2555,9125,7y,25y,,a462cd40600fb0857a00cbc801e94d55458e68576a17d98e68570903c39148c2,True,2026-08-24 13:50:38,,"19,8–57,99%",,,450 000–30 000 000 ₽,4,,,,,,,,
19347,335203,credit,На любые цели под залог недвижимости,На любые цели под залог недвижимости,https://www.banki.ru/products/credits/credit/3352/,https://cdn.banki.ru/cdn/card-designs/ATB_6c3ba5efa1.png,12.08.2026 12:22,192833,1928331,bank,Азиатско-Тихоокеанский банк (АТБ),https://cdn.banki.ru/cdn/card-designs/ATB_6c3ba5efa1.png,1810,www.atb.su,8 800 775-88-88,"101000, г. Москва, Подсосенский пер., д. 30, стр. 3",atb,RUB,https://www.banki.ru/products/credits/credit/3352/,19.4,23.9,,500000,40000000,,1095,7300,3y,20y,,a2b73473e9d325918c1389a2637f3a5aac8d109ac8b17339b8fcbd10cf65c21c,True,2026-08-24 13:50:38,,"19,4–23,9%",,,500 000–40 000 000 ₽,4,,,,,,,,
16733,1303,credit,Наличными,Наличными,https://www.banki.ru/products/credits/credit/13/,https://cdn.banki.ru/cdn/bank/863_mobile_logo_url.png,11.08.2026 15:18,863,8631,bank,Банк ЗЕНИТ,https://cdn.banki.ru/cdn/bank/863_mobile_logo_url.png,3255,www.zenit.ru,8 800 500-66-77,"117638, г. Москва, Одесская ул., д. 2",zenit,RUB,https://www.banki.ru/products/credits/credit/13/,14.5,37.9,,100000,5000000,,1095,1825,3y,5y,,368e9c7d467537c9c8bb630e9e7599fe9cc7bf6399d9252e6d5004d41954e271,True,2026-08-24 13:50:38,,"14,5–37,9%",,,100 000–5 000 000 ₽,4,,,,,,,,
19315,57103,credit,Под залог недвижимости,Под залог недвижимости,https://www.banki.ru/products/credits/credit/571/,https://cdn.banki.ru/cdn/bank/36119_mobile_logo_url.png,12.08.2026 12:28,36119,361191,bank,Ак Барс Банк,https://cdn.banki.ru/cdn/bank/36119_mobile_logo_url.png,2590,www.akbars.ru,8 800 200-53-03,"420066, г. Казань, ул. Декабристов, д. 1",akbars,RUB,https://www.banki.ru/products/credits/credit/571/,21.0,24.0,,500000,20000000,,1095,5475,3y,15y,,9d28699334eccabf666b0ef9f784ab800636fdd7126d86463676ad35eb325fe0,True,2026-08-24 13:50:38,,21–24%,,,500 000–20 000 000 ₽,4,,,,,,,,
16753,56103,credit,Наличными,Наличными,https://www.banki.ru/products/credits/credit/561/,https://cdn.banki.ru/cdn/bank/36119_mobile_logo_url.png,16.06.2026 12:13,36119,361191,bank,Ак Барс Банк,https://cdn.banki.ru/cdn/bank/36119_mobile_logo_url.png,2590,www.akbars.ru,8 800 200-53-03,"420066, г. Казань, ул. Декабристов, д. 1",akbars,RUB,https://www.banki.ru/products/credits/credit/561/,14.9,52.6,,30000,3000000,,365,1825,1y,5y,,0bb926fa3e47857c542f6fbb59a499e4bc9b6ded19e9c327f7de90e627d3b5e7,True,2026-08-24 13:50:38,,"14,9–52,6%",,,30 000–3 000 000 ₽,4,,,,,,,,
17085,480103,credit,На любые цели,На любые цели,https://www.banki.ru/products/credits/credit/4801/,https://cdn.banki.ru/cdn/bank/6055_mobile_logo_url.png,16.06.2026 12:21,6055,60551,bank,МТС Банк,https://cdn.banki.ru/cdn/bank/6055_mobile_logo_url.png,2268,www.mtsbank.ru,8 800 250-05-20,"115432, г. Москва, просп. Андропова, д. 18, корп. 1",mts-bank,RUB,https://www.banki.ru/products/credits/credit/4801/,10.9,39.9,,20000,5000000,,365,1825,1y,5y,,1748dcc4f3b2cb82419a2e177d4eac38f166d350d108be28bebde9bddbf7ee6b,True,2026-08-24 13:50:38,,"10,9–39,9%",,,20 000–5 000 000 ₽,4,,,,,,,,
16757,64703,credit,Запросто,Запросто,https://www.banki.ru/products/credits/credit/647/,https://cdn.banki.ru/cdn/bank/96003_mobile_logo_url.png,31.03.2026 11:31,96003,960031,bank,Банк Синара,https://cdn.banki.ru/cdn/bank/96003_mobile_logo_url.png,705,www.sinara.ru,8 800 100-06-00,"620026, г. Екатеринбург, ул. Куйбышева, д. 75",skb-bank,RUB,https://www.banki.ru/products/credits/credit/647/,11.9,39.0,,51000,5440000,,365,1825,1y,5y,,20d2f8699448c93da25b9d247ae3811d0100255271c0d05eb6a41f566fb0b39c,True,2026-08-24 13:50:38,,"11,9–39%",,,51 000–5 440 000 ₽,4,,,,,,,,
19306,20113103,credit,Под залог недвижимости «Большая покупка»,Под залог недвижимости «Большая покупка»,https://www.banki.ru/products/credits/credit/201131/,https://cdn.banki.ru/cdn/bank/96003_mobile_logo_url.png,31.03.2026 12:07,96003,960031,bank,Банк Синара,https://cdn.banki.ru/cdn/bank/96003_mobile_logo_url.png,705,www.sinara.ru,8 800 100-06-00,"620026, г. Екатеринбург, ул. Куйбышева, д. 75",skb-bank,RUB,https://www.banki.ru/products/credits/credit/201131/,10.4,23.5,,700000,13750000,,365,5475,1y,15y,,3b4ddf9c0c4c4f6e0727d1e11451ed11b901a13034fb078320fb4d699ea563c8,True,2026-08-24 13:50:38,,"10,4–23,5%",,,700 000–13 750 000 ₽,4,,,,,,,,
19506,20111403,credit,Под залог недвижимости,Под залог недвижимости,https://www.banki.ru/products/credits/credit/201114/,https://cdn.banki.ru/cdn/bank/351_mobile_logo_url.png,31.03.2026 11:38,351,3511,bank,Русский Стандарт,https://cdn.banki.ru/cdn/bank/351_mobile_logo_url.png,2289,www.rsb.ru,+7 (495) 748-07-48,"105187, г. Москва, ул. Ткацкая, д. 36",rsb,RUB,https://www.banki.ru/products/credits/credit/201114/,22.9,33.0,,500000,10000000,,183,3650,6m,10y,,ac8e0c366bd40835f07dd6d786c82fd42de84aaf8b8101238f918ee43d060067,True,2026-08-24 13:50:38,,"22,9–33%",,,500 000–10 000 000 ₽,4,,,,,,,,
19349,342703,credit,Под залог (недвижимости),Под залог (недвижимости),https://www.banki.ru/products/credits/credit/3427/,https://cdn.banki.ru/cdn/bank/195706_mobile_logo_url.png,31.03.2026 10:53,195706,1957061,bank,Т-Банк,https://cdn.banki.ru/cdn/bank/195706_mobile_logo_url.png,2673,www.tbank.ru,8 800 555-10-10,"127287, г. Москва, ул. 2-я Хуторская, д.38А, стр.26",tcs,RUB,https://www.banki.ru/products/credits/credit/3427/,19.9,32.9,,200000,30000000,,365,5475,1y,15y,,980423076ebf246436c5ea17a78c7757a141ac01fa69d4565fbbcf79019f41c7,True,2026-08-24 13:50:38,,"19,9–32,9%",,,200 000–30 000 000 ₽,4,,,,,,,,
19768,20115103,credit,Под залог недвижимости,Под залог недвижимости,https://www.banki.ru/products/credits/credit/201151/,https://cdn.banki.ru/cdn/bank/7292_mobile_logo_url.png,31.03.2026 12:12,7292,72921,bank,Московский кредитный банк (МКБ),https://cdn.banki.ru/cdn/bank/7292_mobile_logo_url.png,1978,www.mkb.ru,8 800 100-48-88,"107045, г. Москва, Луков пер., д. 2, стр. 1",mkb,RUB,https://www.banki.ru/products/credits/credit/201151/,20.5,21.9,,500000,70000000,,365,10950,1y,30y,,feba11c4871722411f0727619b114e053a14785cf9b43c0bd54690b0ef1046ff,True,2026-08-24 13:50:38,,"20,5–21,9%",,,500 000–70 000 000 ₽,4,,,,,,,,
20031,21117903,credit,Наличными с оформлением на Банки.ру,Наличными с оформлением на Банки.ру,https://www.banki.ru/products/credits/credit/211179/,https://cdn.banki.ru/cdn/bank/16196_mobile_logo_url.png,03.07.2026 11:40,16196,161961,bank,ОТП Банк,https://cdn.banki.ru/cdn/bank/16196_mobile_logo_url.png,2766,www.otpbank.ru,+7 (495) 775-47-75,"125171, г. Москва, Ленинградское ш., д. 16а, стр. 2",otpbank,RUB,https://www.banki.ru/products/credits/credit/211179/,21.9,55.9,,15000,3000000,,365,2555,1y,7y,,37dd282fcc60abc70a7567a4e5cae89ca1b27f6845e62250fd767ef7c6841239,True,2026-08-24 13:50:38,,"21,9–55,9%",,,15 000–3 000 000 ₽,4,,,,,,,,
19306,20113103,credit,Под залог недвижимости «Большая покупка»,Под залог недвижимости «Большая покупка»,https://www.banki.ru/products/credits/credit/201131/,https://cdn.banki.ru/cdn/bank/96003_mobile_logo_url.png,14.11.2025 10:39,96003,960031,bank,Банк Синара,https://cdn.banki.ru/cdn/bank/96003_mobile_logo_url.png,705,www.sinara.ru,8 800 100-06-00,"620026, г. Екатеринбург, ул. Куйбышева, д. 75
",skb-bank,RUB,https://www.banki.ru/products/credits/credit/201131/,12.4,25.5,,700000,13750000,,365,5475,1y,15y,,fc4d581691eaa1d65efca16021821f38e42e60b85ac07a4abb52bd17d9e74c5c,True,2026-08-24 13:50:38,,"12,4–25,5%",,,700 000–13 750 000 ₽,4,,,,,,,,
19489,20107003,credit,Под залог недвижимости,Под залог недвижимости,https://www.banki.ru/products/credits/credit/201070/,https://cdn.banki.ru/cdn/bank/196704_mobile_logo_url.png,14.11.2025 17:13,196704,1967041,bank,Банк НООСФЕРА,https://cdn.banki.ru/cdn/bank/196704_mobile_logo_url.png,2650,www.noosferabank.ru,8 800 533-36-03,"141109, Московская обл., г. Щелково, ул. Талсинская, д. 59, стр. 3а
",noosfera,RUB,https://www.banki.ru/products/credits/credit/201070/,16.0,48.0,,100000,200000000,,30,7300,1m,20y,,3f13661976ad82a45534e17a89e59807cc176d656d5c06abe078bfde92d80068,True,2026-08-24 13:50:38,,16–48%,,,100 000–200 000 000 ₽,4,,,,,,,,
19392,465603,credit,Под залог,Под залог,https://www.banki.ru/products/credits/credit/4656/,https://cdn.banki.ru/cdn/bank/4272_mobile_logo_url.png,14.11.2025 10:35,4272,42721,bank,Развитие-Столица,https://cdn.banki.ru/cdn/bank/4272_mobile_logo_url.png,3013,www.dcapital.ru,+7 (495) 937-91-50,"105064, г. Москва, Нижний Сусальный пер., д. 5, стр. 15
",dcbank,RUB,https://www.banki.ru/products/credits/credit/4656/,17.5,17.5,,3000000,80000000,,183,7300,6m,20y,,1cb34a363f03983a746ea8652024970f5cbc41e3e491cc0582c5d6fe63b8fa92,True,2026-08-24 13:50:38,,"17,5%",,,3 000 000–80 000 000 ₽,4,,,,,,,,
19339,298803,credit,Универсальный (с обеспечением),Универсальный (с обеспечением),https://www.banki.ru/products/credits/credit/2988/,https://cdn.banki.ru/cdn/bank/77487_mobile_logo_url.png,05.11.2025 14:23,77487,774871,bank,Интерпрогрессбанк,https://cdn.banki.ru/cdn/bank/77487_mobile_logo_url.png,600,www.ipb.ru,+7 (495) 411-00-00,"115201, г. Москва, Старокаширское ш., д. 2, корп. 1, стр. 1
",ipb,RUB,https://www.banki.ru/products/credits/credit/2988/,27.0,29.5,,600001,2000000,,397,1825,13m,5y,,492f9ac279a87f8572fab46e4807b3570e4e33df6e1f825bfa2a1f8b1d8e3164,True,2026-08-24 13:50:38,,"27–29,5%",,,600 001–2 000 000 ₽,4,,,,,,,,
16746,38103,credit,Универсальный,Универсальный,https://www.banki.ru/products/credits/credit/381/,https://cdn.banki.ru/cdn/bank/77487_mobile_logo_url.png,05.11.2025 14:23,77487,774871,bank,Интерпрогрессбанк,https://cdn.banki.ru/cdn/bank/77487_mobile_logo_url.png,600,www.ipb.ru,+7 (495) 411-00-00,"115201, г. Москва, Старокаширское ш., д. 2, корп. 1, стр. 1
",ipb,RUB,https://www.banki.ru/products/credits/credit/381/,27.0,29.5,,100000,600000,,397,1825,13m,5y,,21d56d03e50a4a481a8f2e9092a6881cd7bb3e67ee2ccbc0340c53d7b6ac1345,True,2026-08-24 13:50:38,,"27–29,5%",,,100 000–600 000 ₽,4,,,,,,,,
17168,506303,credit,Наличными,Наличными,https://www.banki.ru/products/credits/credit/5063/,https://cdn.banki.ru/cdn/card-designs/ATB_6c3ba5efa1.png,30.07.2026 12:13,192833,1928331,bank,Азиатско-Тихоокеанский банк (АТБ),https://cdn.banki.ru/cdn/card-designs/ATB_6c3ba5efa1.png,1810,www.atb.su,8 800 775-88-88,"101000, г. Москва, Подсосенский пер., д. 30, стр. 3",atb,RUB,https://www.banki.ru/products/credits/credit/5063/,15.5,38.5,,30000,5000000,,366,2555,12m,7y,,13b5786cb3bf60b6a9f8356e1b80ccf8c7a342a1c767980ac1b0b6ed5bbdc4a6,True,2026-08-24 13:50:38,,"15,5–38,5%",,,30 000–5 000 000 ₽,4,,,,,,,,
19347,335203,credit,На любые цели под залог недвижимости,На любые цели под залог недвижимости,https://www.banki.ru/products/credits/credit/3352/,https://cdn.banki.ru/cdn/card-designs/ATB_6c3ba5efa1.png,30.07.2026 12:45,192833,1928331,bank,Азиатско-Тихоокеанский банк (АТБ),https://cdn.banki.ru/cdn/card-designs/ATB_6c3ba5efa1.png,1810,www.atb.su,8 800 775-88-88,"101000, г. Москва, Подсосенский пер., д. 30, стр. 3",atb,RUB,https://www.banki.ru/products/credits/credit/3352/,19.9,24.4,,500000,40000000,,1095,7300,3y,20y,,7f17f9e7c0df081db08c45d24813f1677ce839dae088d74bbf32f5b5f59f8ae0,True,2026-08-24 13:50:38,,"19,9–24,4%",,,500 000–40 000 000 ₽,4,,,,,,,,
16893,362003,credit,Наличными,Наличными,https://www.banki.ru/products/credits/credit/3620/,https://cdn.banki.ru/cdn/bank/17266_mobile_logo_url.png,30.07.2026 12:44,17266,172661,bank,Ренессанс Банк,https://cdn.banki.ru/cdn/bank/17266_mobile_logo_url.png,3354,www.rencredit.ru,8 (495) 981-09-81,"115114, г. Москва, ул. Кожевническая, д. 14",rencredit,RUB,https://www.banki.ru/products/credits/credit/3620/,9.9,51.9,,30000,2000000,,730,2555,2y,7y,,631fc7a087e787adf0c4953e9c6602fa38dff53043df337a38f582d8f9597e50,True,2026-08-24 13:50:38,,"9,9–51,9%",,,30 000–2 000 000 ₽,4,,,,,,,,
16753,56103,credit,Наличными,Наличными,https://www.banki.ru/products/credits/credit/561/,https://cdn.banki.ru/cdn/bank/36119_mobile_logo_url.png,30.07.2026 12:17,36119,361191,bank,Ак Барс Банк,https://cdn.banki.ru/cdn/bank/36119_mobile_logo_url.png,2590,www.akbars.ru,8 800 200-53-03,"420066, г. Казань, ул. Декабристов, д. 1",akbars,RUB,https://www.banki.ru/products/credits/credit/561/,3.5,55.7,,30000,5000000,,365,1825,1y,5y,,04d6ea1b975bdcfe4bb340e3c15c7eafb93247ab2a00751254334e62eb55f103,True,2026-08-24 13:50:38,,"3,5–55,7%",,,30 000–5 000 000 ₽,4,,,,,,,,
20452,20116803,credit,Залоговый+,Залоговый+,https://www.banki.ru/products/credits/credit/201168/,https://cdn.banki.ru/cdn/bank/193292_mobile_logo_url.png,30.07.2026 12:09,193292,1932921,bank,Норвик Банк,https://cdn.banki.ru/cdn/bank/193292_mobile_logo_url.png,902,norvikbank.ru,8 800 100-17-77,"115054, г. Москва, ул. Зацепский Вал, д. 5",norvik-bank,RUB,https://www.banki.ru/products/credits/credit/201168/,16.5,40.0,,500000,20000000,,31,7300,1m,20y,,caa9383ab234a775018198d794a758d7b3d01045c1e78857918a4710c7403a67,True,2026-08-24 13:50:38,,"16,5–40%",,,500 000–20 000 000 ₽,4,,,,,,,,
17172,507103,credit,Акционный,Акционный,https://www.banki.ru/products/credits/credit/5071/,https://cdn.banki.ru/cdn/bank/191203_mobile_logo_url.png,30.07.2026 12:42,191203,1912031,bank,Примсоцбанк,https://cdn.banki.ru/cdn/bank/191203_mobile_logo_url.png,2733,www.pskb.com,8 800 350-42-02,"690106, Приморский край, г. Владивосток, Партизанский пр-т, д. 44",primsotsbank,RUB,https://www.banki.ru/products/credits/credit/5071/,18.4,30.4,,100000,2000000,,1095,1825,3y,5y,,9b301c9e22bc827bee786aab232187d7de21810bb72302a5f38f2bdbee879049,True,2026-08-24 13:50:38,,"18,4–30,4%",,,100 000–2 000 000 ₽,4,,,,,,,,
19306,20113103,credit,Под залог недвижимости «Большая покупка»,Под залог недвижимости «Большая покупка»,https://www.banki.ru/products/credits/credit/201131/,https://cdn.banki.ru/cdn/bank/96003_mobile_logo_url.png,08.07.2026 11:22,96003,960031,bank,Банк Синара,https://cdn.banki.ru/cdn/bank/96003_mobile_logo_url.png,705,www.sinara.ru,8 800 100-06-00,"620026, г. Екатеринбург, ул. Куйбышева, д. 75",skb-bank,RUB,https://www.banki.ru/products/credits/credit/201131/,9.9,23.0,,700000,13750000,,365,5475,1y,15y,,7e42978e5f7f2139af1b36f58cdd7103c20569605c1dc7955ddc618472f43f85,True,2026-08-24 13:50:38,,"9,9–23%",,,700 000–13 750 000 ₽,4,,,,,,,,
16753,56103,credit,Наличными,Наличными,https://www.banki.ru/products/credits/credit/561/,https://cdn.banki.ru/cdn/bank/36119_mobile_logo_url.png,08.07.2026 11:45,36119,361191,bank,Ак Барс Банк,https://cdn.banki.ru/cdn/bank/36119_mobile_logo_url.png,2590,www.akbars.ru,8 800 200-53-03,"420066, г. Казань, ул. Декабристов, д. 1",akbars,RUB,https://www.banki.ru/products/credits/credit/561/,3.5,55.7,,30000,3000000,,365,1825,1y,5y,,370c529f5bd7bbe11ae591dcdb19af97a7bc4228e21ae61ecff987d92be1b3e6,True,2026-08-24 13:50:38,,"3,5–55,7%",,,30 000–3 000 000 ₽,4,,,,,,,,
16893,362003,credit,Наличными,Наличными,https://www.banki.ru/products/credits/credit/3620/,https://cdn.banki.ru/cdn/bank/17266_mobile_logo_url.png,08.07.2026 11:57,17266,172661,bank,Ренессанс Банк,https://cdn.banki.ru/cdn/bank/17266_mobile_logo_url.png,3354,www.rencredit.ru,8 (495) 981-09-81,"115114, г. Москва, ул. Кожевническая, д. 14",rencredit,RUB,https://www.banki.ru/products/credits/credit/3620/,9.9,72.9,,30000,2000000,,730,2555,2y,7y,,7e123c318dd42b22907f4901e138e422befedae2f8aaa4ecfdf97c08b9e76f2c,True,2026-08-24 13:50:38,,"9,9–72,9%",,,30 000–2 000 000 ₽,4,,,,,,,,
16872,347403,credit,Наличными,Наличными,https://www.banki.ru/products/credits/credit/3474/,https://cdn.banki.ru/cdn/bank/9011_mobile_logo_url.png,08.07.2026 11:51,9011,90111,bank,Металлинвестбанк,https://cdn.banki.ru/cdn/bank/9011_mobile_logo_url.png,2440,www.metallinvestbank.ru,8 800 250-97-97,"119180, г. Москва, ул. Большая Полянка, д. 47, стр. 2",metallinvestbank,RUB,https://www.banki.ru/products/credits/credit/3474/,18.1,33.0,,30000,3000000,,183,1825,6m,5y,,1cc0f87ddae2e4b2ec872e598b29425337e2de23d6b2a7a18ea7461330df1bd4,True,2026-08-24 13:50:38,,"18,1–33%",,,30 000–3 000 000 ₽,4,,,,,,,,
16733,1303,credit,Наличными,Наличными,https://www.banki.ru/products/credits/credit/13/,https://cdn.banki.ru/cdn/bank/863_mobile_logo_url.png,08.07.2026 11:41,863,8631,bank,Банк ЗЕНИТ,https://cdn.banki.ru/cdn/bank/863_mobile_logo_url.png,3255,www.zenit.ru,8 800 500-66-77,"117638, г. Москва, Одесская ул., д. 2",zenit,RUB,https://www.banki.ru/products/credits/credit/13/,16.5,37.9,,100000,5000000,,1095,1825,3y,5y,,0d0ec78e9769f9d29ace8c7a68b12514863e85df289f50f404650929accf10d9,True,2026-08-24 13:50:38,,"16,5–37,9%",,,100 000–5 000 000 ₽,4,,,,,,,,
17168,506303,credit,Наличными,Наличными,https://www.banki.ru/products/credits/credit/5063/,https://cdn.banki.ru/cdn/card-designs/ATB_6c3ba5efa1.png,08.07.2026 11:45,192833,1928331,bank,Азиатско-Тихоокеанский банк (АТБ),https://cdn.banki.ru/cdn/card-designs/ATB_6c3ba5efa1.png,1810,www.atb.su,8 800 775-88-88,"675000, Амурская обл., г. Благовещенск, ул. Амурская, д. 225",atb,RUB,https://www.banki.ru/products/credits/credit/5063/,18.5,38.5,,30000,5000000,,366,2555,12m,7y,,59da12d1de34b0a4e75f728569b8ad70ff2469a5aed9c29092638c527b0808df,True,2026-08-24 13:50:38,,"18,5–38,5%",,,30 000–5 000 000 ₽,4,,,,,,,,
19347,335203,credit,На любые цели под залог недвижимости,На любые цели под залог недвижимости,https://www.banki.ru/products/credits/credit/3352/,https://cdn.banki.ru/cdn/card-designs/ATB_6c3ba5efa1.png,08.07.2026 11:57,192833,1928331,bank,Азиатско-Тихоокеанский банк (АТБ),https://cdn.banki.ru/cdn/card-designs/ATB_6c3ba5efa1.png,1810,www.atb.su,8 800 775-88-88,"675000, Амурская обл., г. Благовещенск, ул. Амурская, д. 225",atb,RUB,https://www.banki.ru/products/credits/credit/3352/,20.4,24.4,,500000,40000000,,1095,7300,3y,20y,,fbc0c210f186dc9defd64abd56a4ef22459afc1c040f60fe16ce54bb68fa01c6,True,2026-08-24 13:50:38,,"20,4–24,4%",,,500 000–40 000 000 ₽,4,,,,,,,,
17172,507103,credit,Акционный,Акционный,https://www.banki.ru/products/credits/credit/5071/,https://cdn.banki.ru/cdn/bank/191203_mobile_logo_url.png,08.07.2026 11:56,191203,1912031,bank,Примсоцбанк,https://cdn.banki.ru/cdn/bank/191203_mobile_logo_url.png,2733,www.pskb.com,8 800 350-42-02,"690106, Приморский край, г. Владивосток, Партизанский пр-т, д. 44",primsotsbank,RUB,https://www.banki.ru/products/credits/credit/5071/,18.4,30.4,,100000,2000000,,1825,1825,5y,5y,,c94a30e27eabb6d810ff6d565d1b2bd6baa3e1d885125994d07082b579d5a927,True,2026-08-24 13:50:38,,"18,4–30,4%",,,100 000–2 000 000 ₽,4,,,,,,,,
19489,20107003,credit,Твоя ипотека,Твоя ипотека,https://www.banki.ru/products/credits/credit/201070/,https://cdn.banki.ru/cdn/bank/196704_mobile_logo_url.png,08.07.2026 12:00,196704,1967041,bank,Банк НООСФЕРА,https://cdn.banki.ru/cdn/bank/196704_mobile_logo_url.png,2650,www.noosferabank.ru,8 800 533-36-03,"141109, Московская обл., г. Щелково, ул. Талсинская, д. 59, стр. 3а",noosfera,RUB,https://www.banki.ru/products/credits/credit/201070/,19.5,48.0,,500000,150000000,,30,5475,1m,15y,,695304183d3a79b3ad198a24162edff2ca1e8dc60e7240e2835e12ab10fe42cf,True,2026-08-24 13:50:38,,"19,5–48%",,,500 000–150 000 000 ₽,4,,,,,,,,
19392,465603,credit,Под залог,Под залог,https://www.banki.ru/products/credits/credit/4656/,https://cdn.banki.ru/cdn/bank/4272_mobile_logo_url.png,08.07.2026 12:05,4272,42721,bank,Развитие-Столица,https://cdn.banki.ru/cdn/bank/4272_mobile_logo_url.png,3013,www.dcapital.ru,+7 (495) 937-91-50,"105064, г. Москва, Нижний Сусальный пер., д. 5, стр. 15",dcbank,RUB,https://www.banki.ru/products/credits/credit/4656/,16.0,16.0,,3000000,80000000,,183,7300,6m,20y,,88c4d0be3cc7a9c0b655088c618397a3b6ca5d3b3f7ab9deccbec0c7d22932c3,True,2026-08-24 13:50:38,,16%,,,3 000 000–80 000 000 ₽,4,,,,,,,,
19393,466203,credit,Наличные под залог,Наличные под залог,https://www.banki.ru/products/credits/credit/4662/,https://cdn.banki.ru/cdn/bank/619_mobile_logo_url.png,08.07.2026 11:59,619,6191,bank,Банк Жилищного Финансирования,https://cdn.banki.ru/cdn/bank/619_mobile_logo_url.png,3138,www.bgfbank.ru,8 800 555-00-26,"121357, г. Москва, ул. Верейская, д. 29, стр. 134",bgfbank,RUB,https://www.banki.ru/products/credits/credit/4662/,19.8,57.99,,450000,30000000,,2555,9125,7y,25y,,03d688f8ba6b295c63658c814517f6768e5caf1a98e72d65c3bebc455175248a,True,2026-08-24 13:50:38,,"19,8–57,99%",,,450 000–30 000 000 ₽,4,,,,,,,,
17085,480103,credit,На любые цели без визита в банк,На любые цели без визита в банк,https://www.banki.ru/products/credits/credit/4801/,https://cdn.banki.ru/cdn/bank/6055_mobile_logo_url.png,08.07.2026 13:33,6055,60551,bank,МТС Банк,https://cdn.banki.ru/cdn/bank/6055_mobile_logo_url.png,2268,www.mtsbank.ru,8 800 250-05-20,"115432, г. Москва, просп. Андропова, д. 18, корп. 1",mts-bank,RUB,https://www.banki.ru/products/credits/credit/4801/,10.9,39.9,,20000,5000000,,365,1825,1y,5y,,501329c35308fabc21583cc9e3626ce8a6789fe13a6e2e7438bf5ad662f955d9,True,2026-08-24 13:50:38,,"10,9–39,9%",,,20 000–5 000 000 ₽,4,,,,,,,,
19348,337203,credit,Залоговый,Залоговый,https://www.banki.ru/products/credits/credit/3372/,https://cdn.banki.ru/cdn/bank/194599_mobile_logo_url.png,21.11.2025 13:23,194599,1945991,bank,Банк «Калуга»,https://cdn.banki.ru/cdn/bank/194599_mobile_logo_url.png,1151,www.bankkaluga.ru,+7 (4842) 54-94-25,"248030, г. Калуга, ул. Рылеева, д. 4
",kaluga,RUB,https://www.banki.ru/products/credits/credit/3372/,18.0,26.0,,50000,110000000,,31,3650,1m,10y,,3cfd24a57fc45a2fbb34b73940e5b6cca998a327b205d16c6604f332a985ff8e,True,2026-08-24 13:50:38,,18–26%,,,50 000–110 000 000 ₽,4,,,,,,,,
16852,330103,credit,Доверительный,Доверительный,https://www.banki.ru/products/credits/credit/3301/,https://cdn.banki.ru/cdn/bank/194599_mobile_logo_url.png,24.06.2026 14:15,194599.0,1945991.0,bank,Банк «Калуга»,https://cdn.banki.ru/cdn/bank/194599_mobile_logo_url.png,1151,www.bankkaluga.ru,+7 (4842) 54-94-25,"248030, г. Калуга, ул. Рылеева, д. 4",kaluga,RUB,https://www.banki.ru/products/credits/credit/3301/,18.25,28.25,,50000,1000000,,31,2555,1m,7y,,61d1a36926a32a7da8dab463ec048216ff9e9c2395d771aefe036808f04b9e85,True,2026-08-24 13:50:38,,"18,25–28,25%",,,50 000–1 000 000 ₽,4,,,,,,,,
19348,337203,credit,Залоговый,Залоговый,https://www.banki.ru/products/credits/credit/3372/,https://cdn.banki.ru/cdn/bank/194599_mobile_logo_url.png,24.06.2026 14:21,194599.0,1945991.0,bank,Банк «Калуга»,https://cdn.banki.ru/cdn/bank/194599_mobile_logo_url.png,1151,www.bankkaluga.ru,+7 (4842) 54-94-25,"248030, г. Калуга, ул. Рылеева, д. 4",kaluga,RUB,https://www.banki.ru/products/credits/credit/3372/,15.25,23.25,,50000,110000000,,31,3650,1m,10y,,38806c30c8bdac09a9a5beba8a226cb937e78e0ae83e0dd6d0e4459f024ed841,True,2026-08-24 13:50:38,,"15,25–23,25%",,,50 000–110 000 000 ₽,4,,,,,,,,
17191,510603,credit,Бюджетный (с обеспечением),Бюджетный (с обеспечением),https://www.banki.ru/products/credits/credit/5106/,https://cdn.banki.ru/cdn/bank/196653_mobile_logo_url.png,24.06.2026 17:37,196653.0,1966531.0,bank,Банк «Элита»,https://cdn.banki.ru/cdn/bank/196653_mobile_logo_url.png,1399,www.bankelita.ru,+7 (4842) 72-14-65,"248000, г. Калуга, ул. Московская, д. 6",elita,RUB,https://www.banki.ru/products/credits/credit/5106/,20.5,21.0,,900001,10000000,,31,1825,1y,5y,,53d7a9bda6503d00b7fae47339b6f32f0dacfe68f113d8b20c6eca256d04912c,True,2026-08-24 13:50:38,,"20,5–21%",,,900 001–10 000 000 ₽,4,,,,,,,,
17192,510703,credit,Потребительский (с обеспечением),Потребительский (с обеспечением),https://www.banki.ru/products/credits/credit/5107/,https://cdn.banki.ru/cdn/bank/196653_mobile_logo_url.png,24.06.2026 17:25,196653.0,1966531.0,bank,Банк «Элита»,https://cdn.banki.ru/cdn/bank/196653_mobile_logo_url.png,1399,www.bankelita.ru,+7 (4842) 72-14-65,"248000, г. Калуга, ул. Московская, д. 6",elita,RUB,https://www.banki.ru/products/credits/credit/5107/,25.0,25.0,,300001,10000000,,31,1825,1m,5y,,1224f4a3d4b4f3f7c501e61d28316a69267d9ffa7f458bedcbe07182ad22c2eb,True,2026-08-24 13:50:38,,25%,,,300 001–10 000 000 ₽,4,,,,,,,,
17228,515603,credit,Особый,Особый,https://www.banki.ru/products/credits/credit/5156/,https://cdn.banki.ru/cdn/bank/196653_mobile_logo_url.png,24.06.2026 17:24,196653.0,1966531.0,bank,Банк «Элита»,https://cdn.banki.ru/cdn/bank/196653_mobile_logo_url.png,1399,www.bankelita.ru,+7 (4842) 72-14-65,"248000, г. Калуга, ул. Московская, д. 6",elita,RUB,https://www.banki.ru/products/credits/credit/5156/,23.5,23.5,,10000,200000,,31,1825,1m,5y,,647d943be9c00125e6b9e22e6a646a2064afc9b46780009b9c6fc4d4cf6c5139,True,2026-08-24 13:50:38,,"23,5%",,,10 000–200 000 ₽,4,,,,,,,,
16853,330303,credit,Бюджетный,Бюджетный,https://www.banki.ru/products/credits/credit/3303/,https://cdn.banki.ru/cdn/bank/196653_mobile_logo_url.png,24.06.2026 17:34,196653.0,1966531.0,bank,Банк «Элита»,https://cdn.banki.ru/cdn/bank/196653_mobile_logo_url.png,1399,www.bankelita.ru,+7 (4842) 72-14-65,"248000, г. Калуга, ул. Московская, д. 6",elita,RUB,https://www.banki.ru/products/credits/credit/3303/,20.5,21.0,,50000,900000,,31,1825,1y,5y,,89cbcdcd7054f7c8a0915dd9bf30635389908e780e71688169ee0e01eebae97b,True,2026-08-24 13:50:38,,"20,5–21%",,,50 000–900 000 ₽,4,,,,,,,,
16854,330703,credit,Потребительский,Потребительский,https://www.banki.ru/products/credits/credit/3307/,https://cdn.banki.ru/cdn/bank/196653_mobile_logo_url.png,24.06.2026 17:25,196653.0,1966531.0,bank,Банк «Элита»,https://cdn.banki.ru/cdn/bank/196653_mobile_logo_url.png,1399,www.bankelita.ru,+7 (4842) 72-14-65,"248000, г. Калуга, ул. Московская, д. 6",elita,RUB,https://www.banki.ru/products/credits/credit/3307/,25.0,25.0,,50000,300000,,31,1825,1m,5y,,fbd33504afb926d095c8bc185b6fecfad19653c68f9034048d50629fd56bd6d1,True,2026-08-24 13:50:38,,25%,,,50 000–300 000 ₽,4,,,,,,,,
16852,330103,credit,Доверительный,Доверительный,https://www.banki.ru/products/credits/credit/3301/,https://cdn.banki.ru/cdn/bank/194599_mobile_logo_url.png,04.12.2025 18:31,194599,1945991,bank,Банк «Калуга»,https://cdn.banki.ru/cdn/bank/194599_mobile_logo_url.png,1151,www.bankkaluga.ru,+7 (4842) 54-94-25,"248030, г. Калуга, ул. Рылеева, д. 4
",kaluga,RUB,https://www.banki.ru/products/credits/credit/3301/,21.0,31.0,,50000,1000000,,31,2555,1m,7y,,ff58fbb3c7d93dd86d51daeaf166b321792ae8bf7881c7b564a0dc0725b98786,True,2026-08-24 13:50:38,,21–31%,,,50 000–1 000 000 ₽,4,,,,,,,,
19348,337203,credit,Залоговый,Залоговый,https://www.banki.ru/products/credits/credit/3372/,https://cdn.banki.ru/cdn/bank/194599_mobile_logo_url.png,16.12.2025 18:21,194599,1945991,bank,Банк «Калуга»,https://cdn.banki.ru/cdn/bank/194599_mobile_logo_url.png,1151,www.bankkaluga.ru,+7 (4842) 54-94-25,"248030, г. Калуга, ул. Рылеева, д. 4
",kaluga,RUB,https://www.banki.ru/products/credits/credit/3372/,17.5,25.5,,50000,110000000,,31,3650,1m,10y,,20e321d02801138b5e733bf20cfd833fd31a3c0ca878c3b1ee970f26d2c03002,True,2026-08-24 13:50:38,,"17,5–25,5%",,,50 000–110 000 000 ₽,4,,,,,,,,
16852,330103,credit,Доверительный,Доверительный,https://www.banki.ru/products/credits/credit/3301/,https://cdn.banki.ru/cdn/bank/194599_mobile_logo_url.png,16.12.2025 18:25,194599,1945991,bank,Банк «Калуга»,https://cdn.banki.ru/cdn/bank/194599_mobile_logo_url.png,1151,www.bankkaluga.ru,+7 (4842) 54-94-25,"248030, г. Калуга, ул. Рылеева, д. 4
",kaluga,RUB,https://www.banki.ru/products/credits/credit/3301/,20.5,30.5,,50000,1000000,,31,2555,1m,7y,,01b02a045cf5a9032f36a880f9fbb1266a91e5de5f5e83438e1e40faa90da2f3,True,2026-08-24 13:50:38,,"20,5–30,5%",,,50 000–1 000 000 ₽,4,,,,,,,,
19348,337203,credit,Залоговый,Залоговый,https://www.banki.ru/products/credits/credit/3372/,https://cdn.banki.ru/cdn/bank/194599_mobile_logo_url.png,03.07.2026 13:03,194599,1945991,bank,Банк «Калуга»,https://cdn.banki.ru/cdn/bank/194599_mobile_logo_url.png,1151,www.bankkaluga.ru,+7 (4842) 54-94-25,"248030, г. Калуга, ул. Рылеева, д. 4",kaluga,RUB,https://www.banki.ru/products/credits/credit/3372/,15.25,23.25,,50000,110000000,,31,3650,1m,10y,,05c2ea3a9ddde0d0a06fb9f0627dfc41d7c9c44885fa3cb094f6f4adacaefaf5,True,2026-08-24 13:50:38,,"15,25–23,25%",,,50 000–110 000 000 ₽,4,,,,,,,,
16852,330103,credit,Доверительный,Доверительный,https://www.banki.ru/products/credits/credit/3301/,https://cdn.banki.ru/cdn/bank/194599_mobile_logo_url.png,03.07.2026 13:02,194599,1945991,bank,Банк «Калуга»,https://cdn.banki.ru/cdn/bank/194599_mobile_logo_url.png,1151,www.bankkaluga.ru,+7 (4842) 54-94-25,"248030, г. Калуга, ул. Рылеева, д. 4",kaluga,RUB,https://www.banki.ru/products/credits/credit/3301/,18.25,28.25,,50000,1000000,,31,2555,1m,7y,,5ee9bc978d282ef93176b2b4b919b810d3b4c502bb24afed77f916e1bcc11d71,True,2026-08-24 13:50:38,,"18,25–28,25%",,,50 000–1 000 000 ₽,4,,,,,,,,
17191,510603,credit,Бюджетный (с обеспечением),Бюджетный (с обеспечением),https://www.banki.ru/products/credits/credit/5106/,https://cdn.banki.ru/cdn/bank/196653_mobile_logo_url.png,02.07.2026 17:45,196653,1966531,bank,Банк «Элита»,https://cdn.banki.ru/cdn/bank/196653_mobile_logo_url.png,1399,www.bankelita.ru,+7 (4842) 72-14-65,"248000, г. Калуга, ул. Московская, д. 6",elita,RUB,https://www.banki.ru/products/credits/credit/5106/,20.5,21.0,,900001,10000000,,31,1825,1y,5y,,b1534517fd285a60dd8d216b98998518565280c6551ec5d87aea47215c94436a,True,2026-08-24 13:50:38,,"20,5–21%",,,900 001–10 000 000 ₽,4,,,,,,,,
16853,330303,credit,Бюджетный,Бюджетный,https://www.banki.ru/products/credits/credit/3303/,https://cdn.banki.ru/cdn/bank/196653_mobile_logo_url.png,02.07.2026 17:45,196653,1966531,bank,Банк «Элита»,https://cdn.banki.ru/cdn/bank/196653_mobile_logo_url.png,1399,www.bankelita.ru,+7 (4842) 72-14-65,"248000, г. Калуга, ул. Московская, д. 6",elita,RUB,https://www.banki.ru/products/credits/credit/3303/,20.5,21.0,,50000,900000,,31,1825,1y,5y,,0cd673f379515375e93a9805b10cddc42507c386dd782f455d84dab6506d839c,True,2026-08-24 13:50:38,,"20,5–21%",,,50 000–900 000 ₽,4,,,,,,,,
19474,20102103,credit,Фора-Залоговый (под залог недвижимости),Фора-Залоговый (под залог недвижимости),https://www.banki.ru/products/credits/credit/201021/,https://cdn.banki.ru/cdn/bank/80493_mobile_logo_url.png,12.12.2025 18:34,80493,804931,bank,Фора-Банк,https://cdn.banki.ru/cdn/bank/80493_mobile_logo_url.png,1885,www.forabank.ru,8 800 100-98-89,"119021, г. Москва, Зубовский б-р, д. 25",forabank,RUB,https://www.banki.ru/products/credits/credit/201021/,26.2,27.5,,750000,15000000,,183,3650,13m,10y,,f8ea1f5bad54c89304a6113f13fd6078cb2299c9d06cb4b12c880f6f58b64e9f,True,2026-08-24 13:50:38,,"26,2–27,5%",,,750 000–15 000 000 ₽,4,,,,,,,,
17345,20074603,credit,Фора-Залоговый,Фора-Залоговый,https://www.banki.ru/products/credits/credit/200746/,https://cdn.banki.ru/cdn/bank/80493_mobile_logo_url.png,12.12.2025 18:33,80493,804931,bank,Фора-Банк,https://cdn.banki.ru/cdn/bank/80493_mobile_logo_url.png,1885,www.forabank.ru,8 800 100-98-89,"119021, г. Москва, Зубовский б-р, д. 25",forabank,RUB,https://www.banki.ru/products/credits/credit/200746/,28.0,29.5,,750000,15000000,,183,2555,13m,7y,,ce6cacd8b290873595f4899bf41b9ead055fb1b41668420af21650a6fea9f41c,True,2026-08-24 13:50:38,,"28–29,5%",,,750 000–15 000 000 ₽,4,,,,,,,,
16738,11303,credit,Фора-Стандарт,Фора-Стандарт,https://www.banki.ru/products/credits/credit/113/,https://cdn.banki.ru/cdn/bank/80493_mobile_logo_url.png,12.12.2025 18:30,80493,804931,bank,Фора-Банк,https://cdn.banki.ru/cdn/bank/80493_mobile_logo_url.png,1885,www.forabank.ru,8 800 100-98-89,"119021, г. Москва, Зубовский б-р, д. 25",forabank,RUB,https://www.banki.ru/products/credits/credit/113/,29.5,31.5,,30000,750000,,183,1095,6m,3y,,b0218ffb7899275b2fca8fda8719c9c0ae86db500fbb1ad9d6ef93e2e035fc5f,True,2026-08-24 13:50:38,,"29,5–31,5%",,,30 000–750 000 ₽,4,,,,,,,,
17280,523203,credit,Запросто,Запросто,https://www.banki.ru/products/credits/credit/5232/,https://cdn.banki.ru/cdn/bank/96003_mobile_logo_url.png,29.06.2026 11:05,96003.0,960031.0,bank,Банк Синара,https://cdn.banki.ru/cdn/bank/96003_mobile_logo_url.png,705,www.sinara.ru,8 800 100-06-00,"620026, г. Екатеринбург, ул. Куйбышева, д. 75",skb-bank,RUB,https://www.banki.ru/products/credits/credit/5232/,11.9,37.0,,51000,5440000,,365,1825,1y,5y,,9331cd98237779e20cac9a4d6bd6da96b7c760e13be4c0eb6b6662d7aec7e492,True,2026-08-24 13:50:38,,"11,9–37%",,,51 000–5 440 000 ₽,4,,,,,,,,
17280,523203,credit,Запросто,Запросто,https://www.banki.ru/products/credits/credit/5232/,https://cdn.banki.ru/cdn/bank/96003_mobile_logo_url.png,24.02.2026 11:07,96003,960031,bank,Банк Синара,https://cdn.banki.ru/cdn/bank/96003_mobile_logo_url.png,705,www.sinara.ru,8 800 100-06-00,"620026, г. Екатеринбург, ул. Куйбышева, д. 75",skb-bank,RUB,https://www.banki.ru/products/credits/credit/5232/,5.4,39.0,,51000,5440000,,365,1825,1y,5y,,667fa78e1ff30b1a98ef55a19a50e32c544efd6d09294e834fb5cf05129ed03c,True,2026-08-24 13:50:38,,"5,4–39%",,,51 000–5 440 000 ₽,4,,,,,,,,
17191,510603,credit,Бюджетный (с обеспечением),Бюджетный (с обеспечением),https://www.banki.ru/products/credits/credit/5106/,https://cdn.banki.ru/cdn/bank/196653_mobile_logo_url.png,28.11.2025 17:25,196653,1966531,bank,Банк «Элита»,https://cdn.banki.ru/cdn/bank/196653_mobile_logo_url.png,1399,www.bankelita.ru,+7 (4842) 72-14-65,"248000, г. Калуга, ул. Московская, д. 6",elita,RUB,https://www.banki.ru/products/credits/credit/5106/,21.5,22.0,,900001,10000000,,31,1825,1y,5y,,fa42b9b5803d888aba19c6a3c03308b4a6af6917fdac70aa52ac0449bd8cf0d9,True,2026-08-24 13:50:38,,"21,5–22%",,,900 001–10 000 000 ₽,4,,,,,,,,
16853,330303,credit,Бюджетный,Бюджетный,https://www.banki.ru/products/credits/credit/3303/,https://cdn.banki.ru/cdn/bank/196653_mobile_logo_url.png,28.11.2025 17:24,196653,1966531,bank,Банк «Элита»,https://cdn.banki.ru/cdn/bank/196653_mobile_logo_url.png,1399,www.bankelita.ru,+7 (4842) 72-14-65,"248000, г. Калуга, ул. Московская, д. 6",elita,RUB,https://www.banki.ru/products/credits/credit/3303/,21.5,22.0,,50000,900000,,31,1825,1y,5y,,de79aef881a1f3d3646b0fc703e7e786529dbf48d4f136295fb4fab4eb1a0ff3,True,2026-08-24 13:50:38,,"21,5–22%",,,50 000–900 000 ₽,4,,,,,,,,
17228,515603,credit,Особый,Особый,https://www.banki.ru/products/credits/credit/5156/,https://cdn.banki.ru/cdn/bank/196653_mobile_logo_url.png,28.11.2025 17:23,196653,1966531,bank,Банк «Элита»,https://cdn.banki.ru/cdn/bank/196653_mobile_logo_url.png,1399,www.bankelita.ru,+7 (4842) 72-14-65,"248000, г. Калуга, ул. Московская, д. 6",elita,RUB,https://www.banki.ru/products/credits/credit/5156/,23.5,23.5,,10000,200000,,31,1825,1m,5y,,d439722af327ea97580726b4048c954f2a1fa9448e1e9c694f76f4d3812012b6,True,2026-08-24 13:50:38,,"23,5%",,,10 000–200 000 ₽,4,,,,,,,,
17192,510703,credit,Потребительский (с обеспечением),Потребительский (с обеспечением),https://www.banki.ru/products/credits/credit/5107/,https://cdn.banki.ru/cdn/bank/196653_mobile_logo_url.png,28.11.2025 17:23,196653,1966531,bank,Банк «Элита»,https://cdn.banki.ru/cdn/bank/196653_mobile_logo_url.png,1399,www.bankelita.ru,+7 (4842) 72-14-65,"248000, г. Калуга, ул. Московская, д. 6",elita,RUB,https://www.banki.ru/products/credits/credit/5107/,25.0,25.0,,300001,10000000,,31,1825,1m,5y,,97b20e08de5a374a9e2970918cebd92ac43defbe7fd8f02ec6bffe2efc7ecd7b,True,2026-08-24 13:50:38,,25%,,,300 001–10 000 000 ₽,4,,,,,,,,
16854,330703,credit,Потребительский,Потребительский,https://www.banki.ru/products/credits/credit/3307/,https://cdn.banki.ru/cdn/bank/196653_mobile_logo_url.png,28.11.2025 17:23,196653,1966531,bank,Банк «Элита»,https://cdn.banki.ru/cdn/bank/196653_mobile_logo_url.png,1399,www.bankelita.ru,+7 (4842) 72-14-65,"248000, г. Калуга, ул. Московская, д. 6",elita,RUB,https://www.banki.ru/products/credits/credit/3307/,25.0,25.0,,50000,300000,,31,1825,1m,5y,,8f184f046fee05db1160f5411ce417167c7e0b7f53dd3844d03e11788815d644,True,2026-08-24 13:50:38,,25%,,,50 000–300 000 ₽,4,,,,,,,,
19311,403,credit,На любые цели под залог недвижимости,На любые цели под залог недвижимости,https://www.banki.ru/products/credits/credit/4/,https://cdn.banki.ru/cdn/bank/322_mobile_logo_url.png,22.12.2025 13:16,322,3221,bank,Сбербанк,https://cdn.banki.ru/cdn/bank/322_mobile_logo_url.png,1481,www.sberbank.ru,8 800 555-55-50,"117997, г. Москва, ул. Вавилова, д. 19",sberbank,RUB,https://www.banki.ru/products/credits/credit/4/,17.7,18.7,,300000,20000000,,365,10950,1y,30y,,67b56118ee0273fcf0320720d0f9736d581f68abc371e507d3d2f4317ac61558,True,2026-08-24 13:50:38,,"17,7–18,7%",,,300 000–20 000 000 ₽,4,,,,,,,,
19357,377603,credit,На любые цели под залог недвижимости,На любые цели под залог недвижимости,https://www.banki.ru/products/credits/credit/3776/,https://cdn.banki.ru/cdn/bank/2764_mobile_logo_url.png,22.12.2025 13:06,2764,27641,bank,Газпромбанк,https://cdn.banki.ru/cdn/bank/2764_mobile_logo_url.png,354,www.gazprombank.ru,8 800 300-60-90,"117420, г. Москва, ул. Наметкина, д. 16, корп. 1.",gazprombank,RUB,https://www.banki.ru/products/credits/credit/3776/,10.6,28.6,,500000,30000000,,1460,7300,4y,20y,,ab985ca39fde6a32fec45e494a34a1ae1ad837473ee0043e9649273b8942c76f,True,2026-08-24 13:50:38,,"10,6–28,6%",,,500 000–30 000 000 ₽,4,,,,,,,,
25516,21121003,credit,Наличными (без визита в банк) ,Наличными (без визита в банк) ,https://www.banki.ru/products/credits/credit/211210/,,15.07.2026 17:05,14,141,bank,Локо-Банк,,2707,www.lockobank.ru,8 800 250-50-50,"125167, г. Москва, Ленинградский просп., д. 39, стр. 80",bloko,RUB,https://www.banki.ru/products/credits/credit/211210/,16.0,55.9,,50000,6000000,,365,2555,1y,7y,,03e2d55691e740fc654399a963aa8d3ab98f6816161134411c40120d8d64265b,True,2026-08-24 13:50:38,,"16–55,9%",,,50 000–6 000 000 ₽,4,,,,,,,,
17280,523203,credit,Запросто,Запросто,https://www.banki.ru/products/credits/credit/5232/,https://cdn.banki.ru/cdn/bank/96003_mobile_logo_url.png,31.03.2026 11:31,96003,960031,bank,Банк Синара,https://cdn.banki.ru/cdn/bank/96003_mobile_logo_url.png,705,www.sinara.ru,8 800 100-06-00,"620026, г. Екатеринбург, ул. Куйбышева, д. 75",skb-bank,RUB,https://www.banki.ru/products/credits/credit/5232/,11.9,39.0,,51000,5440000,,365,1825,1y,5y,,d3b00214e9ddbcd194be497e0319aa56e37adf596edddce73ae18c9aa57a984b,True,2026-08-24 13:50:38,,"11,9–39%",,,51 000–5 440 000 ₽,4,,,,,,,,
17280,523203,credit,Запросто,Запросто,https://www.banki.ru/products/credits/credit/5232/,https://cdn.banki.ru/cdn/bank/96003_mobile_logo_url.png,08.07.2026 11:18,96003,960031,bank,Банк Синара,https://cdn.banki.ru/cdn/bank/96003_mobile_logo_url.png,705,www.sinara.ru,8 800 100-06-00,"620026, г. Екатеринбург, ул. Куйбышева, д. 75",skb-bank,RUB,https://www.banki.ru/products/credits/credit/5232/,11.9,37.0,,51000,5440000,,365,1825,1y,5y,,ae6993fd2c6c4d7412139a7388344df2921d0d0ef39d7dd2671d5b304027e30e,True,2026-08-24 13:50:38,,"11,9–37%",,,51 000–5 440 000 ₽,4,,,,,,,,
16990,437703,credit,Лёгкий,Лёгкий,https://www.banki.ru/products/credits/credit/4377/,https://cdn.banki.ru/cdn/bank/190143_mobile_logo_url.png,21.11.2025 17:30,190143,1901431,bank,Банк «Вологжанин»,https://cdn.banki.ru/cdn/bank/190143_mobile_logo_url.png,1896,www.bankvl.ru,+7 (8172) 21-01-01,"160000, г. Вологда, ул. Козленская, д. 10
",vologzhanin,RUB,https://www.banki.ru/products/credits/credit/4377/,26.0,33.0,,50000,1000000,,730,1825,2y,5y,,21a73656d78e24db6f0f68353e8374fd3726f9aa26e9a8d785e909e48c387284,True,2026-08-24 13:50:38,,26–33%,,,50 000–1 000 000 ₽,4,,,,,,,,
17004,441403,credit,Пенсионный,Пенсионный,https://www.banki.ru/products/credits/credit/4414/,https://cdn.banki.ru/cdn/bank/190143_mobile_logo_url.png,30.12.2025 17:32,190143,1901431,bank,Банк «Вологжанин»,https://cdn.banki.ru/cdn/bank/190143_mobile_logo_url.png,1896,www.bankvl.ru,+7 (8172) 21-01-01,"160000, г. Вологда, ул. Козленская, д. 10",vologzhanin,RUB,https://www.banki.ru/products/credits/credit/4414/,26.0,32.0,,50000,750000,,730,1825,2y,5y,,58557c0320fc866083e47e0e9a232c8a4d35048de832e5d3b0227c06caf65fec,True,2026-08-24 13:50:38,,26–32%,,,50 000–750 000 ₽,4,,,,,,,,
19480,20104603,credit,Залоговый (для бюджетников),Залоговый (для бюджетников),https://www.banki.ru/products/credits/credit/201046/,https://cdn.banki.ru/cdn/bank/190143_mobile_logo_url.png,07.04.2026 16:57,190143,1901431,bank,Банк «Вологжанин»,https://cdn.banki.ru/cdn/bank/190143_mobile_logo_url.png,1896,www.bankvl.ru,+7 (8172) 21-01-01,"160000, г. Вологда, ул. Козленская, д. 10",vologzhanin,RUB,https://www.banki.ru/products/credits/credit/201046/,22.5,31.5,,1000000,10000000,,730,2555,1m5y,7y,,3ff362bb0455cee20ba7d71bf650edcfa12d95d490403c4cee3317d69ab6361c,True,2026-08-24 13:50:38,,"22,5–31,5%",,,1 000 000–10 000 000 ₽,4,,,,,,,,
19388,452903,credit,Залоговый,Залоговый,https://www.banki.ru/products/credits/credit/4529/,https://cdn.banki.ru/cdn/bank/190143_mobile_logo_url.png,07.04.2026 16:55,190143,1901431,bank,Банк «Вологжанин»,https://cdn.banki.ru/cdn/bank/190143_mobile_logo_url.png,1896,www.bankvl.ru,+7 (8172) 21-01-01,"160000, г. Вологда, ул. Козленская, д. 10",vologzhanin,RUB,https://www.banki.ru/products/credits/credit/4529/,23.0,31.0,,300000,10000000,,730,2555,1m5y,7y,,88f168a4fe13e09f8ab6a8ab598e9ac9b9f40f963eef9283dbfcb3c6a9efdd61,True,2026-08-24 13:50:38,,23–31%,,,300 000–10 000 000 ₽,4,,,,,,,,
16975,422803,credit,Под залог авто,Под залог авто,https://www.banki.ru/products/credits/credit/4228/,https://cdn.banki.ru/cdn/bank/190143_mobile_logo_url.png,07.04.2026 16:38,190143,1901431,bank,Банк «Вологжанин»,https://cdn.banki.ru/cdn/bank/190143_mobile_logo_url.png,1896,www.bankvl.ru,+7 (8172) 21-01-01,"160000, г. Вологда, ул. Козленская, д. 10",vologzhanin,RUB,https://www.banki.ru/products/credits/credit/4228/,24.0,31.0,,300000,5000000,,730,1825,2y,5y,,4ffba2d79e10051f40df2d1f6dd794ea874615a2e2a0215e6079004855af6de9,True,2026-08-24 13:50:38,,24–31%,,,300 000–5 000 000 ₽,4,,,,,,,,
18175,20112203,credit,Лёгкий для бюджетников,Лёгкий для бюджетников,https://www.banki.ru/products/credits/credit/201122/,https://cdn.banki.ru/cdn/bank/190143_mobile_logo_url.png,07.04.2026 16:33,190143,1901431,bank,Банк «Вологжанин»,https://cdn.banki.ru/cdn/bank/190143_mobile_logo_url.png,1896,www.bankvl.ru,+7 (8172) 21-01-01,"160000, г. Вологда, ул. Козленская, д. 10",vologzhanin,RUB,https://www.banki.ru/products/credits/credit/201122/,24.0,29.0,,100000,1400000,,730,1825,2y,5y,,14c580df567a39ee3073a622427faff34923cb6d7670f1f34b57869d252e863f,True,2026-08-24 13:50:38,,24–29%,,,100 000–1 400 000 ₽,4,,,,,,,,
16991,437803,credit,С поручителем,С поручителем,https://www.banki.ru/products/credits/credit/4378/,https://cdn.banki.ru/cdn/bank/190143_mobile_logo_url.png,07.04.2026 16:40,190143,1901431,bank,Банк «Вологжанин»,https://cdn.banki.ru/cdn/bank/190143_mobile_logo_url.png,1896,www.bankvl.ru,+7 (8172) 21-01-01,"160000, г. Вологда, ул. Козленская, д. 10",vologzhanin,RUB,https://www.banki.ru/products/credits/credit/4378/,24.5,31.5,,50000,3000000,,730,1825,2y,5y,,98e189ea6b0d8c2cd989b0677056213c6ac7c2fffc8020bb49e9ed9bf372581b,True,2026-08-24 13:50:38,,"24,5–31,5%",,,50 000–3 000 000 ₽,4,,,,,,,,
17004,441403,credit,Пенсионный,Пенсионный,https://www.banki.ru/products/credits/credit/4414/,https://cdn.banki.ru/cdn/bank/190143_mobile_logo_url.png,07.04.2026 16:31,190143,1901431,bank,Банк «Вологжанин»,https://cdn.banki.ru/cdn/bank/190143_mobile_logo_url.png,1896,www.bankvl.ru,+7 (8172) 21-01-01,"160000, г. Вологда, ул. Козленская, д. 10",vologzhanin,RUB,https://www.banki.ru/products/credits/credit/4414/,25.0,32.0,,50000,750000,,730,1825,2y,5y,,0ccb458e6f60465f49476077fa4ad2103229e50329cdb3b1557497bb05eef503,True,2026-08-24 13:50:38,,25–32%,,,50 000–750 000 ₽,4,,,,,,,,
19380,438703,credit,Под залог недвижимости,Под залог недвижимости,https://www.banki.ru/products/credits/credit/4387/,https://cdn.banki.ru/cdn/bank/63520_mobile_logo_url.png,04.12.2025 19:03,63520,635201,bank,Уралсиб,https://cdn.banki.ru/cdn/bank/63520_mobile_logo_url.png,30,www.uralsib.ru,8 800 250-57-57,"119048, г. Москва, ул. Ефремова, д. 8
",uralsib,RUB,https://www.banki.ru/products/credits/credit/4387/,21.0,23.0,,900000,20000000,,365,5475,1y,15y,,a9928eb853cb83715672798071ececdb5b1cc063162393c429a94e5f653c3c83,True,2026-08-24 13:50:38,,21–23%,,,900 000–20 000 000 ₽,4,,,,,,,,
19480,20104603,credit,Залоговый (для бюджетников),Залоговый (для бюджетников),https://www.banki.ru/products/credits/credit/201046/,https://cdn.banki.ru/cdn/bank/190143_mobile_logo_url.png,16.12.2025 17:29,190143,1901431,bank,Банк «Вологжанин»,https://cdn.banki.ru/cdn/bank/190143_mobile_logo_url.png,1896,www.bankvl.ru,+7 (8172) 21-01-01,"160000, г. Вологда, ул. Козленская, д. 10
",vologzhanin,RUB,https://www.banki.ru/products/credits/credit/201046/,24.0,33.0,,1000000,10000000,,730,2555,1m5y,7y,,fffe7ee84de669bf62bcc7d282f769bb686eada543e328692aa32a4388fdcf95,True,2026-08-24 13:50:38,,24–33%,,,1 000 000–10 000 000 ₽,4,,,,,,,,
19388,452903,credit,Залоговый,Залоговый,https://www.banki.ru/products/credits/credit/4529/,https://cdn.banki.ru/cdn/bank/190143_mobile_logo_url.png,16.12.2025 17:38,190143,1901431,bank,Банк «Вологжанин»,https://cdn.banki.ru/cdn/bank/190143_mobile_logo_url.png,1896,www.bankvl.ru,+7 (8172) 21-01-01,"160000, г. Вологда, ул. Козленская, д. 10
",vologzhanin,RUB,https://www.banki.ru/products/credits/credit/4529/,25.0,35.0,,300000,10000000,,730,2555,1m5y,7y,,c3e07a72c889658bf49261054142d099d32dd5b96fcaa1b897cb4493b0408080,True,2026-08-24 13:50:38,,25–35%,,,300 000–10 000 000 ₽,4,,,,,,,,
16975,422803,credit,Под залог авто,Под залог авто,https://www.banki.ru/products/credits/credit/4228/,https://cdn.banki.ru/cdn/bank/190143_mobile_logo_url.png,16.12.2025 17:20,190143,1901431,bank,Банк «Вологжанин»,https://cdn.banki.ru/cdn/bank/190143_mobile_logo_url.png,1896,www.bankvl.ru,+7 (8172) 21-01-01,"160000, г. Вологда, ул. Козленская, д. 10
",vologzhanin,RUB,https://www.banki.ru/products/credits/credit/4228/,25.0,33.0,,300000,5000000,,730,1825,2y,5y,,59f44149a5c568769b3e869c70c42a145c281140abdb22d6fc886c14c7f88ae5,True,2026-08-24 13:50:38,,25–33%,,,300 000–5 000 000 ₽,4,,,,,,,,
18175,20112203,credit,Лёгкий для бюджетников,Лёгкий для бюджетников,https://www.banki.ru/products/credits/credit/201122/,https://cdn.banki.ru/cdn/bank/190143_mobile_logo_url.png,16.12.2025 17:13,190143,1901431,bank,Банк «Вологжанин»,https://cdn.banki.ru/cdn/bank/190143_mobile_logo_url.png,1896,www.bankvl.ru,+7 (8172) 21-01-01,"160000, г. Вологда, ул. Козленская, д. 10
",vologzhanin,RUB,https://www.banki.ru/products/credits/credit/201122/,25.0,30.0,,100000,1400000,,730,1825,2y,5y,,6fd6b8172d5073104c6b08c60fa5fea80c8579dbebe2c952a8721c4a2dd8f93c,True,2026-08-24 13:50:38,,25–30%,,,100 000–1 400 000 ₽,4,,,,,,,,
16990,437703,credit,Лёгкий,Лёгкий,https://www.banki.ru/products/credits/credit/4377/,https://cdn.banki.ru/cdn/bank/190143_mobile_logo_url.png,16.12.2025 17:12,190143,1901431,bank,Банк «Вологжанин»,https://cdn.banki.ru/cdn/bank/190143_mobile_logo_url.png,1896,www.bankvl.ru,+7 (8172) 21-01-01,"160000, г. Вологда, ул. Козленская, д. 10
",vologzhanin,RUB,https://www.banki.ru/products/credits/credit/4377/,25.0,30.0,,50000,1000000,,730,1825,2y,5y,,29262978c67e994c5b7aabb59349fc36e8a4b24542b75e5a713b06f21a8a9aef,True,2026-08-24 13:50:38,,25–30%,,,50 000–1 000 000 ₽,4,,,,,,,,
16991,437803,credit,С поручителем,С поручителем,https://www.banki.ru/products/credits/credit/4378/,https://cdn.banki.ru/cdn/bank/190143_mobile_logo_url.png,16.12.2025 17:15,190143,1901431,bank,Банк «Вологжанин»,https://cdn.banki.ru/cdn/bank/190143_mobile_logo_url.png,1896,www.bankvl.ru,+7 (8172) 21-01-01,"160000, г. Вологда, ул. Козленская, д. 10
",vologzhanin,RUB,https://www.banki.ru/products/credits/credit/4378/,25.5,32.5,,50000,3000000,,730,1825,2y,5y,,5bc32b4b3cc5ac863308940c5ca760d7105138958775b57f69577822b5d95232,True,2026-08-24 13:50:38,,"25,5–32,5%",,,50 000–3 000 000 ₽,4,,,,,,,,
17004,441403,credit,Пенсионный,Пенсионный,https://www.banki.ru/products/credits/credit/4414/,https://cdn.banki.ru/cdn/bank/190143_mobile_logo_url.png,16.12.2025 17:07,190143,1901431,bank,Банк «Вологжанин»,https://cdn.banki.ru/cdn/bank/190143_mobile_logo_url.png,1896,www.bankvl.ru,+7 (8172) 21-01-01,"160000, г. Вологда, ул. Козленская, д. 10
",vologzhanin,RUB,https://www.banki.ru/products/credits/credit/4414/,26.0,33.0,,50000,750000,,730,1825,2y,5y,,abbc81c56f677f2845ff453ee1aada750765b2da6b59a221bbb4d409abbaccde,True,2026-08-24 13:50:38,,26–33%,,,50 000–750 000 ₽,4,,,,,,,,
19314,54103,credit,Под залог недвижимости,Под залог недвижимости,https://www.banki.ru/products/credits/credit/541/,https://cdn.banki.ru/cdn/bank/191048_mobile_logo_url.png,09.12.2025 18:03,191048,1910481,bank,СЕВЕРГАЗБАНК,https://cdn.banki.ru/cdn/bank/191048_mobile_logo_url.png,2816,www.severgazbank.ru,8 800 700-25-52,"160001, г. Вологда, ул. Благовещенская, д. 3
",severgazbank,RUB,https://www.banki.ru/products/credits/credit/541/,22.8,24.8,,500000,5000000,,365,7300,1y,20y,,8cd9e9bc506ee037c664a3a4b368249e08e133319f907144643c09d41283b00c,True,2026-08-24 13:50:38,,"22,8–24,8%",,,500 000–5 000 000 ₽,4,,,,,,,,
17232,516103,credit,Доступный,Доступный,https://www.banki.ru/products/credits/credit/5161/,https://cdn.banki.ru/cdn/bank/191048_mobile_logo_url.png,09.12.2025 17:57,191048,1910481,bank,СЕВЕРГАЗБАНК,https://cdn.banki.ru/cdn/bank/191048_mobile_logo_url.png,2816,www.severgazbank.ru,8 800 700-25-52,"160001, г. Вологда, ул. Благовещенская, д. 3
",severgazbank,RUB,https://www.banki.ru/products/credits/credit/5161/,29.4,30.9,,50000,2500000,,397,1825,13m,5y,,e779897cb00a83442af787ff3a9fb7faaea441f3918a88e3171eb498b4643209,True,2026-08-24 13:50:38,,"29,4–30,9%",,,50 000–2 500 000 ₽,4,,,,,,,,
16919,385303,credit,Топ-менеджер,Топ-менеджер,https://www.banki.ru/products/credits/credit/3853/,,18.12.2025 16:44,195603,1956031,bank,Крона-Банк,,2499,www.krona-bank.ru,+7 (3952) 25-25-05,"664007, г. Иркутск, ул. Дзержинского, д. 29
",krona-bank,RUB,https://www.banki.ru/products/credits/credit/3853/,22.5,24.5,,500000,5000000,,92,1825,1m3y,5y,,9226db34b2814719e5a988040ec77e96ba3da3d19bb277b018bd1992eacea05e,True,2026-08-24 13:50:38,,"22,5–24,5%",,,500 000–5 000 000 ₽,4,,,,,,,,
16868,345903,credit,Наличными — Акция,Наличными — Акция,https://www.banki.ru/products/credits/credit/3459/,https://cdn.banki.ru/cdn/bank/192841_mobile_logo_url.png,18.12.2025 17:53,192841,1928411,bank,Энергобанк,https://cdn.banki.ru/cdn/bank/192841_mobile_logo_url.png,67,www.energobank.ru,8 800-350-54-58,"420111, г. Казань, ул. Пушкина, д. 13/52
",energobank,RUB,https://www.banki.ru/products/credits/credit/3459/,25.5,32.0,,100000,2500000,,397,2555,13m,7y,,488a367059a56abd306abfc430a094ef36a8e49abc49b2aa2dc1461b8271b016,True,2026-08-24 13:50:38,,"25,5–32%",,,100 000–2 500 000 ₽,4,,,,,,,,
18178,20112503,credit,Наличными (без визита в банк),Наличными (без визита в банк),https://www.banki.ru/products/credits/credit/201125/,https://cdn.banki.ru/cdn/bank/9183_mobile_logo_url.png,18.12.2025 17:29,9183,91831,bank,Локо-Банк,https://cdn.banki.ru/cdn/bank/9183_mobile_logo_url.png,2707,www.lockobank.ru,8 800 250-50-50,"125167, г. Москва, Ленинградский просп., д. 39, стр. 80
",locko-bank,RUB,https://www.banki.ru/products/credits/credit/201125/,25.9,49.9,,50000,5000000,,365,2555,1y,7y,,953fa706cdce06f01ca9d83c659b9ab629a09518967e2d4bc918c8fc6154ec56,True,2026-08-24 13:50:38,,"25,9–49,9%",,,50 000–5 000 000 ₽,4,,,,,,,,
19824,20115403,credit,Под залог недвижимости,Под залог недвижимости,https://www.banki.ru/products/credits/credit/201154/,https://cdn.banki.ru/cdn/bank/16995_mobile_logo_url.png,16.12.2025 16:03,16995,169951,bank,ВБРР,https://cdn.banki.ru/cdn/bank/16995_mobile_logo_url.png,3287,www.vbrr.ru,8 800 700-03-49 ,"129594, г. Москва, ул. Сущевский вал, д. 65, корп. 1
",vbrr,RUB,https://www.banki.ru/products/credits/credit/201154/,21.9,23.4,,500000,60000000,,1825,10950,5y,30y,,4cff51c6319894aeb5e9d8de18c433a411f60ed494bb5b8c230d35d0dc959429,True,2026-08-24 13:50:38,,"21,9–23,4%",,,500 000–60 000 000 ₽,4,,,,,,,,
19363,389403,credit,На любые цели (под залог недвижимости),На любые цели (под залог недвижимости),https://www.banki.ru/products/credits/credit/3894/,https://cdn.banki.ru/cdn/bank/124449_mobile_logo_url.png,08.12.2025 17:47,124449,1244491,bank,Центр-инвест,https://cdn.banki.ru/cdn/bank/124449_mobile_logo_url.png,2225,www.centrinvest.ru,+7 (863) 200-00-00,"344000, г. Ростов-на-Дону, просп. Соколова, д. 62
",centr-invest,RUB,https://www.banki.ru/products/credits/credit/3894/,23.0,23.25,,1000000,100000000,,365,2555,1y,7y,,e79f80614e915affceac714339edeb79170203aa1bd884acc68d0f598a6307ca,True,2026-08-24 13:50:38,,"23–23,25%",,,1 000 000–100 000 000 ₽,4,,,,,,,,
16948,402703,credit,На любые цели,На любые цели,https://www.banki.ru/products/credits/credit/4027/,https://cdn.banki.ru/cdn/bank/124449_mobile_logo_url.png,08.12.2025 17:46,124449,1244491,bank,Центр-инвест,https://cdn.banki.ru/cdn/bank/124449_mobile_logo_url.png,2225,www.centrinvest.ru,+7 (863) 200-00-00,"344000, г. Ростов-на-Дону, просп. Соколова, д. 62
",centr-invest,RUB,https://www.banki.ru/products/credits/credit/4027/,23.25,24.0,,10000,1000000,,365,1825,1y,5y,,269ebbe38a31433fdd3e1d0accc86bdf569ed0606cb131a2a59ab14c919ecfb1,True,2026-08-24 13:50:38,,"23,25–24%",,,10 000–1 000 000 ₽,4,,,,,,,,
19482,20105203,credit,Для самозанятых (с обеспечением),Для самозанятых (с обеспечением),https://www.banki.ru/products/credits/credit/201052/,https://cdn.banki.ru/cdn/bank/124449_mobile_logo_url.png,08.12.2025 17:58,124449,1244491,bank,Центр-инвест,https://cdn.banki.ru/cdn/bank/124449_mobile_logo_url.png,2225,www.centrinvest.ru,+7 (863) 200-00-00,"344000, г. Ростов-на-Дону, просп. Соколова, д. 62
",centr-invest,RUB,https://www.banki.ru/products/credits/credit/201052/,23.75,24.0,,3000000,100000000,,365,1825,1y,5y,,7a9e59c2e00cb84fd2dbe235bca8f664ff5fb7e629bd44569efe71c09344d929,True,2026-08-24 13:50:38,,"23,75–24%",,,3 000 000–100 000 000 ₽,4,,,,,,,,
17648,20105103,credit,Для самозанятых,Для самозанятых,https://www.banki.ru/products/credits/credit/201051/,https://cdn.banki.ru/cdn/bank/124449_mobile_logo_url.png,08.12.2025 17:54,124449,1244491,bank,Центр-инвест,https://cdn.banki.ru/cdn/bank/124449_mobile_logo_url.png,2225,www.centrinvest.ru,+7 (863) 200-00-00,"344000, г. Ростов-на-Дону, просп. Соколова, д. 62
",centr-invest,RUB,https://www.banki.ru/products/credits/credit/201051/,23.75,24.0,,10000,3000000,,365,1825,1y,5y,,7fd4cbc8fce215da807273da9b0963059a101c0d5d6334e1bcd415ee2d613fc4,True,2026-08-24 13:50:38,,"23,75–24%",,,10 000–3 000 000 ₽,4,,,,,,,,
17280,523203,credit,Запросто,Запросто,https://www.banki.ru/products/credits/credit/5232/,https://cdn.banki.ru/cdn/bank/96003_mobile_logo_url.png,18.03.2026 12:17,96003.0,960031.0,bank,Банк Синара,https://cdn.banki.ru/cdn/bank/96003_mobile_logo_url.png,705,www.sinara.ru,8 800 100-06-00,"620026, г. Екатеринбург, ул. Куйбышева, д. 75",skb-bank,RUB,https://www.banki.ru/products/credits/credit/5232/,11.9,39.0,,51000,5440000,,365,1825,1y,5y,,0996c3587d76cdedba3e43f8c628b4ee84132f51855547c400f58565705f3062,True,2026-08-24 13:50:38,,"11,9–39%",,,51 000–5 440 000 ₽,4,,,,,,,,
19306,20113103,credit,Под залог недвижимости «Большая покупка»,Под залог недвижимости «Большая покупка»,https://www.banki.ru/products/credits/credit/201131/,https://cdn.banki.ru/cdn/bank/96003_mobile_logo_url.png,18.03.2026 13:08,96003.0,960031.0,bank,Банк Синара,https://cdn.banki.ru/cdn/bank/96003_mobile_logo_url.png,705,www.sinara.ru,8 800 100-06-00,"620026, г. Екатеринбург, ул. Куйбышева, д. 75",skb-bank,RUB,https://www.banki.ru/products/credits/credit/201131/,10.4,23.5,,700000,13750000,,365,5475,1y,15y,,47ec45cb5295af60c5b1e5efd3b391535529b38822859a426f45b1d89d77b328,True,2026-08-24 13:50:38,,"10,4–23,5%",,,700 000–13 750 000 ₽,4,,,,,,,,
16731,103,credit,На любые цели,На любые цели,https://www.banki.ru/products/credits/credit/1/,https://cdn.banki.ru/cdn/bank/322_mobile_logo_url.png,18.03.2026 11:58,322.0,3221.0,bank,Сбербанк,https://cdn.banki.ru/cdn/bank/322_mobile_logo_url.png,1481,www.sberbank.ru,8 800 555-55-50,"117997, г. Москва, ул. Вавилова, д. 19",sberbank,RUB,https://www.banki.ru/products/credits/credit/1/,19.4,49.9,,10000,30000000,,31,1825,1m,5y,,11d443b042fa67d4f29aa6b51dd44c259d911e4b72f18f5e8c6845ba3b12d6f5,True,2026-08-24 13:50:38,,"19,4–49,9%",,,10 000–30 000 000 ₽,4,,,,,,,,
19311,403,credit,На любые цели под залог недвижимости,На любые цели под залог недвижимости,https://www.banki.ru/products/credits/credit/4/,https://cdn.banki.ru/cdn/bank/322_mobile_logo_url.png,18.03.2026 12:02,322.0,3221.0,bank,Сбербанк,https://cdn.banki.ru/cdn/bank/322_mobile_logo_url.png,1481,www.sberbank.ru,8 800 555-55-50,"117997, г. Москва, ул. Вавилова, д. 19",sberbank,RUB,https://www.banki.ru/products/credits/credit/4/,17.7,33.066,,200000,20000000,,365,10950,1y,30y,,4fb92739cdc10e8f16537b49d53afada184f14e3f4433458548d68c6e6dc4316,True,2026-08-24 13:50:38,,"17,7–33,066%",,,200 000–20 000 000 ₽,4,,,,,,,,
16741,17903,credit,Образовательный,Образовательный,https://www.banki.ru/products/credits/credit/179/,https://cdn.banki.ru/cdn/bank/322_mobile_logo_url.png,12.03.2026 15:00,322.0,3221.0,bank,Сбербанк,https://cdn.banki.ru/cdn/bank/322_mobile_logo_url.png,1481,www.sberbank.ru,8 800 555-55-50,"117997, г. Москва, ул. Вавилова, д. 19",sberbank,RUB,https://www.banki.ru/products/credits/credit/179/,3.0,3.0,,10000,10000000,,5475,5475,15y,15y,,d4c6dc3590bbd80648fbaec76d67f467c3cd51b0b5d5e88f0ee8798b6d82af1e,True,2026-08-24 13:50:38,,3%,,,10 000–10 000 000 ₽,4,,,,,,,,
19810,21114903,credit,Классика,Классика,https://www.banki.ru/products/credits/credit/211149/,https://cdn.banki.ru/cdn/bank/351_mobile_logo_url.png,18.03.2026 12:18,351.0,3511.0,bank,Русский Стандарт,https://cdn.banki.ru/cdn/bank/351_mobile_logo_url.png,2289,www.rsb.ru,+7 (495) 748-07-48,"105187, г. Москва, ул. Ткацкая, д. 36",rsb,RUB,https://www.banki.ru/products/credits/credit/211149/,16.9,51.0,,30000,3000000,,30,1825,1m,5y,,120a26e04bff97448c16728b315cb921565b0c2c97cfc3f92620eb60b1702083,True,2026-08-24 13:50:38,,"16,9–51%",,,30 000–3 000 000 ₽,4,,,,,,,,
16978,424703,credit,Наличными,Наличными,https://www.banki.ru/products/credits/credit/4247/,https://cdn.banki.ru/cdn/bank/351_mobile_logo_url.png,18.03.2026 12:17,351.0,3511.0,bank,Русский Стандарт,https://cdn.banki.ru/cdn/bank/351_mobile_logo_url.png,2289,www.rsb.ru,+7 (495) 748-07-48,"105187, г. Москва, ул. Ткацкая, д. 36",rsb,RUB,https://www.banki.ru/products/credits/credit/4247/,24.9,65.0,,30000,3000000,,31,1825,1m,5y,,ac2c261963a521bf86ef750d1bfda2b7575ff8d856c1e7558238687edea1cb44,True,2026-08-24 13:50:38,,"24,9–65%",,,30 000–3 000 000 ₽,4,,,,,,,,
18157,20111303,credit,Под залог авто,Под залог авто,https://www.banki.ru/products/credits/credit/201113/,https://cdn.banki.ru/cdn/bank/351_mobile_logo_url.png,03.03.2026 12:09,351.0,3511.0,bank,Русский Стандарт,https://cdn.banki.ru/cdn/bank/351_mobile_logo_url.png,2289,www.rsb.ru,+7 (495) 748-07-48,"105187, г. Москва, ул. Ткацкая, д. 36",rsb,RUB,https://www.banki.ru/products/credits/credit/201113/,24.9,35.0,,30000,3000000,,31,3650,1m,10y,,789a20b448b83e4b4029f8f0326c5cd6eb7527e1e906b1a273ccddae583c0638,True,2026-08-24 13:50:38,,"24,9–35%",,,30 000–3 000 000 ₽,4,,,,,,,,
17033,458803,credit,Супер плюс,Супер плюс,https://www.banki.ru/products/credits/credit/4588/,https://cdn.banki.ru/cdn/bank/76620_mobile_logo_url.png,18.03.2026 10:53,76620.0,766201.0,bank,Совкомбанк,https://cdn.banki.ru/cdn/bank/76620_mobile_logo_url.png,963,www.sovcombank.ru,8 800 100-00-06,"156000, г. Кострома, просп. Текстильщиков, д. 46",sovcombank,RUB,https://www.banki.ru/products/credits/credit/4588/,19.9,36.9,,200000,3000000,,549,1825,18m,5y,,d3ab83a8308c83efacda629e24194ca978d97603f8e1dc31978e97c5d31085a2,True,2026-08-24 13:50:38,,"19,9–36,9%",,,200 000–3 000 000 ₽,4,,,,,,,,
16814,277003,credit,Стандартный плюс,Стандартный плюс,https://www.banki.ru/products/credits/credit/2770/,https://cdn.banki.ru/cdn/bank/76620_mobile_logo_url.png,18.03.2026 11:02,76620.0,766201.0,bank,Совкомбанк,https://cdn.banki.ru/cdn/bank/76620_mobile_logo_url.png,963,www.sovcombank.ru,8 800 100-00-06,"156000, г. Кострома, просп. Текстильщиков, д. 46",sovcombank,RUB,https://www.banki.ru/products/credits/credit/2770/,19.9,38.9,,50000,399999,,365,1825,5y,5y,,ea13f3aebb7b703601ab1ba65357072cd586fc00101cab0ecca14c0a6b1389b7,True,2026-08-24 13:50:38,,"19,9–38,9%",,,50 000–399 999 ₽,4,,,,,,,,
16833,306303,credit,Пенсионный плюс,Пенсионный плюс,https://www.banki.ru/products/credits/credit/3063/,https://cdn.banki.ru/cdn/bank/76620_mobile_logo_url.png,18.03.2026 11:01,76620.0,766201.0,bank,Совкомбанк,https://cdn.banki.ru/cdn/bank/76620_mobile_logo_url.png,963,www.sovcombank.ru,8 800 100-00-06,"156000, г. Кострома, просп. Текстильщиков, д. 46",sovcombank,RUB,https://www.banki.ru/products/credits/credit/3063/,19.9,37.9,,50000,399999,,365,1825,5y,5y,,a7d89c42237e49cea180958cc761bc5630d0f466d628eafe3d925ac8e2019de4,True,2026-08-24 13:50:38,,"19,9–37,9%",,,50 000–399 999 ₽,4,,,,,,,,
17115,494603,credit,Прайм «Выгодный»,Прайм «Выгодный»,https://www.banki.ru/products/credits/credit/4946/,https://cdn.banki.ru/cdn/bank/76620_mobile_logo_url.png,18.03.2026 10:53,76620.0,766201.0,bank,Совкомбанк,https://cdn.banki.ru/cdn/bank/76620_mobile_logo_url.png,963,www.sovcombank.ru,8 800 100-00-06,"156000, г. Кострома, просп. Текстильщиков, д. 46",sovcombank,RUB,https://www.banki.ru/products/credits/credit/4946/,14.9,39.9,,300000,5000000,,365,1825,1y,5y,,36b45ee458f2548a3a689247562d9f59832e455128d231ec358893b670d56cb1,True,2026-08-24 13:50:38,,"14,9–39,9%",,,300 000–5 000 000 ₽,4,,,,,,,,
17630,20103303,credit,Прайм Хит,Прайм Хит,https://www.banki.ru/products/credits/credit/201033/,https://cdn.banki.ru/cdn/bank/76620_mobile_logo_url.png,18.03.2026 11:03,76620.0,766201.0,bank,Совкомбанк,https://cdn.banki.ru/cdn/bank/76620_mobile_logo_url.png,963,www.sovcombank.ru,8 800 100-00-06,"156000, г. Кострома, просп. Текстильщиков, д. 46",sovcombank,RUB,https://www.banki.ru/products/credits/credit/201033/,14.9,39.9,,300000,5000000,,365,1825,1y,5y,,e0d00c0f9b9b0a7d5beb8d1be24b82b9a8659d00d68001d3215eae58f782026b,True,2026-08-24 13:50:38,,"14,9–39,9%",,,300 000–5 000 000 ₽,4,,,,,,,,
17600,20100203,credit,Прайм «Специальный»,Прайм «Специальный»,https://www.banki.ru/products/credits/credit/201002/,https://cdn.banki.ru/cdn/bank/76620_mobile_logo_url.png,18.03.2026 11:03,76620.0,766201.0,bank,Совкомбанк,https://cdn.banki.ru/cdn/bank/76620_mobile_logo_url.png,963,www.sovcombank.ru,8 800 100-00-06,"156000, г. Кострома, просп. Текстильщиков, д. 46",sovcombank,RUB,https://www.banki.ru/products/credits/credit/201002/,14.9,39.9,,30000,3000000,,365,1825,1y,5y,,1af7676a8af0a9dce564dc302d34437a0665f3a99276e11941e59ae2b4e204de,True,2026-08-24 13:50:38,,"14,9–39,9%",,,30 000–3 000 000 ₽,4,,,,,,,,
17673,20107603,credit,Под залог авто,Под залог авто,https://www.banki.ru/products/credits/credit/201076/,https://cdn.banki.ru/cdn/bank/76620_mobile_logo_url.png,18.03.2026 10:52,76620.0,766201.0,bank,Совкомбанк,https://cdn.banki.ru/cdn/bank/76620_mobile_logo_url.png,963,www.sovcombank.ru,8 800 100-00-06,"156000, г. Кострома, просп. Текстильщиков, д. 46",sovcombank,RUB,https://www.banki.ru/products/credits/credit/201076/,19.9,35.9,,100000,15000000,,365,3650,1y,10y,,12e02fc7a562c01cc8b2b50281a3b92bffe50b4dcf5f0579f35b19aee67760d7,True,2026-08-24 13:50:38,,"19,9–35,9%",,,100 000–15 000 000 ₽,4,,,,,,,,
16934,394503,credit,Денежный кредит под залог авто «Выгодный»,Денежный кредит под залог авто «Выгодный»,https://www.banki.ru/products/credits/credit/3945/,https://cdn.banki.ru/cdn/bank/76620_mobile_logo_url.png,18.03.2026 10:51,76620.0,766201.0,bank,Совкомбанк,https://cdn.banki.ru/cdn/bank/76620_mobile_logo_url.png,963,www.sovcombank.ru,8 800 100-00-06,"156000, г. Кострома, просп. Текстильщиков, д. 46",sovcombank,RUB,https://www.banki.ru/products/credits/credit/3945/,14.9,39.9,,150000,15000000,,365,1825,1y,5y,,a50921650ec9f5d076fd0dd1782546264949b227026c840c655813ebf08bb63b,True,2026-08-24 13:50:38,,"14,9–39,9%",,,150 000–15 000 000 ₽,4,,,,,,,,
19409,500703,credit,«Выгодный»,«Выгодный»,https://www.banki.ru/products/credits/credit/5007/,https://cdn.banki.ru/cdn/bank/76620_mobile_logo_url.png,18.03.2026 11:38,76620.0,766201.0,bank,Совкомбанк,https://cdn.banki.ru/cdn/bank/76620_mobile_logo_url.png,963,www.sovcombank.ru,8 800 100-00-06,"156000, г. Кострома, просп. Текстильщиков, д. 46",sovcombank,RUB,https://www.banki.ru/products/credits/credit/5007/,19.9,19.9,,200000,30000000,,1095,5475,3y,15y,,5eb7580ae894392ea20ede11ea061c6fcee2de8d1e982e062a252332c445511e,True,2026-08-24 13:50:38,,"19,9%",,,200 000–30 000 000 ₽,4,,,,,,,,
19367,394403,credit,Под залог недвижимости,Под залог недвижимости,https://www.banki.ru/products/credits/credit/3944/,https://cdn.banki.ru/cdn/bank/76620_mobile_logo_url.png,18.03.2026 11:38,76620.0,766201.0,bank,Совкомбанк,https://cdn.banki.ru/cdn/bank/76620_mobile_logo_url.png,963,www.sovcombank.ru,8 800 100-00-06,"156000, г. Кострома, просп. Текстильщиков, д. 46",sovcombank,RUB,https://www.banki.ru/products/credits/credit/3944/,31.9,33.9,,200000,30000000,,1095,5475,3y,15y,,5a11568e84a7742f190b0b9d04f0d2802e2b5cba688b8f65a667319910200e9e,True,2026-08-24 13:50:38,,"31,9–33,9%",,,200 000–30 000 000 ₽,4,,,,,,,,
17588,20098903,credit,Наличными,Наличными,https://www.banki.ru/products/credits/credit/200989/,https://cdn.banki.ru/cdn/bank/195706_mobile_logo_url.png,18.03.2026 11:54,195706.0,1957061.0,bank,Т-Банк,https://cdn.banki.ru/cdn/bank/195706_mobile_logo_url.png,2673,www.tbank.ru,8 800 555-10-10,"127287, г. Москва, ул. 2-я Хуторская, д.38А, стр.26",tcs,RUB,https://www.banki.ru/products/credits/credit/200989/,19.9,42.1,,50000,5000000,,365,1825,1y,5y,,3479cb2e692019fdf96f695e1efc9d6aced1e5cf69b4e7922b2c834a3cf1a1ed,True,2026-08-24 13:50:38,,"19,9–42,1%",,,50 000–5 000 000 ₽,4,,,,,,,,
17037,459703,credit,Под залог (авто),Под залог (авто),https://www.banki.ru/products/credits/credit/4597/,https://cdn.banki.ru/cdn/bank/195706_mobile_logo_url.png,18.03.2026 11:55,195706.0,1957061.0,bank,Т-Банк,https://cdn.banki.ru/cdn/bank/195706_mobile_logo_url.png,2673,www.tbank.ru,8 800 555-10-10,"127287, г. Москва, ул. 2-я Хуторская, д.38А, стр.26",tcs,RUB,https://www.banki.ru/products/credits/credit/4597/,22.9,34.9,,100000,7000000,,365,2555,1y,7y,,c7ed8817b9768f4f73101046d5652b7cb08264c3e06374745207c5708959fea3,True,2026-08-24 13:50:38,,"22,9–34,9%",,,100 000–7 000 000 ₽,4,,,,,,,,
17349,20075003,credit,На высшее образование,На высшее образование,https://www.banki.ru/products/credits/credit/200750/,https://cdn.banki.ru/cdn/bank/195706_mobile_logo_url.png,18.03.2026 11:51,195706.0,1957061.0,bank,Т-Банк,https://cdn.banki.ru/cdn/bank/195706_mobile_logo_url.png,2673,www.tbank.ru,8 800 555-10-10,"127287, г. Москва, ул. 2-я Хуторская, д.38А, стр.26",tcs,RUB,https://www.banki.ru/products/credits/credit/200750/,3.0,3.0,,5000,6000000,,365,9125,1y,25y,,baf48398b1aa5a48015092b3da6d33543390e9f0c41d3b6f389c9825ac3c8b91,True,2026-08-24 13:50:38,,3%,,,5 000–6 000 000 ₽,4,,,,,,,,
19349,342703,credit,Под залог (недвижимости),Под залог (недвижимости),https://www.banki.ru/products/credits/credit/3427/,https://cdn.banki.ru/cdn/bank/195706_mobile_logo_url.png,18.03.2026 11:40,195706.0,1957061.0,bank,Т-Банк,https://cdn.banki.ru/cdn/bank/195706_mobile_logo_url.png,2673,www.tbank.ru,8 800 555-10-10,"127287, г. Москва, ул. 2-я Хуторская, д.38А, стр.26",tcs,RUB,https://www.banki.ru/products/credits/credit/3427/,19.9,32.9,,200000,30000000,,365,5475,1y,15y,,b0353b4ed4a192e82a98626622bbf8953ff62b3f70fd77c552f57c8e7fa5b60a,True,2026-08-24 13:50:38,,"19,9–32,9%",,,200 000–30 000 000 ₽,4,,,,,,,,
17147,501903,credit,Наличными,Наличными,https://www.banki.ru/products/credits/credit/5019/,https://cdn.banki.ru/cdn/bank/16196_mobile_logo_url.png,18.03.2026 12:23,16196.0,161961.0,bank,ОТП Банк,https://cdn.banki.ru/cdn/bank/16196_mobile_logo_url.png,2766,www.otpbank.ru,+7 (495) 775-47-75,"125171, г. Москва, Ленинградское ш., д. 16а, стр. 2",otpbank,RUB,https://www.banki.ru/products/credits/credit/5019/,22.9,51.9,,15000,3000000,,365,2555,1y,7y,,c7801f3f0f2a36a61bdf1dccc004cf08e1d3a84c64dbd2453cbaa09ec31c5eee,True,2026-08-24 13:50:38,,"22,9–51,9%",,,15 000–3 000 000 ₽,4,,,,,,,,
16818,280303,credit,На любые цели ,На любые цели ,https://www.banki.ru/products/credits/credit/2803/,https://cdn.banki.ru/cdn/bank/5306_mobile_logo_url.png,18.03.2026 12:47,5306.0,53061.0,bank,ПСБ,https://cdn.banki.ru/cdn/bank/5306_mobile_logo_url.png,3251,www.psbank.ru,8 800 333-03-03,"150003, г. Ярославль, ул. Республиканская, д. 16",promsvyazbank,RUB,https://www.banki.ru/products/credits/credit/2803/,32.9,39.9,,100000,5000000,,365,1825,1y,5y,,5e48653704801b852078e72094b21add26cef4a4aa14fa29fa861de099238570,True,2026-08-24 13:50:38,,"32,9–39,9%",,,100 000–5 000 000 ₽,4,,,,,,,,
17023,455103,credit,Для работников ОПК и военнослужащих,Для работников ОПК и военнослужащих,https://www.banki.ru/products/credits/credit/4551/,https://cdn.banki.ru/cdn/bank/5306_mobile_logo_url.png,02.03.2026 17:38,5306.0,53061.0,bank,ПСБ,https://cdn.banki.ru/cdn/bank/5306_mobile_logo_url.png,3251,www.psbank.ru,8 800 333-03-03,"150003, г. Ярославль, ул. Республиканская, д. 16",promsvyazbank,RUB,https://www.banki.ru/products/credits/credit/4551/,27.9,37.9,,100000,5000000,,365,2555,1y,7y,,5201064fa3dc7f97ca5881785891ee1aaadf0827cf7180d74f5ca01832b8f675,True,2026-08-24 13:50:38,,"27,9–37,9%",,,100 000–5 000 000 ₽,4,,,,,,,,
16893,362003,credit,Наличными,Наличными,https://www.banki.ru/products/credits/credit/3620/,https://cdn.banki.ru/cdn/bank/17266_mobile_logo_url.png,18.03.2026 12:44,17266.0,172661.0,bank,Ренессанс Банк,https://cdn.banki.ru/cdn/bank/17266_mobile_logo_url.png,3354,www.rencredit.ru,8 (495) 981-09-81,"115114, г. Москва, ул. Кожевническая, д. 14",rencredit,RUB,https://www.banki.ru/products/credits/credit/3620/,9.9,72.9,,30000,2000000,,730,2555,2y,7y,,c6b743b4c503d30e738d37be0b8a3dd5d884ecbe6353f7dcbb7df0e3330e414e,True,2026-08-24 13:50:38,,"9,9–72,9%",,,30 000–2 000 000 ₽,4,,,,,,,,
17067,471603,credit,Экспресс,Экспресс,https://www.banki.ru/products/credits/credit/4716/,https://cdn.banki.ru/cdn/bank/327_mobile_logo_url.png,18.03.2026 12:32,327.0,3271.0,bank,ВТБ,https://cdn.banki.ru/cdn/bank/327_mobile_logo_url.png,1000,www.vtb.ru,8 800 200-77-99,"190000, г. Санкт-Петербург, ул. Большая Морская, д. 29",vtb,RUB,https://www.banki.ru/products/credits/credit/4716/,25.4,52.8,,30000,100000,,183,1825,6m,5y,,900349eb4a6dae400554ac925f0cee7c98d67578c329f7eb5014c802fdd4af50,True,2026-08-24 13:50:38,,"25,4–52,8%",,,30 000–100 000 ₽,4,,,,,,,,
16989,433103,credit,Наличными ,Наличными ,https://www.banki.ru/products/credits/credit/4331/,https://cdn.banki.ru/cdn/bank/327_mobile_logo_url.png,18.03.2026 12:32,327.0,3271.0,bank,ВТБ,https://cdn.banki.ru/cdn/bank/327_mobile_logo_url.png,1000,www.vtb.ru,8 800 200-77-99,"190000, г. Санкт-Петербург, ул. Большая Морская, д. 29",vtb,RUB,https://www.banki.ru/products/credits/credit/4331/,4.5,42.1,,100001,7000000,,183,1825,6m,5y,,9f4147c4f44821288a3efb53c2e2013ddb099f812ee4dd06859cb2208826c486,True,2026-08-24 13:50:38,,"4,5–42,1%",,,100 001–7 000 000 ₽,4,,,,,,,,
19312,13703,credit,Под залог недвижимости,Под залог недвижимости,https://www.banki.ru/products/credits/credit/137/,https://cdn.banki.ru/cdn/bank/327_mobile_logo_url.png,11.03.2026 19:11,327.0,3271.0,bank,ВТБ,https://cdn.banki.ru/cdn/bank/327_mobile_logo_url.png,1000,www.vtb.ru,8 800 200-77-99,"190000, г. Санкт-Петербург, ул. Большая Морская, д. 29",vtb,RUB,https://www.banki.ru/products/credits/credit/137/,21.3,23.3,,1500000,40000000,,365,5475,1y,15y,,9a3270b8aeab7c5ef6fa6e6840b2e278aa5c8e5e8a84634f0b0ae5a32359d9bf,True,2026-08-24 13:50:38,,"21,3–23,3%",,,1 500 000–40 000 000 ₽,4,,,,,,,,
17615,20101803,credit,Под залог автомобиля,Под залог автомобиля,https://www.banki.ru/products/credits/credit/201018/,https://cdn.banki.ru/cdn/bank/327_mobile_logo_url.png,18.03.2026 12:33,327.0,3271.0,bank,ВТБ,https://cdn.banki.ru/cdn/bank/327_mobile_logo_url.png,1000,www.vtb.ru,8 800 200-77-99,"190000, г. Санкт-Петербург, ул. Большая Морская, д. 29",vtb,RUB,https://www.banki.ru/products/credits/credit/201018/,21.9,35.4,,100001,40000000,,183,1825,6m,5y,,9764199a6a65ad09fb643eade7f668871cb95da29ef50359a989b775c5f09193,True,2026-08-24 13:50:38,,"21,9–35,4%",,,100 001–40 000 000 ₽,4,,,,,,,,
16742,20503,credit,Со сниженным платежом,Со сниженным платежом,https://www.banki.ru/products/credits/credit/205/,https://cdn.banki.ru/cdn/bank/4725_mobile_logo_url.png,18.03.2026 12:43,4725.0,47251.0,bank,Россельхозбанк,https://cdn.banki.ru/cdn/bank/4725_mobile_logo_url.png,3349,www.rshb.ru,8 800 100-01-00,"119034, г. Москва, Гагаринский пер., д. 3",rshb,RUB,https://www.banki.ru/products/credits/credit/205/,24.1,36.1,,30000,5000000,,183,1825,6m,5y,,329f12150f3247a9edc7b048bce362977737880185491015b55c82c3c6374229,True,2026-08-24 13:50:38,,"24,1–36,1%",,,30 000–5 000 000 ₽,4,,,,,,,,
17089,481803,credit,На благоустройство для жителей села,На благоустройство для жителей села,https://www.banki.ru/products/credits/credit/4818/,https://cdn.banki.ru/cdn/bank/4725_mobile_logo_url.png,10.03.2026 16:04,4725.0,47251.0,bank,Россельхозбанк,https://cdn.banki.ru/cdn/bank/4725_mobile_logo_url.png,3349,www.rshb.ru,8 800 100-01-00,"119034, г. Москва, Гагаринский пер., д. 3",rshb,RUB,https://www.banki.ru/products/credits/credit/4818/,3.25,33.0,,30000,700000,,396,1825,1m1y,5y,,a0311f99fa00f8d473dc8a0a95125ae18404e12c10bbbe2a80113520d741e5cf,True,2026-08-24 13:50:38,,"3,25–33%",,,30 000–700 000 ₽,4,,,,,,,,
17066,471103,credit,Газомоторное топливо,Газомоторное топливо,https://www.banki.ru/products/credits/credit/4711/,https://cdn.banki.ru/cdn/bank/4725_mobile_logo_url.png,10.03.2026 16:03,4725.0,47251.0,bank,Россельхозбанк,https://cdn.banki.ru/cdn/bank/4725_mobile_logo_url.png,3349,www.rshb.ru,8 800 100-01-00,"119034, г. Москва, Гагаринский пер., д. 3",rshb,RUB,https://www.banki.ru/products/credits/credit/4711/,27.9,33.4,,30000,300000,,397,1095,13m,3y,,d967c0ec5bc7df119a807cd4f7f5cc411ecd3440ffb5bba81801e5864397b149,True,2026-08-24 13:50:38,,"27,9–33,4%",,,30 000–300 000 ₽,4,,,,,,,,
18848,20113503,credit,Наличными (для новых клиентов),Наличными (для новых клиентов),https://www.banki.ru/products/credits/credit/201135/,https://cdn.banki.ru/cdn/bank/325_mobile_logo_url.png,18.03.2026 12:10,325.0,3251.0,bank,Альфа-Банк,https://cdn.banki.ru/cdn/bank/325_mobile_logo_url.png,1326,www.alfabank.ru,8 800 200-00-00,"107078, г. Москва, ул. Каланчевская, д. 27",alfabank,RUB,https://www.banki.ru/products/credits/credit/201135/,18.99,52.49,,30000,7500000,,365,1825,5y,5y,,b1a2dc50b08562bc0eb24b83ba36c5002f837996d7ee646ee34cc9e619988332,True,2026-08-24 13:50:38,,"18,99–52,49%",,,30 000–7 500 000 ₽,4,,,,,,,,
20284,21118603,credit,Наличными (без визита в банк),Наличными (без визита в банк),https://www.banki.ru/products/credits/credit/211186/,https://cdn.banki.ru/cdn/bank/325_mobile_logo_url.png,18.03.2026 12:10,325.0,3251.0,bank,Альфа-Банк,https://cdn.banki.ru/cdn/bank/325_mobile_logo_url.png,1326,www.alfabank.ru,8 800 200-00-00,"107078, г. Москва, ул. Каланчевская, д. 27",alfabank,RUB,https://www.banki.ru/products/credits/credit/211186/,18.99,52.49,,30000,7500000,,365,1825,5y,5y,,7c19727dadff4ea31b4eed1b70c247a62c0dd0b2e62ca02fb056633bc0d0ff3b,True,2026-08-24 13:50:38,,"18,99–52,49%",,,30 000–7 500 000 ₽,4,,,,,,,,
20360,20116403,credit,На любые цели под залог недвижимости,На любые цели под залог недвижимости,https://www.banki.ru/products/credits/credit/201164/,https://cdn.banki.ru/cdn/bank/325_mobile_logo_url.png,18.03.2026 12:06,325.0,3251.0,bank,Альфа-Банк,https://cdn.banki.ru/cdn/bank/325_mobile_logo_url.png,1326,www.alfabank.ru,8 800 200-00-00,"107078, г. Москва, ул. Каланчевская, д. 27",alfabank,RUB,https://www.banki.ru/products/credits/credit/201164/,17.9,25.4,,500000,30000000,,365,5475,1y,15y,,3c0c13fb398cf42669c37cdb61d66ed2a02ed6fc035db27d23b7dad613b0cd8b,True,2026-08-24 13:50:38,,"17,9–25,4%",,,500 000–30 000 000 ₽,4,,,,,,,,
16740,14403,credit,Стандартный ,Стандартный ,https://www.banki.ru/products/credits/credit/144/,https://cdn.banki.ru/cdn/bank/63520_mobile_logo_url.png,18.03.2026 12:52,63520.0,635201.0,bank,Уралсиб,https://cdn.banki.ru/cdn/bank/63520_mobile_logo_url.png,30,www.uralsib.ru,8 800 250-57-57,"119048, г. Москва, ул. Ефремова, д. 8",uralsib,RUB,https://www.banki.ru/products/credits/credit/144/,9.0,51.0,,30000,1500000,,397,2555,13m,7y,,d6483031f12959bd94784ecb3fd90e776652d74a78b07742cd67f6636de5bc2b,True,2026-08-24 13:50:38,,9–51%,,,30 000–1 500 000 ₽,4,,,,,,,,
18775,20113003,credit,Под залог автомобиля,Под залог автомобиля,https://www.banki.ru/products/credits/credit/201130/,https://cdn.banki.ru/cdn/bank/63520_mobile_logo_url.png,17.03.2026 16:11,63520.0,635201.0,bank,Уралсиб,https://cdn.banki.ru/cdn/bank/63520_mobile_logo_url.png,30,www.uralsib.ru,8 800 250-57-57,"119048, г. Москва, ул. Ефремова, д. 8",uralsib,RUB,https://www.banki.ru/products/credits/credit/201130/,4.9,32.9,,100000,1500000,,397,2555,13m,7y,,0c3364cd3e76251912683aeb8ab18ea207f33f66b81334b81d91ffaa925936a4,True,2026-08-24 13:50:38,,"4,9–32,9%",,,100 000–1 500 000 ₽,4,,,,,,,,
19380,438703,credit,Под залог недвижимости,Под залог недвижимости,https://www.banki.ru/products/credits/credit/4387/,https://cdn.banki.ru/cdn/bank/63520_mobile_logo_url.png,17.03.2026 16:18,63520.0,635201.0,bank,Уралсиб,https://cdn.banki.ru/cdn/bank/63520_mobile_logo_url.png,30,www.uralsib.ru,8 800 250-57-57,"119048, г. Москва, ул. Ефремова, д. 8",uralsib,RUB,https://www.banki.ru/products/credits/credit/4387/,21.0,23.0,,1500000,20000000,,365,5475,1y,15y,,5cc5a7afce0a0f463560c0a1661708db1cd37a67a6e4da9b5d2df4057515653d,True,2026-08-24 13:50:38,,21–23%,,,1 500 000–20 000 000 ₽,4,,,,,,,,
20427,20116603,credit,Под залог недвижимости,Под залог недвижимости,https://www.banki.ru/products/credits/credit/201166/,,18.03.2026 10:41,,,,,,,,,,,RUB,https://www.banki.ru/products/credits/credit/201166/,9.3,24.0,,100000,10000000,,183,1095,6m,3y,,acc1580cd314825f653fa44657093ae348091090aa4930af05d08b8d84242a2e,True,2026-08-24 13:50:38,,"9,3–24%",,,100 000–10 000 000 ₽,4,,,,,,,,
16744,21603,credit,На неотложные нужды,На неотложные нужды,https://www.banki.ru/products/credits/credit/216/,https://cdn.banki.ru/cdn/bank/192701_mobile_logo_url.png,18.03.2026 12:48,192701.0,1927011.0,bank,Банк «Пойдём!»,https://cdn.banki.ru/cdn/bank/192701_mobile_logo_url.png,2534,www.poidem.ru,8 800 200-12-30,"127015, г. Москва, ул. Бутырская, д. 76, стр. 1",poidem,RUB,https://www.banki.ru/products/credits/credit/216/,38.9,38.9,,100000,300000,,549,1464,18m,48m,,5cacb3e1f6a9c6cb549d800d64040f13281be8a1a59cf3e08e560c22e62c5834,True,2026-08-24 13:50:38,,"38,9%",,,100 000–300 000 ₽,4,,,,,,,,
20418,21118803,credit,Да!,Да!,https://www.banki.ru/products/credits/credit/211188/,https://cdn.banki.ru/cdn/bank/192701_mobile_logo_url.png,11.03.2026 16:21,192701.0,1927011.0,bank,Банк «Пойдём!»,https://cdn.banki.ru/cdn/bank/192701_mobile_logo_url.png,2534,www.poidem.ru,8 800 200-12-30,"127015, г. Москва, ул. Бутырская, д. 76, стр. 1",poidem,RUB,https://www.banki.ru/products/credits/credit/211188/,48.9,48.9,,50000,99999,,396,1095,13m,3y,,e7cd0a44b79e6d7b574cb3dd22517306fcc656e5add3c8778eeedcba3a824d4d,True,2026-08-24 13:50:38,,"48,9%",,,50 000–99 999 ₽,4,,,,,,,,
19449,524303,credit,Под залог квартиры,Под залог квартиры,https://www.banki.ru/products/credits/credit/5243/,https://cdn.banki.ru/cdn/bank/11948217_mobile_logo_url.png,18.03.2026 12:05,11948217.0,119482171.0,bank,Credit.Club,https://cdn.banki.ru/cdn/bank/11948217_mobile_logo_url.png,—,credit.club,8 800-775-80-09,"г. Екатеринбург, ул. Малышева, 51
",creditclub,RUB,https://www.banki.ru/products/credits/credit/5243/,16.9,26.9,,300000,15000000,,365,7300,1y,20y,,3d42e83d0e4807d3009f00302ba57c6893a5407dbc9776db480855303350bf55,True,2026-08-24 13:50:38,,"16,9–26,9%",,,300 000–15 000 000 ₽,4,,,,,,,,
19357,377603,credit,На любые цели под залог недвижимости,На любые цели под залог недвижимости,https://www.banki.ru/products/credits/credit/3776/,https://cdn.banki.ru/cdn/bank/2764_mobile_logo_url.png,18.03.2026 13:22,2764.0,27641.0,bank,Газпромбанк,https://cdn.banki.ru/cdn/bank/2764_mobile_logo_url.png,354,www.gazprombank.ru,8 800 300-60-90,"117420, г. Москва, ул. Наметкина, д. 16, корп. 1.",gazprombank,RUB,https://www.banki.ru/products/credits/credit/3776/,9.3,28.6,,500000,30000000,,1460,7300,4y,20y,,0dc82483e59267617186a87117b9c1a7e55db987800b7319c8a3d1cfa7e826cf,True,2026-08-24 13:50:38,,"9,3–28,6%",,,500 000–30 000 000 ₽,4,,,,,,,,
17030,457803,credit,Наличными,Наличными,https://www.banki.ru/products/credits/credit/4578/,https://cdn.banki.ru/cdn/bank/2764_mobile_logo_url.png,27.02.2026 14:09,2764.0,27641.0,bank,Газпромбанк,https://cdn.banki.ru/cdn/bank/2764_mobile_logo_url.png,354,www.gazprombank.ru,8 800 300-60-90,"117420, г. Москва, ул. Наметкина, д. 16, корп. 1.",gazprombank,RUB,https://www.banki.ru/products/credits/credit/4578/,24.9,40.4,,50000,7000000,,397,1825,13m,5y,,c67a826a50619fb69e97a51ca95037b3700e95bab738ae1d8511f1c53dece750,True,2026-08-24 13:50:38,,"24,9–40,4%",,,50 000–7 000 000 ₽,4,,,,,,,,
17132,499403,credit,Универсальный,Универсальный,https://www.banki.ru/products/credits/credit/4994/,https://cdn.banki.ru/cdn/bank/2764_mobile_logo_url.png,27.02.2026 14:10,2764.0,27641.0,bank,Газпромбанк,https://cdn.banki.ru/cdn/bank/2764_mobile_logo_url.png,354,www.gazprombank.ru,8 800 300-60-90,"117420, г. Москва, ул. Наметкина, д. 16, корп. 1.",gazprombank,RUB,https://www.banki.ru/products/credits/credit/4994/,27.9,29.9,,500000,7000000,,397,1825,13m,5y,,27e5146625d90d17e40defe4ff6515fec1a156e2374697308b0b824c1d8e0597,True,2026-08-24 13:50:38,,"27,9–29,9%",,,500 000–7 000 000 ₽,4,,,,,,,,
19830,21115103,credit,Образовательный,Образовательный,https://www.banki.ru/products/credits/credit/211151/,https://cdn.banki.ru/cdn/bank/68683_mobile_logo_url.png,04.03.2026 14:24,68683.0,686831.0,bank,Банк «РОССИЯ»,https://cdn.banki.ru/cdn/bank/68683_mobile_logo_url.png,328,www.abr.ru,8 800 100-11-11 ,"191124, г. Санкт-Петербург, пл. Растрелли, д. 2, стр.1",rossiya,RUB,https://www.banki.ru/products/credits/credit/211151/,3.0,3.0,,1000,100000000,,5475,9125,15y,25y,,86360310b731fa8ca9c3737b5af88c04e1758a3b78722a96f8214034cdb1404a,True,2026-08-24 13:50:38,,3%,,,1 000–100 000 000 ₽,4,,,,,,,,
17631,20103403,credit,Деньги — возможности (под залог авто),Деньги — возможности (под залог авто),https://www.banki.ru/products/credits/credit/201034/,https://cdn.banki.ru/cdn/bank/68683_mobile_logo_url.png,04.03.2026 14:11,68683.0,686831.0,bank,Банк «РОССИЯ»,https://cdn.banki.ru/cdn/bank/68683_mobile_logo_url.png,328,www.abr.ru,8 800 100-11-11 ,"191124, г. Санкт-Петербург, пл. Растрелли, д. 2, стр.1",rossiya,RUB,https://www.banki.ru/products/credits/credit/201034/,20.0,30.0,,100000,5000000,,549,2555,18m,7y,,0f326865df8caae0871c85b13c6f978fa5cbed8eaaf957f8a13a84db520ff3a2,True,2026-08-24 13:50:38,,20–30%,,,100 000–5 000 000 ₽,4,,,,,,,,
17226,515303,credit,На газификацию,На газификацию,https://www.banki.ru/products/credits/credit/5153/,https://cdn.banki.ru/cdn/bank/68683_mobile_logo_url.png,04.03.2026 14:16,68683.0,686831.0,bank,Банк «РОССИЯ»,https://cdn.banki.ru/cdn/bank/68683_mobile_logo_url.png,328,www.abr.ru,8 800 100-11-11 ,"191124, г. Санкт-Петербург, пл. Растрелли, д. 2, стр.1",rossiya,RUB,https://www.banki.ru/products/credits/credit/5153/,20.5,20.5,,100000,300000,,549,1825,18m,5y,,931af0341a70ff71833063a7ea5f68f9c52677c3b04e3d0a8cb6d6c029e40ef0,True,2026-08-24 13:50:38,,"20,5%",,,100 000–300 000 ₽,4,,,,,,,,
16976,422903,credit,Деньги — возможности ,Деньги — возможности ,https://www.banki.ru/products/credits/credit/4229/,https://cdn.banki.ru/cdn/bank/68683_mobile_logo_url.png,04.03.2026 14:10,68683.0,686831.0,bank,Банк «РОССИЯ»,https://cdn.banki.ru/cdn/bank/68683_mobile_logo_url.png,328,www.abr.ru,8 800 100-11-11 ,"191124, г. Санкт-Петербург, пл. Растрелли, д. 2, стр.1",rossiya,RUB,https://www.banki.ru/products/credits/credit/4229/,22.0,32.0,,100000,5000000,,549,1825,18m,5y,,9cb4e95ae2705828e1936c75efe04315e9ee3ec05ee4c819c1da80e3dcde7f2b,True,2026-08-24 13:50:38,,22–32%,,,100 000–5 000 000 ₽,4,,,,,,,,
17085,480103,credit,На любые цели,На любые цели,https://www.banki.ru/products/credits/credit/4801/,https://cdn.banki.ru/cdn/bank/6055_mobile_logo_url.png,05.03.2026 19:05,6055.0,60551.0,bank,МТС Банк,https://cdn.banki.ru/cdn/bank/6055_mobile_logo_url.png,2268,www.mtsbank.ru,8 800 250-05-20,"115432, г. Москва, просп. Андропова, д. 18, корп. 1",mts-bank,RUB,https://www.banki.ru/products/credits/credit/4801/,11.9,39.9,,20000,5000000,,365,1825,1y,5y,,0c03b918d1f165131d9f8d9b0144ae38a8c72862cdf8543d780d13e3fb351bd6,True,2026-08-24 13:50:38,,"11,9–39,9%",,,20 000–5 000 000 ₽,4,,,,,,,,
17629,20103203,credit,Под залог автомобиля,Под залог автомобиля,https://www.banki.ru/products/credits/credit/201032/,https://cdn.banki.ru/cdn/bank/6055_mobile_logo_url.png,05.03.2026 19:06,6055.0,60551.0,bank,МТС Банк,https://cdn.banki.ru/cdn/bank/6055_mobile_logo_url.png,2268,www.mtsbank.ru,8 800 250-05-20,"115432, г. Москва, просп. Андропова, д. 18, корп. 1",mts-bank,RUB,https://www.banki.ru/products/credits/credit/201032/,17.9,33.9,,100000,5000000,,365,1825,1y,5y,,459c240bf053286d79783c3632824da983373a86b99a85f019250635bc35db55,True,2026-08-24 13:50:38,,"17,9–33,9%",,,100 000–5 000 000 ₽,4,,,,,,,,
19410,501403,credit,Под залог недвижимости,Под залог недвижимости,https://www.banki.ru/products/credits/credit/5014/,https://cdn.banki.ru/cdn/bank/6055_mobile_logo_url.png,04.03.2026 19:00,6055.0,60551.0,bank,МТС Банк,https://cdn.banki.ru/cdn/bank/6055_mobile_logo_url.png,2268,www.mtsbank.ru,8 800 250-05-20,"115432, г. Москва, просп. Андропова, д. 18, корп. 1",mts-bank,RUB,https://www.banki.ru/products/credits/credit/5014/,20.5,26.9,,500000,10000000,,365,5475,1y,15y,,0c1c17078cceaaf1045eab9b6e295bc7a7dd0387406f15b74b3b0fb24cbcc1b7,True,2026-08-24 13:50:38,,"20,5–26,9%",,,500 000–10 000 000 ₽,4,,,,,,,,
19325,166403,credit,На любые цели (с обеспечением),На любые цели (с обеспечением),https://www.banki.ru/products/credits/credit/1664/,https://cdn.banki.ru/cdn/bank/193374_mobile_logo_url.png,02.03.2026 19:05,193374.0,1933741.0,bank,НОКССБАНК,https://cdn.banki.ru/cdn/bank/193374_mobile_logo_url.png,3202,www.nokss.ru,8 800 200-99-97,"400005, г. Волгоград, ул. 7-й Гвардейской, д. 2",nokssbank,RUB,https://www.banki.ru/products/credits/credit/1664/,12.0,40.0,,30000,30000000,,31,1825,1m,5y,,1513cbb2b80fb5d2b57560d7abdc7bad1d65289ef1a4aed41e571c7a49f464ac,True,2026-08-24 13:50:38,,12–40%,,,30 000–30 000 000 ₽,4,,,,,,,,
16945,401103,credit,Автоломбард,Автоломбард,https://www.banki.ru/products/credits/credit/4011/,https://cdn.banki.ru/cdn/bank/193374_mobile_logo_url.png,04.03.2026 17:27,193374.0,1933741.0,bank,НОКССБАНК,https://cdn.banki.ru/cdn/bank/193374_mobile_logo_url.png,3202,www.nokss.ru,8 800 200-99-97,"400005, г. Волгоград, ул. 7-й Гвардейской, д. 2",nokssbank,RUB,https://www.banki.ru/products/credits/credit/4011/,23.0,25.0,,100000,1000000,,61,730,2m,2y,,de5a0c27ad506e0ba01aea4c9838ff36beeda406bfd65f3e5ee1b5327fbacf01,True,2026-08-24 13:50:38,,23–25%,,,100 000–1 000 000 ₽,4,,,,,,,,
16785,166303,credit,На любые цели,На любые цели,https://www.banki.ru/products/credits/credit/1663/,https://cdn.banki.ru/cdn/bank/193374_mobile_logo_url.png,04.03.2026 17:27,193374.0,1933741.0,bank,НОКССБАНК,https://cdn.banki.ru/cdn/bank/193374_mobile_logo_url.png,3202,www.nokss.ru,8 800 200-99-97,"400005, г. Волгоград, ул. 7-й Гвардейской, д. 2",nokssbank,RUB,https://www.banki.ru/products/credits/credit/1663/,24.0,40.0,,30000,300000,,31,1825,1m,5y,,0eae3b1832b94fbcc48f7159a6071f64675fafb8aa65afce69b6419975b525bd,True,2026-08-24 13:50:38,,24–40%,,,30 000–300 000 ₽,4,,,,,,,,
17632,20103503,credit,Под залог авто,Под залог авто,https://www.banki.ru/products/credits/credit/201035/,https://cdn.banki.ru/cdn/bank/95970_mobile_logo_url.png,04.03.2026 17:51,95970.0,959701.0,bank,Уральский банк реконструкции и развития (УБРиР),https://cdn.banki.ru/cdn/bank/95970_mobile_logo_url.png,429,www.ubrr.ru,8 800 100-02-00,"620063, г. Екатеринбург, ул. 8 Марта, д. 51",ubrr,RUB,https://www.banki.ru/products/credits/credit/201035/,16.4,37.0,,200000,5000000,,1460,3650,10y,10y,,aad7ea2e54dbc264d3e64edb4f2946c59dc2848c1363918cfe436e1d1b5747c8,True,2026-08-24 13:50:38,,"16,4–37%",,,200 000–5 000 000 ₽,4,,,,,,,,
16756,60903,credit,На любые цели,На любые цели,https://www.banki.ru/products/credits/credit/609/,https://cdn.banki.ru/cdn/bank/95970_mobile_logo_url.png,04.03.2026 17:50,95970.0,959701.0,bank,Уральский банк реконструкции и развития (УБРиР),https://cdn.banki.ru/cdn/bank/95970_mobile_logo_url.png,429,www.ubrr.ru,8 800 100-02-00,"620063, г. Екатеринбург, ул. 8 Марта, д. 51",ubrr,RUB,https://www.banki.ru/products/credits/credit/609/,17.9,37.0,,100000,5000000,,1095,1825,5y,5y,,00fac97c7d2a49dde8bfb5a0cf24f961dd2a1796407485fc8be0b6e29d65b053,True,2026-08-24 13:50:38,,"17,9–37%",,,100 000–5 000 000 ₽,4,,,,,,,,
16993,438803,credit,Без справок,Без справок,https://www.banki.ru/products/credits/credit/4388/,https://cdn.banki.ru/cdn/bank/95970_mobile_logo_url.png,04.03.2026 17:49,95970.0,959701.0,bank,Уральский банк реконструкции и развития (УБРиР),https://cdn.banki.ru/cdn/bank/95970_mobile_logo_url.png,429,www.ubrr.ru,8 800 100-02-00,"620063, г. Екатеринбург, ул. 8 Марта, д. 51",ubrr,RUB,https://www.banki.ru/products/credits/credit/4388/,18.4,37.0,,100000,700000,,1095,1825,5y,5y,,1af319dca0d0f97385e596dcdb6185634a6a7ebbbf47c6f481262fc4b88a14cd,True,2026-08-24 13:50:38,,"18,4–37%",,,100 000–700 000 ₽,4,,,,,,,,
19370,401203,credit,Под залог недвижимости,Под залог недвижимости,https://www.banki.ru/products/credits/credit/4012/,https://cdn.banki.ru/cdn/bank/95970_mobile_logo_url.png,04.03.2026 17:52,95970.0,959701.0,bank,Уральский банк реконструкции и развития (УБРиР),https://cdn.banki.ru/cdn/bank/95970_mobile_logo_url.png,429,www.ubrr.ru,8 800 100-02-00,"620063, г. Екатеринбург, ул. 8 Марта, д. 51",ubrr,RUB,https://www.banki.ru/products/credits/credit/4012/,25.0,26.5,,300000,15000000,,1825,5475,5y,15y,,ed26f8992cda3d689bd1a796d116e4e1fc631523032202fe60d0799221dae0d7,True,2026-08-24 13:50:38,,"25–26,5%",,,300 000–15 000 000 ₽,4,,,,,,,,
17636,20103903,credit,Обеспеченный,Обеспеченный,https://www.banki.ru/products/credits/credit/201039/,https://cdn.banki.ru/cdn/bank/11518_mobile_logo_url.png,06.03.2026 18:22,11518.0,115181.0,bank,Банк ТКБ,https://cdn.banki.ru/cdn/bank/11518_mobile_logo_url.png,2210,www.tkbbank.ru,8 800 100-32-00,"109147, г. Москва, ул. Воронцовская, д. 27/35",transcapitalbank,RUB,https://www.banki.ru/products/credits/credit/201039/,18.9,34.5,,100000,3000000,,397,1825,13m,5y,,0d4781883e0a575d2aee8d9e6ad916964038270a860a2d85f20f1fb0e8afa5ac,True,2026-08-24 13:50:38,,"18,9–34,5%",,,100 000–3 000 000 ₽,4,,,,,,,,
16807,261503,credit,Наличными,Наличными,https://www.banki.ru/products/credits/credit/2615/,https://cdn.banki.ru/cdn/bank/11518_mobile_logo_url.png,06.03.2026 18:21,11518.0,115181.0,bank,Банк ТКБ,https://cdn.banki.ru/cdn/bank/11518_mobile_logo_url.png,2210,www.tkbbank.ru,8 800 100-32-00,"109147, г. Москва, ул. Воронцовская, д. 27/35",transcapitalbank,RUB,https://www.banki.ru/products/credits/credit/2615/,19.9,35.5,,50000,1000000,,397,1825,13m,5y,,511211bdb2871191c6b13761f7ee375ec2b56b9b488559f63ead407eae240485,True,2026-08-24 13:50:38,,"19,9–35,5%",,,50 000–1 000 000 ₽,4,,,,,,,,
20331,20116303,credit,Удобный,Удобный,https://www.banki.ru/products/credits/credit/201163/,https://cdn.banki.ru/cdn/bank/11518_mobile_logo_url.png,06.03.2026 18:43,11518.0,115181.0,bank,Банк ТКБ,https://cdn.banki.ru/cdn/bank/11518_mobile_logo_url.png,2210,www.tkbbank.ru,8 800 100-32-00,"109147, г. Москва, ул. Воронцовская, д. 27/35",transcapitalbank,RUB,https://www.banki.ru/products/credits/credit/201163/,20.6,23.25,,500000,100000000,,1095,9125,3y,25y,,1b8dfb08ed86937ee62c7c938bbe3692471ba65abe149741a40e1011b06caf23,True,2026-08-24 13:50:38,,"20,6–23,25%",,,500 000–100 000 000 ₽,4,,,,,,,,
16919,385303,credit,Топ-менеджер,Топ-менеджер,https://www.banki.ru/products/credits/credit/3853/,,17.03.2026 18:08,195603.0,1956031.0,bank,Крона-Банк,,2499,www.krona-bank.ru,+7 (3952) 25-25-05,"664007, г. Иркутск, ул. Дзержинского, д. 29",krona-bank,RUB,https://www.banki.ru/products/credits/credit/3853/,20.5,22.5,,500000,5000000,,92,1825,1m3y,5y,,210a7454d7f01c48a6d4dca396219bc85fb4f61f5f136de0af09e9835e6f2b68,True,2026-08-24 13:50:38,,"20,5–22,5%",,,500 000–5 000 000 ₽,4,,,,,,,,
19824,20115403,credit,Под залог недвижимости,Под залог недвижимости,https://www.banki.ru/products/credits/credit/201154/,https://cdn.banki.ru/cdn/bank/16995_mobile_logo_url.png,10.03.2026 17:53,16995.0,169951.0,bank,ВБРР,https://cdn.banki.ru/cdn/bank/16995_mobile_logo_url.png,3287,www.vbrr.ru,8 800 700-03-49 ,"129594, г. Москва, ул. Сущевский вал, д. 65, корп. 1",vbrr,RUB,https://www.banki.ru/products/credits/credit/201154/,21.4,22.9,,500000,60000000,,1825,10950,5y,30y,,48bd01032adb828656999b812c50c3062b4bd493ed8a1fc2caae17e8c81a7b0b,True,2026-08-24 13:50:38,,"21,4–22,9%",,,500 000–60 000 000 ₽,4,,,,,,,,
20297,20116103,credit,Наличными,Наличными,https://www.banki.ru/products/credits/credit/201161/,https://cdn.banki.ru/cdn/bank/196721_mobile_logo_url.png,27.02.2026 18:18,196721.0,1967211.0,bank,Агророс Банк,https://cdn.banki.ru/cdn/bank/196721_mobile_logo_url.png,2860,www.agroros.ru,8 800 222-44-19 ,"410017, г. Саратов, ул. Чернышевского, д. 90",agroros,RUB,https://www.banki.ru/products/credits/credit/201161/,22.0,25.9,,1000000,50000000,,30,3650,1m,10y,,e8d8fb6a05cbb8305e65816f19db3c9aee27eb466ecb8782b68297ce3f9dc12b,True,2026-08-24 13:50:38,,"22–25,9%",,,1 000 000–50 000 000 ₽,4,,,,,,,,
19407,498403,credit,Под залог недвижимости,Под залог недвижимости,https://www.banki.ru/products/credits/credit/4984/,https://cdn.banki.ru/cdn/bank/9183_mobile_logo_url.png,04.03.2026 18:59,9183.0,91831.0,bank,Локо-Банк,https://cdn.banki.ru/cdn/bank/9183_mobile_logo_url.png,2707,www.lockobank.ru,8 800 250-50-50,"125167, г. Москва, Ленинградский просп., д. 39, стр. 80",locko-bank,RUB,https://www.banki.ru/products/credits/credit/4984/,22.4,26.4,,1000000,30000000,,365,7300,1y,20y,,34c91ed49632f2a1236af3517a0253828d38f2c9e35b0d6918ceeedf4ecc7946,True,2026-08-24 13:50:38,,"22,4–26,4%",,,1 000 000–30 000 000 ₽,4,,,,,,,,
16877,348703,credit,На любые цели под залог авто,На любые цели под залог авто,https://www.banki.ru/products/credits/credit/3487/,https://cdn.banki.ru/cdn/bank/9183_mobile_logo_url.png,11.03.2026 12:54,9183.0,91831.0,bank,Локо-Банк,https://cdn.banki.ru/cdn/bank/9183_mobile_logo_url.png,2707,www.lockobank.ru,8 800 250-50-50,"125167, г. Москва, Ленинградский просп., д. 39, стр. 80",locko-bank,RUB,https://www.banki.ru/products/credits/credit/3487/,22.9,34.9,,500001,10000000,,1095,2920,3y,8y,,01e7d68ff23b1e980d9e03599e08fbc7f23b6d2669bb0b2a8ceb535895c6c5fa,True,2026-08-24 13:50:38,,"22,9–34,9%",,,500 001–10 000 000 ₽,4,,,,,,,,
16948,402703,credit,На любые цели,На любые цели,https://www.banki.ru/products/credits/credit/4027/,https://cdn.banki.ru/cdn/bank/124449_mobile_logo_url.png,03.03.2026 16:18,124449.0,1244491.0,bank,Центр-инвест,https://cdn.banki.ru/cdn/bank/124449_mobile_logo_url.png,2225,www.centrinvest.ru,+7 (863) 200-00-00,"344000, г. Ростов-на-Дону, просп. Соколова, д. 62",centr-invest,RUB,https://www.banki.ru/products/credits/credit/4027/,22.25,23.0,,10000,1000000,,365,1825,1y,5y,,84169ae4c55ac3cd784b13da73f877067675f5367c282242266a5c8dcf361fba,True,2026-08-24 13:50:38,,"22,25–23%",,,10 000–1 000 000 ₽,4,,,,,,,,
19482,20105203,credit,Для самозанятых (с обеспечением),Для самозанятых (с обеспечением),https://www.banki.ru/products/credits/credit/201052/,https://cdn.banki.ru/cdn/bank/124449_mobile_logo_url.png,03.03.2026 16:26,124449.0,1244491.0,bank,Центр-инвест,https://cdn.banki.ru/cdn/bank/124449_mobile_logo_url.png,2225,www.centrinvest.ru,+7 (863) 200-00-00,"344000, г. Ростов-на-Дону, просп. Соколова, д. 62",centr-invest,RUB,https://www.banki.ru/products/credits/credit/201052/,22.75,23.0,,3000000,100000000,,365,1825,1y,5y,,1eabbe79d23afef9e552e91868fac886fe890afa9aab654dc82a90f59f3ef467,True,2026-08-24 13:50:38,,"22,75–23%",,,3 000 000–100 000 000 ₽,4,,,,,,,,
17648,20105103,credit,Для самозанятых,Для самозанятых,https://www.banki.ru/products/credits/credit/201051/,https://cdn.banki.ru/cdn/bank/124449_mobile_logo_url.png,03.03.2026 16:24,124449.0,1244491.0,bank,Центр-инвест,https://cdn.banki.ru/cdn/bank/124449_mobile_logo_url.png,2225,www.centrinvest.ru,+7 (863) 200-00-00,"344000, г. Ростов-на-Дону, просп. Соколова, д. 62",centr-invest,RUB,https://www.banki.ru/products/credits/credit/201051/,22.75,23.0,,10000,3000000,,365,1825,1y,5y,,b9b27517bc9606ed1333bcb76e7e6e4c1f91cd32e4216284517ed93d346f9dac,True,2026-08-24 13:50:38,,"22,75–23%",,,10 000–3 000 000 ₽,4,,,,,,,,
16868,345903,credit,Наличными — Акция,Наличными — Акция,https://www.banki.ru/products/credits/credit/3459/,https://cdn.banki.ru/cdn/bank/192841_mobile_logo_url.png,13.03.2026 17:56,192841.0,1928411.0,bank,Энергобанк,https://cdn.banki.ru/cdn/bank/192841_mobile_logo_url.png,67,www.energobank.ru,8 800-350-54-58,"420111, г. Казань, ул. Пушкина, д. 13/52",energobank,RUB,https://www.banki.ru/products/credits/credit/3459/,25.5,32.0,,100000,2500000,,397,2555,13m,7y,,82e1c9c3498c79c8e682bd9e19ebea2a62ef25c72ec937c6ba9b9d5593aa34d6,True,2026-08-24 13:50:38,,"25,5–32%",,,100 000–2 500 000 ₽,4,,,,,,,,
20427,20116603,credit,Под залог недвижимости,Под залог недвижимости,https://www.banki.ru/products/credits/credit/201166/,https://cdn.banki.ru/cdn/card-designs/Group_7facb8d5d6.png,31.03.2026 12:17,3,31,bank,Поволжское ОВК ,https://cdn.banki.ru/cdn/card-designs/Group_7facb8d5d6.png,-,https://ovk-volga.ru,8 800 24-93-33,"410056, г. Саратов, ул. Cоветская, №86/70",ovkvolga,RUB,https://www.banki.ru/products/credits/credit/201166/,9.3,24.0,,100000,10000000,,183,1095,6m,3y,,e171b0ff5e0527d70a42b08bffbd5382f42268af8bc964aaaffe04be4e9de109,True,2026-08-24 13:50:38,,"9,3–24%",,,100 000–10 000 000 ₽,4,,,,,,,,
16747,50303,credit,Наличными,Наличными,https://www.banki.ru/products/credits/credit/503/,https://cdn.banki.ru/cdn/bank/191107_mobile_logo_url.png,24.02.2026 17:11,191107,1911071,bank,Дальневосточный Банк,https://cdn.banki.ru/cdn/bank/191107_mobile_logo_url.png,843,www.dvbank.ru,8 800 555-22-05,"690990, г. Владивосток, ул. Верхнепортовая, д. 27а",dalnevostochny,RUB,https://www.banki.ru/products/credits/credit/503/,18.5,26.5,,40000,3000000,,730,1825,2y,5y,,c633eeb0ebdb772d21fd36336a3ee1309391224664f0487cfa95921f350d5ee4,True,2026-08-24 13:50:38,,"18,5–26,5%",,,40 000–3 000 000 ₽,4,,,,,,,,
19313,50503,credit,Под залог недвижимости,Под залог недвижимости,https://www.banki.ru/products/credits/credit/505/,https://cdn.banki.ru/cdn/bank/191107_mobile_logo_url.png,24.02.2026 16:53,191107,1911071,bank,Дальневосточный Банк,https://cdn.banki.ru/cdn/bank/191107_mobile_logo_url.png,843,www.dvbank.ru,8 800 555-22-05,"690990, г. Владивосток, ул. Верхнепортовая, д. 27а",dalnevostochny,RUB,https://www.banki.ru/products/credits/credit/505/,19.2,23.5,,300000,100000000,,365,3650,1y,10y,,0336c1b0117f932c46ef6d697e23e1db20693238db513e01b1f3e9b34bcc8d25,True,2026-08-24 13:50:38,,"19,2–23,5%",,,300 000–100 000 000 ₽,4,,,,,,,,
16767,100703,credit,Стандартный (с обеспечением),Стандартный (с обеспечением),https://www.banki.ru/products/credits/credit/1007/,https://cdn.banki.ru/cdn/bank/191044_mobile_logo_url.png,06.11.2025 17:56,191044,1910441,bank,Челиндбанк,https://cdn.banki.ru/cdn/bank/191044_mobile_logo_url.png,485,www.chelindbank.ru,8 800 500-18-00,"454091, г. Челябинск, ул. К. Маркса, д. 80
",chelindbank,RUB,https://www.banki.ru/products/credits/credit/1007/,21.9,31.9,,15000,10000000,,31,1825,3y,5y,,0984139202d6ca2d4bf0f01f26db2e5bcd49467bd6263c4d83dc2fc207f5cbe1,True,2026-08-24 13:50:38,,"21,9–31,9%",,,15 000–10 000 000 ₽,4,,,,,,,,
16880,350703,credit,Пенсионный (с обеспечением),Пенсионный (с обеспечением),https://www.banki.ru/products/credits/credit/3507/,https://cdn.banki.ru/cdn/bank/191044_mobile_logo_url.png,06.11.2025 18:00,191044,1910441,bank,Челиндбанк,https://cdn.banki.ru/cdn/bank/191044_mobile_logo_url.png,485,www.chelindbank.ru,8 800 500-18-00,"454091, г. Челябинск, ул. К. Маркса, д. 80
",chelindbank,RUB,https://www.banki.ru/products/credits/credit/3507/,23.9,31.9,,15000,1000000,,31,1825,3y,5y,,0420b44e7ce9062da7a9c5d9bc97eee7b7dc5d7cd938d2b7b7c4b1986014ed61,True,2026-08-24 13:50:38,,"23,9–31,9%",,,15 000–1 000 000 ₽,4,,,,,,,,
16766,100603,credit,Стандартный,Стандартный,https://www.banki.ru/products/credits/credit/1006/,https://cdn.banki.ru/cdn/bank/191044_mobile_logo_url.png,06.11.2025 17:56,191044,1910441,bank,Челиндбанк,https://cdn.banki.ru/cdn/bank/191044_mobile_logo_url.png,485,www.chelindbank.ru,8 800 500-18-00,"454091, г. Челябинск, ул. К. Маркса, д. 80
",chelindbank,RUB,https://www.banki.ru/products/credits/credit/1006/,23.9,37.9,,15000,1000000,,31,1825,3y,5y,,d1fbd0efdf8a7a49c3f6bb12e9fa91a0ff95186667545969623c6da15f92db91,True,2026-08-24 13:50:38,,"23,9–37,9%",,,15 000–1 000 000 ₽,4,,,,,,,,
19469,20100803,credit,Под залог недвижимости,Под залог недвижимости,https://www.banki.ru/products/credits/credit/201008/,https://cdn.banki.ru/cdn/bank/191044_mobile_logo_url.png,06.11.2025 18:12,191044,1910441,bank,Челиндбанк,https://cdn.banki.ru/cdn/bank/191044_mobile_logo_url.png,485,www.chelindbank.ru,8 800 500-18-00,"454091, г. Челябинск, ул. К. Маркса, д. 80
",chelindbank,RUB,https://www.banki.ru/products/credits/credit/201008/,24.0,25.5,,100000,10000000,,365,5475,3y,15y,,88f0f1d373d81d9b0342cc5cea7c66118fc89aa2e480d225846079976ad62a3e,True,2026-08-24 13:50:38,,"24–25,5%",,,100 000–10 000 000 ₽,4,,,,,,,,
16879,350603,credit,Пенсионный,Пенсионный,https://www.banki.ru/products/credits/credit/3506/,https://cdn.banki.ru/cdn/bank/191044_mobile_logo_url.png,06.11.2025 18:00,191044,1910441,bank,Челиндбанк,https://cdn.banki.ru/cdn/bank/191044_mobile_logo_url.png,485,www.chelindbank.ru,8 800 500-18-00,"454091, г. Челябинск, ул. К. Маркса, д. 80
",chelindbank,RUB,https://www.banki.ru/products/credits/credit/3506/,26.9,32.9,,15000,500000,,31,1825,1m,5y,,e8453f398b34b72867ab85f8e98d4c8ad0a32d6017be1d029e6d20299d8b7f72,True,2026-08-24 13:50:38,,"26,9–32,9%",,,15 000–500 000 ₽,4,,,,,,,,
17605,20100703,credit,Он-лайн-кредит,Он-лайн-кредит,https://www.banki.ru/products/credits/credit/201007/,https://cdn.banki.ru/cdn/bank/191044_mobile_logo_url.png,06.11.2025 18:01,191044,1910441,bank,Челиндбанк,https://cdn.banki.ru/cdn/bank/191044_mobile_logo_url.png,485,www.chelindbank.ru,8 800 500-18-00,"454091, г. Челябинск, ул. К. Маркса, д. 80
",chelindbank,RUB,https://www.banki.ru/products/credits/credit/201007/,35.9,35.9,,15000,500000,,92,1095,3m,3y,,a142162256dca66294cbb5c39a24d7057fae29870289376a8d796811ce70dc3b,True,2026-08-24 13:50:38,,"35,9%",,,15 000–500 000 ₽,4,,,,,,,,
16747,50303,credit,Наличными,Наличными,https://www.banki.ru/products/credits/credit/503/,https://cdn.banki.ru/cdn/bank/191107_mobile_logo_url.png,19.01.2026 19:04,191107,1911071,bank,Дальневосточный Банк,https://cdn.banki.ru/cdn/bank/191107_mobile_logo_url.png,843,www.dvbank.ru,8 800 555-22-05,"690990, г. Владивосток, ул. Верхнепортовая, д. 27а",dalnevostochny,RUB,https://www.banki.ru/products/credits/credit/503/,19.0,27.0,,40000,3000000,,730,1825,2y,5y,,32a6beac8e5895875268d92437363558aeff1d2a6669397ca2537f8edfa10e59,True,2026-08-24 13:50:38,,19–27%,,,40 000–3 000 000 ₽,4,,,,,,,,
19313,50503,credit,Под залог недвижимости,Под залог недвижимости,https://www.banki.ru/products/credits/credit/505/,https://cdn.banki.ru/cdn/bank/191107_mobile_logo_url.png,19.01.2026 19:09,191107,1911071,bank,Дальневосточный Банк,https://cdn.banki.ru/cdn/bank/191107_mobile_logo_url.png,843,www.dvbank.ru,8 800 555-22-05,"690990, г. Владивосток, ул. Верхнепортовая, д. 27а",dalnevostochny,RUB,https://www.banki.ru/products/credits/credit/505/,19.7,24.0,,300000,100000000,,365,3650,1y,10y,,b8ef70359b88c5a91b5e5a433c6276b4d5e378c672847d28d7cd5c1a0f02bfb0,True,2026-08-24 13:50:38,,"19,7–24%",,,300 000–100 000 000 ₽,4,,,,,,,,
19313,50503,credit,Под залог недвижимости,Под залог недвижимости,https://www.banki.ru/products/credits/credit/505/,https://cdn.banki.ru/cdn/bank/191107_mobile_logo_url.png,28.04.2026 17:51,191107,1911071,bank,Дальневосточный Банк,https://cdn.banki.ru/cdn/bank/191107_mobile_logo_url.png,843,www.dvbank.ru,8 800 555-22-05,"690990, г. Владивосток, ул. Верхнепортовая, д. 27а",dalnevostochny,RUB,https://www.banki.ru/products/credits/credit/505/,18.5,22.5,,500000,100000000,,365,3650,1y,10y,,02834ea1931db3d5c7815416dddff07ff05f01e2c9a8808b00fef621fa473703,True,2026-08-24 13:50:38,,"18,5–22,5%",,,500 000–100 000 000 ₽,4,,,,,,,,
19313,50503,credit,Под залог недвижимости,Под залог недвижимости,https://www.banki.ru/products/credits/credit/505/,https://cdn.banki.ru/cdn/bank/191107_mobile_logo_url.png,11.03.2026 19:03,191107,1911071,bank,Дальневосточный Банк,https://cdn.banki.ru/cdn/bank/191107_mobile_logo_url.png,843,www.dvbank.ru,8 800 555-22-05,"690990, г. Владивосток, ул. Верхнепортовая, д. 27а",dalnevostochny,RUB,https://www.banki.ru/products/credits/credit/505/,19.5,23.5,,500000,100000000,,365,3650,1y,10y,,f041cd5fa17cd70b22da1b87f10f59a22916939a794d0f9cf31db1b664af12fd,True,2026-08-24 13:50:38,,"19,5–23,5%",,,500 000–100 000 000 ₽,4,,,,,,,,
16747,50303,credit,Наличными,Наличными,https://www.banki.ru/products/credits/credit/503/,https://cdn.banki.ru/cdn/bank/191107_mobile_logo_url.png,11.03.2026 17:48,191107,1911071,bank,Дальневосточный Банк,https://cdn.banki.ru/cdn/bank/191107_mobile_logo_url.png,843,www.dvbank.ru,8 800 555-22-05,"690990, г. Владивосток, ул. Верхнепортовая, д. 27а",dalnevostochny,RUB,https://www.banki.ru/products/credits/credit/503/,20.5,31.5,,40000,3000000,,730,1825,2y,5y,,b4b6c703f23648a6e0a9ee5c9df2fb90ea17c017dc981d70f7f6635189f7fdcb,True,2026-08-24 13:50:38,,"20,5–31,5%",,,40 000–3 000 000 ₽,4,,,,,,,,
17605,20100703,credit,Он-лайн-кредит,Он-лайн-кредит,https://www.banki.ru/products/credits/credit/201007/,https://cdn.banki.ru/cdn/bank/191044_mobile_logo_url.png,23.06.2026 18:13,191044.0,1910441.0,bank,Челиндбанк,https://cdn.banki.ru/cdn/bank/191044_mobile_logo_url.png,485,www.chelindbank.ru,8 800 500-18-00,"454091, г. Челябинск, ул. К. Маркса, д. 80",chelindbank,RUB,https://www.banki.ru/products/credits/credit/201007/,27.9,34.9,,50000,500000,,365,1825,1y,5y,,3ec77de2bc5cb66753962fe1ce672cabaf25a6578a9d36ea7797c7fce0170c2b,True,2026-08-24 13:50:38,,"27,9–34,9%",,,50 000–500 000 ₽,4,,,,,,,,
25299,21120003,credit,На любые цели,На любые цели,https://www.banki.ru/products/credits/credit/211200/,https://cdn.banki.ru/cdn/bank/191044_mobile_logo_url.png,23.06.2026 18:13,191044.0,1910441.0,bank,Челиндбанк,https://cdn.banki.ru/cdn/bank/191044_mobile_logo_url.png,485,www.chelindbank.ru,8 800 500-18-00,"454091, г. Челябинск, ул. К. Маркса, д. 80",chelindbank,RUB,https://www.banki.ru/products/credits/credit/211200/,21.9,34.9,,50000,1500000,,365,1825,1y,5y,,62f3dff81bc51a2e4a09c3bb953a5a87eb1ecee1a6876ba06ad7add6c56df2c6,True,2026-08-24 13:50:38,,"21,9–34,9%",,,50 000–1 500 000 ₽,4,,,,,,,,
25300,21120103,credit,На любые цели (с обеспечением),На любые цели (с обеспечением),https://www.banki.ru/products/credits/credit/211201/,https://cdn.banki.ru/cdn/bank/191044_mobile_logo_url.png,23.06.2026 18:13,191044.0,1910441.0,bank,Челиндбанк,https://cdn.banki.ru/cdn/bank/191044_mobile_logo_url.png,485,www.chelindbank.ru,8 800 500-18-00,"454091, г. Челябинск, ул. К. Маркса, д. 80",chelindbank,RUB,https://www.banki.ru/products/credits/credit/211201/,17.9,27.9,,50000,10000000,,365,2555,1y,7y,,e7106af8e12e373a6ddfb54f21d945fcc83e2378b0054604be6f8ff72f90dcb5,True,2026-08-24 13:50:38,,"17,9–27,9%",,,50 000–10 000 000 ₽,4,,,,,,,,
19469,20100803,credit,Под залог недвижимости,Под залог недвижимости,https://www.banki.ru/products/credits/credit/201008/,https://cdn.banki.ru/cdn/bank/191044_mobile_logo_url.png,23.06.2026 18:14,191044.0,1910441.0,bank,Челиндбанк,https://cdn.banki.ru/cdn/bank/191044_mobile_logo_url.png,485,www.chelindbank.ru,8 800 500-18-00,"454091, г. Челябинск, ул. К. Маркса, д. 80",chelindbank,RUB,https://www.banki.ru/products/credits/credit/201008/,20.5,21.0,,500000,10000000,,365,3650,1y,10y,,2675d5c485fbb76a1e3cc3cc165cf29677b9a7ff64ad31a54feb7a1056cf0741,True,2026-08-24 13:50:38,,"20,5–21%",,,500 000–10 000 000 ₽,4,,,,,,,,
18152,20111103,credit,На любые цели (под поручительство),На любые цели (под поручительство),https://www.banki.ru/products/credits/credit/201111/,https://cdn.banki.ru/cdn/bank/193976_mobile_logo_url.png,24.06.2026 18:54,193976.0,1939761.0,bank,Уралпромбанк,https://cdn.banki.ru/cdn/bank/193976_mobile_logo_url.png,2964,www.uralprombank.ru,+7 (351) 239-65-65,"454090, г. Челябинск, ул. Свободы, д. 97",uralprombank,RUB,https://www.banki.ru/products/credits/credit/201111/,25.5,28.5,,30000,200000,,31,1095,1y,3y,,e052be48868daa7fca0c6c3836bfbe9e5fbfccaa95691b920ba57c754ecb423b,True,2026-08-24 13:50:38,,"25,5–28,5%",,,30 000–200 000 ₽,4,,,,,,,,
19313,50503,credit,Под залог недвижимости,Под залог недвижимости,https://www.banki.ru/products/credits/credit/505/,https://cdn.banki.ru/cdn/bank/191107_mobile_logo_url.png,07.04.2026 17:15,191107,1911071,bank,Дальневосточный Банк,https://cdn.banki.ru/cdn/bank/191107_mobile_logo_url.png,843,www.dvbank.ru,8 800 555-22-05,"690990, г. Владивосток, ул. Верхнепортовая, д. 27а",dalnevostochny,RUB,https://www.banki.ru/products/credits/credit/505/,19.0,23.0,,500000,100000000,,365,3650,1y,10y,,b61b5c4fd2d8e3c964b57f811a4fcf1cc5e7a113eb0f0c11f798fc2a63ba0cd1,True,2026-08-24 13:50:38,,19–23%,,,500 000–100 000 000 ₽,4,,,,,,,,
16747,50303,credit,Наличными,Наличными,https://www.banki.ru/products/credits/credit/503/,https://cdn.banki.ru/cdn/bank/191107_mobile_logo_url.png,07.04.2026 17:12,191107,1911071,bank,Дальневосточный Банк,https://cdn.banki.ru/cdn/bank/191107_mobile_logo_url.png,843,www.dvbank.ru,8 800 555-22-05,"690990, г. Владивосток, ул. Верхнепортовая, д. 27а",dalnevostochny,RUB,https://www.banki.ru/products/credits/credit/503/,20.0,31.0,,40000,3000000,,730,1825,2y,5y,,21f6bce3ca82cc895f627c1694f4adecd91deebf30934b05ff6eb37119a32d52,True,2026-08-24 13:50:38,,20–31%,,,40 000–3 000 000 ₽,4,,,,,,,,
18152,20111103,credit,На любые цели (под поручительство),На любые цели (под поручительство),https://www.banki.ru/products/credits/credit/201111/,https://cdn.banki.ru/cdn/bank/193976_mobile_logo_url.png,15.06.2026 18:38,193976,1939761,bank,Уралпромбанк,https://cdn.banki.ru/cdn/bank/193976_mobile_logo_url.png,2964,www.uralprombank.ru,+7 (351) 239-65-65,"454090, г. Челябинск, ул. Свободы, д. 97",uralprombank,RUB,https://www.banki.ru/products/credits/credit/201111/,25.5,28.5,,30000,200000,,31,1095,1y,3y,,9d77b6773b714756d14c41ecde41a764df544fd62167f8c59421c67cf644453e,True,2026-08-24 13:50:38,,"25,5–28,5%",,,30 000–200 000 ₽,4,,,,,,,,
16886,356203,credit,Наличными,Наличными,https://www.banki.ru/products/credits/credit/3562/,https://cdn.banki.ru/cdn/bank/2237_mobile_logo_url.png,15.12.2025 15:57,2237,22371,bank,Банк ДОМ.РФ,https://cdn.banki.ru/cdn/bank/2237_mobile_logo_url.png,2312,domrfbank.ru,8 800 775-86-86 ,"125009, г. Москва, ул. Воздвиженка, д. 10
",domrfbank,RUB,https://www.banki.ru/products/credits/credit/3562/,18.5,37.5,,100000,10000000,,730,2555,2y,7y,,c4c1a420c7389cffc59fcb63e11ee6dbf3a270b3905bf1935c06172f4bc41d0f,True,2026-08-24 13:50:38,,"18,5–37,5%",,,100 000–10 000 000 ₽,4,,,,,,,,
19722,20114903,credit,Под залог квартиры,Под залог квартиры,https://www.banki.ru/products/credits/credit/201149/,https://cdn.banki.ru/cdn/bank/2237_mobile_logo_url.png,15.12.2025 15:54,2237,22371,bank,Банк ДОМ.РФ,https://cdn.banki.ru/cdn/bank/2237_mobile_logo_url.png,2312,domrfbank.ru,8 800 775-86-86 ,"125009, г. Москва, ул. Воздвиженка, д. 10
",domrfbank,RUB,https://www.banki.ru/products/credits/credit/201149/,27.0,28.0,,500000,30000000,,1095,10950,3y,30y,,8324d1181de320f509c53e52dd144b860a91fe088024be14a43f35931aea1a9e,True,2026-08-24 13:50:38,,27–28%,,,500 000–30 000 000 ₽,4,,,,,,,,
17605,20100703,credit,Он-лайн-кредит,Он-лайн-кредит,https://www.banki.ru/products/credits/credit/201007/,https://cdn.banki.ru/cdn/bank/191044_mobile_logo_url.png,02.07.2026 16:45,191044,1910441,bank,Челиндбанк,https://cdn.banki.ru/cdn/bank/191044_mobile_logo_url.png,485,www.chelindbank.ru,8 800 500-18-00,"454091, г. Челябинск, ул. К. Маркса, д. 80",chelindbank,RUB,https://www.banki.ru/products/credits/credit/201007/,27.9,34.9,,50000,500000,,365,1825,1y,5y,,f0005234782c1c1a9e03d62495073354442ef44aab19054c7c72de98ce02bc76,True,2026-08-24 13:50:38,,"27,9–34,9%",,,50 000–500 000 ₽,4,,,,,,,,
25299,21120003,credit,На любые цели,На любые цели,https://www.banki.ru/products/credits/credit/211200/,https://cdn.banki.ru/cdn/bank/191044_mobile_logo_url.png,02.07.2026 16:45,191044,1910441,bank,Челиндбанк,https://cdn.banki.ru/cdn/bank/191044_mobile_logo_url.png,485,www.chelindbank.ru,8 800 500-18-00,"454091, г. Челябинск, ул. К. Маркса, д. 80",chelindbank,RUB,https://www.banki.ru/products/credits/credit/211200/,21.9,34.9,,50000,1500000,,365,1825,1y,5y,,2de023a9b8b12794e172132e9f4c7c7355f8dff8289867d04d0e1bc4d1b51005,True,2026-08-24 13:50:38,,"21,9–34,9%",,,50 000–1 500 000 ₽,4,,,,,,,,
25300,21120103,credit,На любые цели (с обеспечением),На любые цели (с обеспечением),https://www.banki.ru/products/credits/credit/211201/,https://cdn.banki.ru/cdn/bank/191044_mobile_logo_url.png,02.07.2026 16:45,191044,1910441,bank,Челиндбанк,https://cdn.banki.ru/cdn/bank/191044_mobile_logo_url.png,485,www.chelindbank.ru,8 800 500-18-00,"454091, г. Челябинск, ул. К. Маркса, д. 80",chelindbank,RUB,https://www.banki.ru/products/credits/credit/211201/,17.9,27.9,,50000,10000000,,365,2555,1y,7y,,16ba41927a29142a120f46f06d9fac850a93bb34feeb626bf66e27be86e68cf7,True,2026-08-24 13:50:38,,"17,9–27,9%",,,50 000–10 000 000 ₽,4,,,,,,,,
19469,20100803,credit,Под залог недвижимости,Под залог недвижимости,https://www.banki.ru/products/credits/credit/201008/,https://cdn.banki.ru/cdn/bank/191044_mobile_logo_url.png,02.07.2026 16:46,191044,1910441,bank,Челиндбанк,https://cdn.banki.ru/cdn/bank/191044_mobile_logo_url.png,485,www.chelindbank.ru,8 800 500-18-00,"454091, г. Челябинск, ул. К. Маркса, д. 80",chelindbank,RUB,https://www.banki.ru/products/credits/credit/201008/,20.5,21.0,,500000,10000000,,365,3650,1y,10y,,4bcd84d85e64d20c03219904c0ba77ec2cfa6e8e3efcc06f6eefdea43efdd2cd,True,2026-08-24 13:50:38,,"20,5–21%",,,500 000–10 000 000 ₽,4,,,,,,,,
16749,51603,credit,Оптимальный,Оптимальный,https://www.banki.ru/products/credits/credit/516/,https://cdn.banki.ru/cdn/bank/191203_mobile_logo_url.png,24.04.2026 12:26,191203,1912031,bank,Примсоцбанк,https://cdn.banki.ru/cdn/bank/191203_mobile_logo_url.png,2733,www.pskb.com,8 800 350-42-02,"690106, Приморский край, г. Владивосток, Партизанский пр-т, д. 44",primsotsbank,RUB,https://www.banki.ru/products/credits/credit/516/,27.9,29.9,,30000,2000000,,397,1825,13m,5y,,609366e236b08069473b4a10f317b931142882c2c0278627c2f28f89d937e4b8,True,2026-08-24 13:50:38,,"27,9–29,9%",,,30 000–2 000 000 ₽,4,,,,,,,,
17632,20103503,credit,Под залог авто,Под залог авто,https://www.banki.ru/products/credits/credit/201035/,https://cdn.banki.ru/cdn/bank/95970_mobile_logo_url.png,09.12.2025 17:23,95970,959701,bank,Уральский банк реконструкции и развития (УБРиР),https://cdn.banki.ru/cdn/bank/95970_mobile_logo_url.png,429,www.ubrr.ru,8 800 100-02-00,"620063, г. Екатеринбург, ул. 8 Марта, д. 51",ubrr,RUB,https://www.banki.ru/products/credits/credit/201035/,16.4,37.0,,200000,5000000,,1460,3650,10y,10y,,4833eb49d1bc1b445d272a43a0f2821c90bd87e6febd43aabb0f9d3f8e1a7e0d,True,2026-08-24 13:50:38,,"16,4–37%",,,200 000–5 000 000 ₽,4,,,,,,,,
16756,60903,credit,На любые цели,На любые цели,https://www.banki.ru/products/credits/credit/609/,https://cdn.banki.ru/cdn/bank/95970_mobile_logo_url.png,09.12.2025 17:15,95970,959701,bank,Уральский банк реконструкции и развития (УБРиР),https://cdn.banki.ru/cdn/bank/95970_mobile_logo_url.png,429,www.ubrr.ru,8 800 100-02-00,"620063, г. Екатеринбург, ул. 8 Марта, д. 51",ubrr,RUB,https://www.banki.ru/products/credits/credit/609/,17.9,37.0,,100000,5000000,,1095,1825,5y,5y,,9058769ec7e84a6cae16663c5c2f542c8428a8a77b80663a8ac7b7355ee26abd,True,2026-08-24 13:50:38,,"17,9–37%",,,100 000–5 000 000 ₽,4,,,,,,,,
16993,438803,credit,Без справок,Без справок,https://www.banki.ru/products/credits/credit/4388/,https://cdn.banki.ru/cdn/bank/95970_mobile_logo_url.png,09.12.2025 17:06,95970,959701,bank,Уральский банк реконструкции и развития (УБРиР),https://cdn.banki.ru/cdn/bank/95970_mobile_logo_url.png,429,www.ubrr.ru,8 800 100-02-00,"620063, г. Екатеринбург, ул. 8 Марта, д. 51",ubrr,RUB,https://www.banki.ru/products/credits/credit/4388/,18.4,37.0,,100000,700000,,1095,1825,5y,5y,,389df3e43d3fc67db1739f59211051b95e2530eb380ef49d6b6aef94c67383a5,True,2026-08-24 13:50:38,,"18,4–37%",,,100 000–700 000 ₽,4,,,,,,,,
17629,20103203,credit,Под залог автомобиля,Под залог автомобиля,https://www.banki.ru/products/credits/credit/201032/,https://cdn.banki.ru/cdn/bank/6055_mobile_logo_url.png,09.12.2025 19:05,6055,60551,bank,МТС Банк,https://cdn.banki.ru/cdn/bank/6055_mobile_logo_url.png,2268,www.mtsbank.ru,8 800 250-05-20,"115432, г. Москва, просп. Андропова, д. 18, корп. 1",mts-bank,RUB,https://www.banki.ru/products/credits/credit/201032/,17.9,33.9,,100000,5000000,,365,1825,1y,5y,,beef8f01f90e6a858e8ff9c17c5649c2e5fb7187c8a78238c2d4f3ea1bf9ae68,True,2026-08-24 13:50:38,,"17,9–33,9%",,,100 000–5 000 000 ₽,4,,,,,,,,
17085,480103,credit,На любые цели,На любые цели,https://www.banki.ru/products/credits/credit/4801/,https://cdn.banki.ru/cdn/bank/6055_mobile_logo_url.png,09.12.2025 19:04,6055,60551,bank,МТС Банк,https://cdn.banki.ru/cdn/bank/6055_mobile_logo_url.png,2268,www.mtsbank.ru,8 800 250-05-20,"115432, г. Москва, просп. Андропова, д. 18, корп. 1",mts-bank,RUB,https://www.banki.ru/products/credits/credit/4801/,18.9,39.9,,20000,5000000,,365,1825,1y,5y,,277064f7b662321203a49037599b28bcb97a3ef55e2be56459734646a2673197,True,2026-08-24 13:50:38,,"18,9–39,9%",,,20 000–5 000 000 ₽,4,,,,,,,,
19410,501403,credit,Под залог недвижимости,Под залог недвижимости,https://www.banki.ru/products/credits/credit/5014/,https://cdn.banki.ru/cdn/bank/6055_mobile_logo_url.png,09.12.2025 19:03,6055,60551,bank,МТС Банк,https://cdn.banki.ru/cdn/bank/6055_mobile_logo_url.png,2268,www.mtsbank.ru,8 800 250-05-20,"115432, г. Москва, просп. Андропова, д. 18, корп. 1",mts-bank,RUB,https://www.banki.ru/products/credits/credit/5014/,20.5,26.9,,500000,10000000,,365,5475,1y,15y,,e7c15ed3e133fc569a20a46a7364840aade62793a411c17510f2afcee4b200c4,True,2026-08-24 13:50:38,,"20,5–26,9%",,,500 000–10 000 000 ₽,4,,,,,,,,
17013,447403,credit,Доверительный,Доверительный,https://www.banki.ru/products/credits/credit/4474/,https://cdn.banki.ru/cdn/bank/191070_mobile_logo_url.png,11.12.2025 17:41,191070,1910701,bank,Урал ФД,https://cdn.banki.ru/cdn/bank/191070_mobile_logo_url.png,249,www.uralfd.ru,8 800 100-10-40,"614066, г. Пермь, ул. Стахановская, д. 54 стр. Д",uralfd,RUB,https://www.banki.ru/products/credits/credit/4474/,18.99,35.99,,50000,5000000,,397,1825,13m,5y,,3cb5ed3702fee91b78fe0c72f15dc40ebbdf5206a84121db49f712dec8e788dc,True,2026-08-24 13:50:38,,"18,99–35,99%",,,50 000–5 000 000 ₽,4,,,,,,,,
19317,87203,credit,Универсальный (под залог недвижимости),Универсальный (под залог недвижимости),https://www.banki.ru/products/credits/credit/872/,https://cdn.banki.ru/cdn/bank/191070_mobile_logo_url.png,11.12.2025 17:46,191070,1910701,bank,Урал ФД,https://cdn.banki.ru/cdn/bank/191070_mobile_logo_url.png,249,www.uralfd.ru,8 800 100-10-40,"614066, г. Пермь, ул. Стахановская, д. 54 стр. Д",uralfd,RUB,https://www.banki.ru/products/credits/credit/872/,23.0,25.5,,500000,10000000,,1095,10950,3y,30y,,6f7ffab8fc7bd9397a6d7a3134f7ba449078e2039dda9d48bc3ce03773af6628,True,2026-08-24 13:50:38,,"23–25,5%",,,500 000–10 000 000 ₽,4,,,,,,,,
16747,50303,credit,Наличными,Наличными,https://www.banki.ru/products/credits/credit/503/,https://cdn.banki.ru/cdn/bank/191107_mobile_logo_url.png,11.12.2025 18:02,191107,1911071,bank,Дальневосточный Банк,https://cdn.banki.ru/cdn/bank/191107_mobile_logo_url.png,843,www.dvbank.ru,8 800 555-22-05,"690990, г. Владивосток, ул. Верхнепортовая, д. 27а",dalnevostochny,RUB,https://www.banki.ru/products/credits/credit/503/,19.5,27.5,,40000,3000000,,730,1825,2y,5y,,1012e1165a8a6c6b224f2faa8318d88150cbba331765c22c37af8266cc01f956,True,2026-08-24 13:50:38,,"19,5–27,5%",,,40 000–3 000 000 ₽,4,,,,,,,,
19313,50503,credit,Под залог недвижимости,Под залог недвижимости,https://www.banki.ru/products/credits/credit/505/,https://cdn.banki.ru/cdn/bank/191107_mobile_logo_url.png,11.12.2025 18:05,191107,1911071,bank,Дальневосточный Банк,https://cdn.banki.ru/cdn/bank/191107_mobile_logo_url.png,843,www.dvbank.ru,8 800 555-22-05,"690990, г. Владивосток, ул. Верхнепортовая, д. 27а",dalnevostochny,RUB,https://www.banki.ru/products/credits/credit/505/,20.2,24.5,,300000,100000000,,365,3650,1y,10y,,c53212d74ff86c4edb2a826e04d03698e23d9e763d585f6477ca5f8e0b4b793c,True,2026-08-24 13:50:38,,"20,2–24,5%",,,300 000–100 000 000 ₽,4,,,,,,,,
18152,20111103,credit,На любые цели (под поручительство),На любые цели (под поручительство),https://www.banki.ru/products/credits/credit/201111/,https://cdn.banki.ru/cdn/bank/193976_mobile_logo_url.png,02.12.2025 14:55,193976,1939761,bank,Уралпромбанк,https://cdn.banki.ru/cdn/bank/193976_mobile_logo_url.png,2964,www.uralprombank.ru,+7 (351) 239-65-65,"454090, г. Челябинск, ул. Свободы, д. 97
",uralprombank,RUB,https://www.banki.ru/products/credits/credit/201111/,28.5,30.5,,30000,200000,,31,1095,1y,3y,,238b0482826ccc9791e2d3829c3c7f85119bf52ec90e37a501c1c93c802f8a10,True,2026-08-24 13:50:38,,"28,5–30,5%",,,30 000–200 000 ₽,4,,,,,,,,
20031,21117903,credit,Наличными с оформлением на Банки.ру,Наличными с оформлением на Банки.ру,https://www.banki.ru/products/credits/credit/211179/,https://cdn.banki.ru/cdn/bank/16196_mobile_logo_url.png,24.11.2025 12:32,16196,161961,bank,ОТП Банк,https://cdn.banki.ru/cdn/bank/16196_mobile_logo_url.png,2766,www.otpbank.ru,+7 (495) 775-47-75,"125171, г. Москва, Ленинградское ш., д. 16а, стр. 2
",otpbank,RUB,https://www.banki.ru/products/credits/credit/211179/,13.9,51.9,,15000,3000000,,365,2555,1y,7y,,866ae4c6a510202ad5c354ed5f03c9314700e01b7ec8da817d4600fc61366fb7,True,2026-08-24 13:50:38,,"13,9–51,9%",,,15 000–3 000 000 ₽,4,,,,,,,,
19366,394203,credit,Целевой,Целевой,https://www.banki.ru/products/credits/credit/3942/,https://cdn.banki.ru/cdn/bank/192862_mobile_logo_url.png,12.03.2026 17:20,192862,1928621,bank,Хлынов,https://cdn.banki.ru/cdn/bank/192862_mobile_logo_url.png,254,www.bank-hlynov.ru,8 800 250-27-77,"610002, г. Киров, ул. Успенская, д. 40",hlynov,RUB,https://www.banki.ru/products/credits/credit/3942/,20.9,28.9,,1000000,3000000,,92,1825,3m,5y,,c10e1d8f02462f0446a63b136f008030faafc317268dd3d6c231ec1b2de7d5ec,True,2026-08-24 13:50:38,,"20,9–28,9%",,,1 000 000–3 000 000 ₽,4,,,,,,,,
16783,155503,credit,Потребительский,Потребительский,https://www.banki.ru/products/credits/credit/1555/,https://cdn.banki.ru/cdn/bank/192862_mobile_logo_url.png,12.03.2026 16:54,192862,1928621,bank,Хлынов,https://cdn.banki.ru/cdn/bank/192862_mobile_logo_url.png,254,www.bank-hlynov.ru,8 800 250-27-77,"610002, г. Киров, ул. Успенская, д. 40",hlynov,RUB,https://www.banki.ru/products/credits/credit/1555/,24.9,28.9,,30000,1500000,,92,1825,3m,5y,,8c80a28bd65257c8bc68382dd32e250e47c88ad329df65769af2922f13bd2402,True,2026-08-24 13:50:38,,"24,9–28,9%",,,30 000–1 500 000 ₽,4,,,,,,,,
19366,394203,credit,Целевой,Целевой,https://www.banki.ru/products/credits/credit/3942/,https://cdn.banki.ru/cdn/bank/192862_mobile_logo_url.png,07.04.2026 18:49,192862,1928621,bank,Хлынов,https://cdn.banki.ru/cdn/bank/192862_mobile_logo_url.png,254,www.bank-hlynov.ru,8 800 250-27-77,"610002, г. Киров, ул. Успенская, д. 40",hlynov,RUB,https://www.banki.ru/products/credits/credit/3942/,19.4,29.4,,1000000,3000000,,92,1825,3m,5y,,7268193aeee321521fb25020b933a45d5e99486289e03c6aaa7effb48930ef20,True,2026-08-24 13:50:38,,"19,4–29,4%",,,1 000 000–3 000 000 ₽,4,,,,,,,,
19324,155603,credit,Потребительский (с обеспечением),Потребительский (с обеспечением),https://www.banki.ru/products/credits/credit/1556/,https://cdn.banki.ru/cdn/bank/192862_mobile_logo_url.png,07.04.2026 18:37,192862,1928621,bank,Хлынов,https://cdn.banki.ru/cdn/bank/192862_mobile_logo_url.png,254,www.bank-hlynov.ru,8 800 250-27-77,"610002, г. Киров, ул. Успенская, д. 40",hlynov,RUB,https://www.banki.ru/products/credits/credit/1556/,21.4,29.4,,1500001,3000000,,92,1825,3m,5y,,2b8a7f3df18a85a327e7b8388cbe771bda3c8e9479925ae03bb5d9dc3ec8098e,True,2026-08-24 13:50:38,,"21,4–29,4%",,,1 500 001–3 000 000 ₽,4,,,,,,,,
16783,155503,credit,Потребительский,Потребительский,https://www.banki.ru/products/credits/credit/1555/,https://cdn.banki.ru/cdn/bank/192862_mobile_logo_url.png,07.04.2026 18:36,192862,1928621,bank,Хлынов,https://cdn.banki.ru/cdn/bank/192862_mobile_logo_url.png,254,www.bank-hlynov.ru,8 800 250-27-77,"610002, г. Киров, ул. Успенская, д. 40",hlynov,RUB,https://www.banki.ru/products/credits/credit/1555/,24.4,29.4,,30000,1500000,,92,1825,3m,5y,,389fb1cce07f39639ace5b43925b39480b79fad55d62d80864d9b8c7ea7cd279,True,2026-08-24 13:50:38,,"24,4–29,4%",,,30 000–1 500 000 ₽,4,,,,,,,,
19324,155603,credit,Потребительский (с обеспечением),Потребительский (с обеспечением),https://www.banki.ru/products/credits/credit/1556/,https://cdn.banki.ru/cdn/bank/192862_mobile_logo_url.png,01.12.2025 15:23,192862,1928621,bank,Хлынов,https://cdn.banki.ru/cdn/bank/192862_mobile_logo_url.png,254,www.bank-hlynov.ru,8 800 250-27-77,"610002, г. Киров, ул. Успенская, д. 40
",hlynov,RUB,https://www.banki.ru/products/credits/credit/1556/,22.9,35.9,,1500001,3000000,,92,1825,3m,5y,,c86427dca0d2fa705d0da15d9bfde3a17882ab1c98df83e93dc43f4d1bef4997,True,2026-08-24 13:50:38,,"22,9–35,9%",,,1 500 001–3 000 000 ₽,4,,,,,,,,
19366,394203,credit,Целевой,Целевой,https://www.banki.ru/products/credits/credit/3942/,https://cdn.banki.ru/cdn/bank/192862_mobile_logo_url.png,01.12.2025 15:27,192862,1928621,bank,Хлынов,https://cdn.banki.ru/cdn/bank/192862_mobile_logo_url.png,254,www.bank-hlynov.ru,8 800 250-27-77,"610002, г. Киров, ул. Успенская, д. 40
",hlynov,RUB,https://www.banki.ru/products/credits/credit/3942/,22.9,35.9,,1000000,3000000,,92,1825,3m,5y,,6d5d1991919ca2e442044e17f54c2ccbaefe84ae4ba4711861b48fec16f87303,True,2026-08-24 13:50:38,,"22,9–35,9%",,,1 000 000–3 000 000 ₽,4,,,,,,,,
16783,155503,credit,Потребительский,Потребительский,https://www.banki.ru/products/credits/credit/1555/,https://cdn.banki.ru/cdn/bank/192862_mobile_logo_url.png,01.12.2025 15:23,192862,1928621,bank,Хлынов,https://cdn.banki.ru/cdn/bank/192862_mobile_logo_url.png,254,www.bank-hlynov.ru,8 800 250-27-77,"610002, г. Киров, ул. Успенская, д. 40
",hlynov,RUB,https://www.banki.ru/products/credits/credit/1555/,24.9,35.9,,30000,1500000,,92,1825,3m,5y,,a5957504be30ea78b3c50d0b34f2242192c89a6bbfc8d0b2853ee3d0d05c3aab,True,2026-08-24 13:50:38,,"24,9–35,9%",,,30 000–1 500 000 ₽,4,,,,,,,,
17750,20108403,credit,Универсальный,Универсальный,https://www.banki.ru/products/credits/credit/201084/,https://cdn.banki.ru/cdn/bank/195635_mobile_logo_url.png,15.12.2025 18:55,195635,1956351,bank,БАНК НБС,https://cdn.banki.ru/cdn/bank/195635_mobile_logo_url.png,1949,www.nbsrf.ru,+7 (4932) 59-11-59,"153000, г. Иваново, ул. Палехская, д. 2
",nbs,RUB,https://www.banki.ru/products/credits/credit/201084/,20.9,26.9,,50000,500000,,366,1098,25m,36m,,960b5842f5694b3c6bb4de312cc90d9fa96c1e7aa4929c6f80084ca4eb43c1fe,True,2026-08-24 13:50:38,,"20,9–26,9%",,,50 000–500 000 ₽,4,,,,,,,,
17763,20108803,credit,Про-сто,Про-сто,https://www.banki.ru/products/credits/credit/201088/,https://cdn.banki.ru/cdn/bank/195635_mobile_logo_url.png,15.12.2025 18:50,195635,1956351,bank,БАНК НБС,https://cdn.banki.ru/cdn/bank/195635_mobile_logo_url.png,1949,www.nbsrf.ru,+7 (4932) 59-11-59,"153000, г. Иваново, ул. Палехская, д. 2
",nbs,RUB,https://www.banki.ru/products/credits/credit/201088/,29.9,29.9,,100000,100000,,365,365,1y,1y,,556c8d98a744afab76ebc868f533d91f33f17bb514ced3de14cce04992fa0668,True,2026-08-24 13:50:38,,"29,9%",,,100 000 ₽,4,,,,,,,,
19366,394203,credit,Целевой,Целевой,https://www.banki.ru/products/credits/credit/3942/,https://cdn.banki.ru/cdn/bank/192862_mobile_logo_url.png,01.07.2026 18:35,192862,1928621,bank,Хлынов,https://cdn.banki.ru/cdn/bank/192862_mobile_logo_url.png,254,www.bank-hlynov.ru,8 800 250-27-77,"610002, г. Киров, ул. Успенская, д. 40",hlynov,RUB,https://www.banki.ru/products/credits/credit/3942/,18.9,28.9,,1000000,3000000,,92,1825,3m,5y,,e4d91d8d73a11fef35a19c3bacd8f9e4ca5bf107c086fb1e9b7b2c595bb4439a,True,2026-08-24 13:50:38,,"18,9–28,9%",,,1 000 000–3 000 000 ₽,4,,,,,,,,
16783,155503,credit,Потребительский,Потребительский,https://www.banki.ru/products/credits/credit/1555/,https://cdn.banki.ru/cdn/bank/192862_mobile_logo_url.png,01.07.2026 18:29,192862,1928621,bank,Хлынов,https://cdn.banki.ru/cdn/bank/192862_mobile_logo_url.png,254,www.bank-hlynov.ru,8 800 250-27-77,"610002, г. Киров, ул. Успенская, д. 40",hlynov,RUB,https://www.banki.ru/products/credits/credit/1555/,23.9,28.9,,30000,1500000,,92,1825,3m,5y,,b222b9040673a514c48ce2d84f88d45fd03f79fa31b83355ab0a22940c1d35c2,True,2026-08-24 13:50:38,,"23,9–28,9%",,,30 000–1 500 000 ₽,4,,,,,,,,
19485,20105803,credit,По паспорту (с обеспечением),По паспорту (с обеспечением),https://www.banki.ru/products/credits/credit/201058/,https://cdn.banki.ru/cdn/bank/192862_mobile_logo_url.png,01.07.2026 18:28,192862,1928621,bank,Хлынов,https://cdn.banki.ru/cdn/bank/192862_mobile_logo_url.png,254,www.bank-hlynov.ru,8 800 250-27-77,"610002, г. Киров, ул. Успенская, д. 40",hlynov,RUB,https://www.banki.ru/products/credits/credit/201058/,32.9,32.9,,5000,100000,,92,1825,3m,5y,,3bb61b749be0532c01b4a5a246b52d729a09d75b4958da1c9f9f0912871eceb3,True,2026-08-24 13:50:38,,"32,9%",,,5 000–100 000 ₽,4,,,,,,,,
19324,155603,credit,Потребительский (с обеспечением),Потребительский (с обеспечением),https://www.banki.ru/products/credits/credit/1556/,https://cdn.banki.ru/cdn/bank/192862_mobile_logo_url.png,01.07.2026 18:29,192862,1928621,bank,Хлынов,https://cdn.banki.ru/cdn/bank/192862_mobile_logo_url.png,254,www.bank-hlynov.ru,8 800 250-27-77,"610002, г. Киров, ул. Успенская, д. 40",hlynov,RUB,https://www.banki.ru/products/credits/credit/1556/,20.9,28.9,,1500001,3000000,,92,1825,3m,5y,,d0d30868278ed706af89e7865411e29d542f0cfca8369efb7f6e8da5216bb14f,True,2026-08-24 13:50:38,,"20,9–28,9%",,,1 500 001–3 000 000 ₽,4,,,,,,,,
19324,155603,credit,Потребительский (с обеспечением),Потребительский (с обеспечением),https://www.banki.ru/products/credits/credit/1556/,https://cdn.banki.ru/cdn/bank/192862_mobile_logo_url.png,12.12.2025 17:05,192862,1928621,bank,Хлынов,https://cdn.banki.ru/cdn/bank/192862_mobile_logo_url.png,254,www.bank-hlynov.ru,8 800 250-27-77,"610002, г. Киров, ул. Успенская, д. 40",hlynov,RUB,https://www.banki.ru/products/credits/credit/1556/,22.4,29.9,,1500001,3000000,,92,1825,3m,5y,,811f352b79cc716c6cad24e9c97b8195b287c51e8a0a7dadedc98d2be4877038,True,2026-08-24 13:50:38,,"22,4–29,9%",,,1 500 001–3 000 000 ₽,4,,,,,,,,
19366,394203,credit,Целевой,Целевой,https://www.banki.ru/products/credits/credit/3942/,https://cdn.banki.ru/cdn/bank/192862_mobile_logo_url.png,12.12.2025 17:05,192862,1928621,bank,Хлынов,https://cdn.banki.ru/cdn/bank/192862_mobile_logo_url.png,254,www.bank-hlynov.ru,8 800 250-27-77,"610002, г. Киров, ул. Успенская, д. 40",hlynov,RUB,https://www.banki.ru/products/credits/credit/3942/,22.4,29.9,,1000000,3000000,,92,1825,3m,5y,,7eed2716b244401b7e14250ac7e0ff8cbf086bdf269e1b5a430cc69564fce44d,True,2026-08-24 13:50:38,,"22,4–29,9%",,,1 000 000–3 000 000 ₽,4,,,,,,,,
16783,155503,credit,Потребительский,Потребительский,https://www.banki.ru/products/credits/credit/1555/,https://cdn.banki.ru/cdn/bank/192862_mobile_logo_url.png,12.12.2025 17:06,192862,1928621,bank,Хлынов,https://cdn.banki.ru/cdn/bank/192862_mobile_logo_url.png,254,www.bank-hlynov.ru,8 800 250-27-77,"610002, г. Киров, ул. Успенская, д. 40",hlynov,RUB,https://www.banki.ru/products/credits/credit/1555/,24.4,29.9,,30000,1500000,,91,1825,3m,5y,,89e85e15bb44b9719bb54fc8fdee86d4b8be67eb2ca3e29802a50cc794ce1bad,True,2026-08-24 13:50:38,,"24,4–29,9%",,,30 000–1 500 000 ₽,4,,,,,,,,
19485,20105803,credit,По паспорту (с обеспечением),По паспорту (с обеспечением),https://www.banki.ru/products/credits/credit/201058/,https://cdn.banki.ru/cdn/bank/192862_mobile_logo_url.png,12.12.2025 16:32,192862,1928621,bank,Хлынов,https://cdn.banki.ru/cdn/bank/192862_mobile_logo_url.png,254,www.bank-hlynov.ru,8 800 250-27-77,"610002, г. Киров, ул. Успенская, д. 40",hlynov,RUB,https://www.banki.ru/products/credits/credit/201058/,33.9,33.9,,5000,100000,,92,1825,3m,5y,,ff106ae29cc7cf058370a9ff661486040a8234eb52bb33ba2c39e6438143c091,True,2026-08-24 13:50:38,,"33,9%",,,5 000–100 000 ₽,4,,,,,,,,
17049,463803,credit,По паспорту,По паспорту,https://www.banki.ru/products/credits/credit/4638/,https://cdn.banki.ru/cdn/bank/192862_mobile_logo_url.png,12.12.2025 15:27,192862,1928621,bank,Хлынов,https://cdn.banki.ru/cdn/bank/192862_mobile_logo_url.png,254,www.bank-hlynov.ru,8 800 250-27-77,"610002, г. Киров, ул. Успенская, д. 40",hlynov,RUB,https://www.banki.ru/products/credits/credit/4638/,35.9,35.9,,5000,100000,,92,1825,3m,5y,,a5c4d9cd1a41a70379205861ae51da8c92858a8da75ee354016cc4dc4b8344b2,True,2026-08-24 13:50:38,,"35,9%",,,5 000–100 000 ₽,4,,,,,,,,
19366,394203,credit,Целевой,Целевой,https://www.banki.ru/products/credits/credit/3942/,https://cdn.banki.ru/cdn/bank/192862_mobile_logo_url.png,23.06.2026 14:04,192862.0,1928621.0,bank,Хлынов,https://cdn.banki.ru/cdn/bank/192862_mobile_logo_url.png,254,www.bank-hlynov.ru,8 800 250-27-77,"610002, г. Киров, ул. Успенская, д. 40",hlynov,RUB,https://www.banki.ru/products/credits/credit/3942/,18.9,28.9,,1000000,3000000,,92,1825,3m,5y,,f5d2c492dfde36a4323de605a8149023309db55155c0d05df367d7f5403bc683,True,2026-08-24 13:50:38,,"18,9–28,9%",,,1 000 000–3 000 000 ₽,4,,,,,,,,
19324,155603,credit,Потребительский (с обеспечением),Потребительский (с обеспечением),https://www.banki.ru/products/credits/credit/1556/,https://cdn.banki.ru/cdn/bank/192862_mobile_logo_url.png,23.06.2026 13:54,192862.0,1928621.0,bank,Хлынов,https://cdn.banki.ru/cdn/bank/192862_mobile_logo_url.png,254,www.bank-hlynov.ru,8 800 250-27-77,"610002, г. Киров, ул. Успенская, д. 40",hlynov,RUB,https://www.banki.ru/products/credits/credit/1556/,20.9,28.9,,1500001,3000000,,92,1825,3m,5y,,aa2f4a142c6df2a8fc58a2d41633cb79b8fa3a24e657eec1427687245c6ed87c,True,2026-08-24 13:50:38,,"20,9–28,9%",,,1 500 001–3 000 000 ₽,4,,,,,,,,
16783,155503,credit,Потребительский,Потребительский,https://www.banki.ru/products/credits/credit/1555/,https://cdn.banki.ru/cdn/bank/192862_mobile_logo_url.png,23.06.2026 13:33,192862.0,1928621.0,bank,Хлынов,https://cdn.banki.ru/cdn/bank/192862_mobile_logo_url.png,254,www.bank-hlynov.ru,8 800 250-27-77,"610002, г. Киров, ул. Успенская, д. 40",hlynov,RUB,https://www.banki.ru/products/credits/credit/1555/,23.9,28.9,,30000,1500000,,92,1825,3m,5y,,09082c26d87bfb96d77fde79b1cbb3c1cfb1b6c64d391ebf2303ff88a69f6009,True,2026-08-24 13:50:38,,"23,9–28,9%",,,30 000–1 500 000 ₽,4,,,,,,,,
19485,20105803,credit,По паспорту (с обеспечением),По паспорту (с обеспечением),https://www.banki.ru/products/credits/credit/201058/,https://cdn.banki.ru/cdn/bank/192862_mobile_logo_url.png,23.06.2026 13:53,192862.0,1928621.0,bank,Хлынов,https://cdn.banki.ru/cdn/bank/192862_mobile_logo_url.png,254,www.bank-hlynov.ru,8 800 250-27-77,"610002, г. Киров, ул. Успенская, д. 40",hlynov,RUB,https://www.banki.ru/products/credits/credit/201058/,32.9,32.9,,5000,100000,,92,1825,3m,5y,,2c777bac74248a87922132548e3b24155e9623521dd483ede1eb9ae1bd166443,True,2026-08-24 13:50:38,,"32,9%",,,5 000–100 000 ₽,4,,,,,,,,
17049,463803,credit,По паспорту,По паспорту,https://www.banki.ru/products/credits/credit/4638/,https://cdn.banki.ru/cdn/bank/192862_mobile_logo_url.png,23.06.2026 12:08,192862.0,1928621.0,bank,Хлынов,https://cdn.banki.ru/cdn/bank/192862_mobile_logo_url.png,254,www.bank-hlynov.ru,8 800 250-27-77,"610002, г. Киров, ул. Успенская, д. 40",hlynov,RUB,https://www.banki.ru/products/credits/credit/4638/,35.9,35.9,,5000,100000,,92,1825,3m,5y,,55bc0d03e867c7d12d2a35594044d13cf930e03fa7590b7fa391eea38ba49d17,True,2026-08-24 13:50:38,,"35,9%",,,5 000–100 000 ₽,4,,,,,,,,
18848,20113503,credit,Наличными ,Наличными ,https://www.banki.ru/products/credits/credit/201135/,https://cdn.banki.ru/cdn/bank/325_mobile_logo_url.png,22.12.2025 12:26,325,3251,bank,Альфа-Банк,https://cdn.banki.ru/cdn/bank/325_mobile_logo_url.png,1326,www.alfabank.ru,8 800 200-00-00,"107078, г. Москва, ул. Каланчевская, д. 27",alfabank,RUB,https://www.banki.ru/products/credits/credit/201135/,18.99,51.99,,30000,7500000,,365,1825,5y,5y,,1c67cdcf58ca09df3baf01d90a25e07065af3ef02c924d915c8eb8085b619b09,True,2026-08-24 13:50:38,,"18,99–51,99%",,,30 000–7 500 000 ₽,4,,,,,,,,
19334,284103,credit,На любые цели под залог недвижимости ,На любые цели под залог недвижимости ,https://www.banki.ru/products/credits/credit/2841/,https://cdn.banki.ru/cdn/bank/325_mobile_logo_url.png,22.12.2025 12:44,325,3251,bank,Альфа-Банк,https://cdn.banki.ru/cdn/bank/325_mobile_logo_url.png,1326,www.alfabank.ru,8 800 200-00-00,"107078, г. Москва, ул. Каланчевская, д. 27",alfabank,RUB,https://www.banki.ru/products/credits/credit/2841/,17.8,30.4,,500000,30000000,,365,5475,1y,15y,,8b39300bd08fc4f65ab0345421c5b3673733fae7b7e12703bdd54a9407e32110,True,2026-08-24 13:50:38,,"17,8–30,4%",,,500 000–30 000 000 ₽,4,,,,,,,,
19855,20115603,credit,Под залог недвижимости для новых клиентов,Под залог недвижимости для новых клиентов,https://www.banki.ru/products/credits/credit/201156/,https://cdn.banki.ru/cdn/bank/325_mobile_logo_url.png,22.12.2025 12:45,325,3251,bank,Альфа-Банк,https://cdn.banki.ru/cdn/bank/325_mobile_logo_url.png,1326,www.alfabank.ru,8 800 200-00-00,"107078, г. Москва, ул. Каланчевская, д. 27",alfabank,RUB,https://www.banki.ru/products/credits/credit/201156/,17.8,30.4,,500000,30000000,,365,5475,1y,15y,,6964e0be6c82eb9331f8a5993937b384512071ae91a4c4d7b686e043d231ec01,True,2026-08-24 13:50:38,,"17,8–30,4%",,,500 000–30 000 000 ₽,4,,,,,,,,
16848,327203,credit,Наличными ,Наличными ,https://www.banki.ru/products/credits/credit/3272/,https://cdn.banki.ru/cdn/bank/325_mobile_logo_url.png,22.12.2025 12:27,325,3251,bank,Альфа-Банк,https://cdn.banki.ru/cdn/bank/325_mobile_logo_url.png,1326,www.alfabank.ru,8 800 200-00-00,"107078, г. Москва, ул. Каланчевская, д. 27",alfabank,RUB,https://www.banki.ru/products/credits/credit/3272/,18.99,51.99,,30000,7500000,,365,1825,5y,5y,,a32db9996fd2034fbfa6807c7462113970bfd84d4997b173268563dcaf9b2157,True,2026-08-24 13:50:38,,"18,99–51,99%",,,30 000–7 500 000 ₽,4,,,,,,,,
17600,20100203,credit,Прайм «Специальный»,Прайм «Специальный»,https://www.banki.ru/products/credits/credit/201002/,https://cdn.banki.ru/cdn/bank/76620_mobile_logo_url.png,22.12.2025 10:53,76620,766201,bank,Совкомбанк,https://cdn.banki.ru/cdn/bank/76620_mobile_logo_url.png,963,www.sovcombank.ru,8 800 100-00-06,"156000, г. Кострома, просп. Текстильщиков, д. 46",sovcombank,RUB,https://www.banki.ru/products/credits/credit/201002/,14.9,39.9,,30000,3000000,,365,1825,1y,5y,,c5e5015dd2c718d1a5bf7c83f048ecf4ed34636960a3c3927d27094acf0cbcbf,True,2026-08-24 13:50:38,,"14,9–39,9%",,,30 000–3 000 000 ₽,4,,,,,,,,
17630,20103303,credit,Прайм Хит,Прайм Хит,https://www.banki.ru/products/credits/credit/201033/,https://cdn.banki.ru/cdn/bank/76620_mobile_logo_url.png,22.12.2025 10:58,76620,766201,bank,Совкомбанк,https://cdn.banki.ru/cdn/bank/76620_mobile_logo_url.png,963,www.sovcombank.ru,8 800 100-00-06,"156000, г. Кострома, просп. Текстильщиков, д. 46",sovcombank,RUB,https://www.banki.ru/products/credits/credit/201033/,14.9,39.9,,300000,5000000,,365,1825,1y,5y,,66efcca1ce104cdfd598e9fa30611cb857d66aef353fc6e57a9aed091dbed28a,True,2026-08-24 13:50:38,,"14,9–39,9%",,,300 000–5 000 000 ₽,4,,,,,,,,
17033,458803,credit,Супер плюс,Супер плюс,https://www.banki.ru/products/credits/credit/4588/,https://cdn.banki.ru/cdn/bank/76620_mobile_logo_url.png,22.12.2025 10:50,76620,766201,bank,Совкомбанк,https://cdn.banki.ru/cdn/bank/76620_mobile_logo_url.png,963,www.sovcombank.ru,8 800 100-00-06,"156000, г. Кострома, просп. Текстильщиков, д. 46",sovcombank,RUB,https://www.banki.ru/products/credits/credit/4588/,19.9,36.9,,200000,3000000,,549,1825,18m,5y,,021b1a05ca4f267ccc4d2d0bca23d76d2250b2627308d55b954c615f6606cb3a,True,2026-08-24 13:50:38,,"19,9–36,9%",,,200 000–3 000 000 ₽,4,,,,,,,,
17115,494603,credit,Прайм «Выгодный»,Прайм «Выгодный»,https://www.banki.ru/products/credits/credit/4946/,https://cdn.banki.ru/cdn/bank/76620_mobile_logo_url.png,22.12.2025 11:00,76620,766201,bank,Совкомбанк,https://cdn.banki.ru/cdn/bank/76620_mobile_logo_url.png,963,www.sovcombank.ru,8 800 100-00-06,"156000, г. Кострома, просп. Текстильщиков, д. 46",sovcombank,RUB,https://www.banki.ru/products/credits/credit/4946/,14.9,39.9,,300000,5000000,,365,1825,1y,5y,,4e7dee6fedfa7a03ca674b130a24468bf864494ff1fff85dc672da8af9c62659,True,2026-08-24 13:50:38,,"14,9–39,9%",,,300 000–5 000 000 ₽,4,,,,,,,,
17673,20107603,credit,Под залог авто,Под залог авто,https://www.banki.ru/products/credits/credit/201076/,https://cdn.banki.ru/cdn/bank/76620_mobile_logo_url.png,22.12.2025 11:05,76620,766201,bank,Совкомбанк,https://cdn.banki.ru/cdn/bank/76620_mobile_logo_url.png,963,www.sovcombank.ru,8 800 100-00-06,"156000, г. Кострома, просп. Текстильщиков, д. 46",sovcombank,RUB,https://www.banki.ru/products/credits/credit/201076/,19.9,35.9,,100000,15000000,,365,3650,1y,10y,,909ac6b535b7093320b950bf5fa98905e56e9166d9e68c2df430f9675521adc2,True,2026-08-24 13:50:38,,"19,9–35,9%",,,100 000–15 000 000 ₽,4,,,,,,,,
16814,277003,credit,Стандартный плюс,Стандартный плюс,https://www.banki.ru/products/credits/credit/2770/,https://cdn.banki.ru/cdn/bank/76620_mobile_logo_url.png,22.12.2025 10:59,76620,766201,bank,Совкомбанк,https://cdn.banki.ru/cdn/bank/76620_mobile_logo_url.png,963,www.sovcombank.ru,8 800 100-00-06,"156000, г. Кострома, просп. Текстильщиков, д. 46",sovcombank,RUB,https://www.banki.ru/products/credits/credit/2770/,19.9,38.9,,50000,399999,,365,1825,5y,5y,,ddc5ceb0fde482aa542d7f6906dff06c43d684f6255b7191d309fdacebd48798,True,2026-08-24 13:50:38,,"19,9–38,9%",,,50 000–399 999 ₽,4,,,,,,,,
16934,394503,credit,Денежный кредит под залог авто «Выгодный»,Денежный кредит под залог авто «Выгодный»,https://www.banki.ru/products/credits/credit/3945/,https://cdn.banki.ru/cdn/bank/76620_mobile_logo_url.png,22.12.2025 11:06,76620,766201,bank,Совкомбанк,https://cdn.banki.ru/cdn/bank/76620_mobile_logo_url.png,963,www.sovcombank.ru,8 800 100-00-06,"156000, г. Кострома, просп. Текстильщиков, д. 46",sovcombank,RUB,https://www.banki.ru/products/credits/credit/3945/,14.9,39.9,,150000,15000000,,365,1825,1y,5y,,1939469fa9d68d52001468f34e0c56c3cf30bfda49f09932193d51406378e622,True,2026-08-24 13:50:38,,"14,9–39,9%",,,150 000–15 000 000 ₽,4,,,,,,,,
16833,306303,credit,Пенсионный плюс,Пенсионный плюс,https://www.banki.ru/products/credits/credit/3063/,https://cdn.banki.ru/cdn/bank/76620_mobile_logo_url.png,22.12.2025 11:03,76620,766201,bank,Совкомбанк,https://cdn.banki.ru/cdn/bank/76620_mobile_logo_url.png,963,www.sovcombank.ru,8 800 100-00-06,"156000, г. Кострома, просп. Текстильщиков, д. 46",sovcombank,RUB,https://www.banki.ru/products/credits/credit/3063/,19.9,37.9,,50000,399999,,365,1825,5y,5y,,35dfa048978b3a67941cc0d65c5f61f6d3ce3ead6a816868f459d72eafbbdbcf,True,2026-08-24 13:50:38,,"19,9–37,9%",,,50 000–399 999 ₽,4,,,,,,,,
19409,500703,credit,«Выгодный»,«Выгодный»,https://www.banki.ru/products/credits/credit/5007/,https://cdn.banki.ru/cdn/bank/76620_mobile_logo_url.png,22.12.2025 11:08,76620,766201,bank,Совкомбанк,https://cdn.banki.ru/cdn/bank/76620_mobile_logo_url.png,963,www.sovcombank.ru,8 800 100-00-06,"156000, г. Кострома, просп. Текстильщиков, д. 46",sovcombank,RUB,https://www.banki.ru/products/credits/credit/5007/,19.9,19.9,,200000,30000000,,1095,5475,3y,15y,,e88e5d2399d663d61ce0107db01edf618c28bf1fe11f026bd3245afc094ac0cc,True,2026-08-24 13:50:38,,"19,9%",,,200 000–30 000 000 ₽,4,,,,,,,,
19367,394403,credit,Под залог недвижимости,Под залог недвижимости,https://www.banki.ru/products/credits/credit/3944/,https://cdn.banki.ru/cdn/bank/76620_mobile_logo_url.png,22.12.2025 11:08,76620,766201,bank,Совкомбанк,https://cdn.banki.ru/cdn/bank/76620_mobile_logo_url.png,963,www.sovcombank.ru,8 800 100-00-06,"156000, г. Кострома, просп. Текстильщиков, д. 46",sovcombank,RUB,https://www.banki.ru/products/credits/credit/3944/,31.9,33.9,,200000,30000000,,1095,5475,3y,15y,,98e74d89a7472653851aeffdec352ecbb6cf8f2b33d1718bab7470e290eda58f,True,2026-08-24 13:50:38,,"31,9–33,9%",,,200 000–30 000 000 ₽,4,,,,,,,,
17588,20098903,credit,Наличными,Наличными,https://www.banki.ru/products/credits/credit/200989/,https://cdn.banki.ru/cdn/bank/195706_mobile_logo_url.png,22.12.2025 11:19,195706,1957061,bank,Т-Банк,https://cdn.banki.ru/cdn/bank/195706_mobile_logo_url.png,2673,www.tbank.ru,8 800 555-10-10,"127287, г. Москва, ул. 2-я Хуторская, д.38А, стр.26",tcs,RUB,https://www.banki.ru/products/credits/credit/200989/,22.9,42.1,,50000,5000000,,365,1825,1y,5y,,019715008cb2dc38e76ec4b3399c2b259e5ad8aca2cfd6c769d88142bb0ef610,True,2026-08-24 13:50:38,,"22,9–42,1%",,,50 000–5 000 000 ₽,4,,,,,,,,
17349,20075003,credit,На высшее образование,На высшее образование,https://www.banki.ru/products/credits/credit/200750/,https://cdn.banki.ru/cdn/bank/195706_mobile_logo_url.png,22.12.2025 11:47,195706,1957061,bank,Т-Банк,https://cdn.banki.ru/cdn/bank/195706_mobile_logo_url.png,2673,www.tbank.ru,8 800 555-10-10,"127287, г. Москва, ул. 2-я Хуторская, д.38А, стр.26",tcs,RUB,https://www.banki.ru/products/credits/credit/200750/,3.0,3.0,,5000,6000000,,365,9125,1y,25y,,233e4c61430eff87862abe4008cbf9dbdf40d29eda71ea0302cb7bf578ede9bd,True,2026-08-24 13:50:38,,3%,,,5 000–6 000 000 ₽,4,,,,,,,,
17037,459703,credit,Под залог (авто),Под залог (авто),https://www.banki.ru/products/credits/credit/4597/,https://cdn.banki.ru/cdn/bank/195706_mobile_logo_url.png,22.12.2025 11:23,195706,1957061,bank,Т-Банк,https://cdn.banki.ru/cdn/bank/195706_mobile_logo_url.png,2673,www.tbank.ru,8 800 555-10-10,"127287, г. Москва, ул. 2-я Хуторская, д.38А, стр.26",tcs,RUB,https://www.banki.ru/products/credits/credit/4597/,24.9,38.9,,100000,7000000,,365,2555,1y,7y,,f88dd2ba2b76757dee219ce8a397b217cb9c76c5c9d7e3a861cedf142025b66a,True,2026-08-24 13:50:38,,"24,9–38,9%",,,100 000–7 000 000 ₽,4,,,,,,,,
19349,342703,credit,Под залог (недвижимости),Под залог (недвижимости),https://www.banki.ru/products/credits/credit/3427/,https://cdn.banki.ru/cdn/bank/195706_mobile_logo_url.png,22.12.2025 11:10,195706,1957061,bank,Т-Банк,https://cdn.banki.ru/cdn/bank/195706_mobile_logo_url.png,2673,www.tbank.ru,8 800 555-10-10,"127287, г. Москва, ул. 2-я Хуторская, д.38А, стр.26",tcs,RUB,https://www.banki.ru/products/credits/credit/3427/,20.9,32.9,,200000,30000000,,365,5475,1y,15y,,d46eebeacb44e9c5e34e9331a9971e2618387b34edfd96f54ec82edcd9d3986c,True,2026-08-24 13:50:38,,"20,9–32,9%",,,200 000–30 000 000 ₽,4,,,,,,,,
16742,20503,credit,Со сниженным платежом,Со сниженным платежом,https://www.banki.ru/products/credits/credit/205/,https://cdn.banki.ru/cdn/bank/4725_mobile_logo_url.png,22.12.2025 12:33,4725,47251,bank,Россельхозбанк,https://cdn.banki.ru/cdn/bank/4725_mobile_logo_url.png,3349,www.rshb.ru,8 800 100-01-00,"119034, г. Москва, Гагаринский пер., д. 3",rshb,RUB,https://www.banki.ru/products/credits/credit/205/,23.0,41.4,,30000,5000000,,183,1825,6m,5y,,e33062a0e9ba0e208746024edac858967941174c3680d09dcf6e9dcb6fcd4b42,True,2026-08-24 13:50:38,,"23–41,4%",,,30 000–5 000 000 ₽,4,,,,,,,,
16740,14403,credit,Стандартный ,Стандартный ,https://www.banki.ru/products/credits/credit/144/,https://cdn.banki.ru/cdn/bank/63520_mobile_logo_url.png,22.12.2025 12:22,63520,635201,bank,Уралсиб,https://cdn.banki.ru/cdn/bank/63520_mobile_logo_url.png,30,www.uralsib.ru,8 800 250-57-57,"119048, г. Москва, ул. Ефремова, д. 8",uralsib,RUB,https://www.banki.ru/products/credits/credit/144/,9.0,51.0,,30000,1500000,,397,2555,13m,7y,,b451a2f7739879df25f3b172b38b2efdf6fba29c76816e99d4ff58a4b8be01ac,True,2026-08-24 13:50:38,,9–51%,,,30 000–1 500 000 ₽,4,,,,,,,,
18157,20111303,credit,Под залог авто,Под залог авто,https://www.banki.ru/products/credits/credit/201113/,https://cdn.banki.ru/cdn/bank/351_mobile_logo_url.png,22.12.2025 12:17,351,3511,bank,Русский Стандарт,https://cdn.banki.ru/cdn/bank/351_mobile_logo_url.png,2289,www.rsb.ru,+7 (495) 748-07-48,"105187, г. Москва, ул. Ткацкая, д. 36",rsb,RUB,https://www.banki.ru/products/credits/credit/201113/,24.9,35.0,,30000,3000000,,31,3650,1m,10y,,4355205a5685d27c4b120d3f80e40cbd21e8620c47d346e86460b0dccd69f38a,True,2026-08-24 13:50:38,,"24,9–35%",,,30 000–3 000 000 ₽,4,,,,,,,,
16757,64703,credit,Запросто,Запросто,https://www.banki.ru/products/credits/credit/647/,https://cdn.banki.ru/cdn/bank/96003_mobile_logo_url.png,23.12.2025 12:01,96003,960031,bank,Банк Синара,https://cdn.banki.ru/cdn/bank/96003_mobile_logo_url.png,705,www.sinara.ru,8 800 100-06-00,"620026, г. Екатеринбург, ул. Куйбышева, д. 75",skb-bank,RUB,https://www.banki.ru/products/credits/credit/647/,5.5,39.0,,51000,5440000,,365,1825,1y,5y,,b34e3c821a75b26de38fd88e62fdde637e4b9c7eb56f038c5918528252d8b535,True,2026-08-24 13:50:38,,"5,5–39%",,,51 000–5 440 000 ₽,4,,,,,,,,
19501,20110303,credit,На неотложные нужды,На неотложные нужды,https://www.banki.ru/products/credits/credit/201103/,https://cdn.banki.ru/cdn/bank/194563_mobile_logo_url.png,14.07.2026 18:55,194563,1945631,bank,Балаково-Банк,https://cdn.banki.ru/cdn/bank/194563_mobile_logo_url.png,444,www.balakovo-bank.ru/,+7 (8453) 44-41-49,"413857, Саратовская обл., г. Балаково, ул. Факел Социализма, д. 21",balakovo-bank,RUB,https://www.banki.ru/products/credits/credit/201103/,12.0,30.0,,10000,1000000,,31,2555,1m,7y,,fd5c2fdbfdde8ab7bcbbb45a3c34af5438521aa081b78db085d387cc6e93d0a8,True,2026-08-24 13:50:38,,12–30%,,,10 000–1 000 000 ₽,4,,,,,,,,
19493,20108103,credit,На любые цели,На любые цели,https://www.banki.ru/products/credits/credit/201081/,,19.12.2025 16:03,6208,62081,bank,Банк «ЦентроКредит»,,121,www.ccb.ru,+7 (495) 956-86-26,"119017, Москва, ул. Пятницкая, д. 31/2, стр. 1",ccb,RUB,https://www.banki.ru/products/credits/credit/201081/,16.5,26.5,,1000000,200000000,,31,1825,1m,5y,,6d6bfa539f4f4dad479268915221c0453cff3dde5cc3c524dcbf0fa9041bd5f1,True,2026-08-24 13:50:38,,"16,5–26,5%",,,1 000 000–200 000 000 ₽,4,,,,,,,,
16735,1603,credit,На любые цели,На любые цели,https://www.banki.ru/products/credits/credit/16/,https://cdn.banki.ru/cdn/bank/7292_mobile_logo_url.png,11.12.2025 13:44,7292,72921,bank,Московский кредитный банк (МКБ),https://cdn.banki.ru/cdn/bank/7292_mobile_logo_url.png,1978,www.mkb.ru,8 800 100-48-88,"107045, г. Москва, Луков пер., д. 2, стр. 1",mkb,RUB,https://www.banki.ru/products/credits/credit/16/,20.7,49.8,,50000,10000000,,183,1825,6m,5y,,f99a3ae83f256234208310c148cd323a26ca7ce19aeeb920d7ddcae5fa3b7766,True,2026-08-24 13:50:38,,"20,7–49,8%",,,50 000–10 000 000 ₽,4,,,,,,,,
19768,20115103,credit,Под залог недвижимости,Под залог недвижимости,https://www.banki.ru/products/credits/credit/201151/,https://cdn.banki.ru/cdn/bank/7292_mobile_logo_url.png,11.12.2025 13:13,7292,72921,bank,Московский кредитный банк (МКБ),https://cdn.banki.ru/cdn/bank/7292_mobile_logo_url.png,1978,www.mkb.ru,8 800 100-48-88,"107045, г. Москва, Луков пер., д. 2, стр. 1",mkb,RUB,https://www.banki.ru/products/credits/credit/201151/,22.0,23.0,,500000,70000000,,365,10950,1y,30y,,e1e1accbc9e0ab7d0870bbf0b9d3680bb408c8d144590b1df5f8447a713f8308,True,2026-08-24 13:50:38,,22–23%,,,500 000–70 000 000 ₽,4,,,,,,,,
19711,21114603,credit,ДАйдЁМ,ДАйдЁМ,https://www.banki.ru/products/credits/credit/211146/,https://cdn.banki.ru/cdn/bank/192701_mobile_logo_url.png,11.12.2025 13:59,192701,1927011,bank,Банк «Пойдём!»,https://cdn.banki.ru/cdn/bank/192701_mobile_logo_url.png,2534,www.poidem.ru,8 800 200-12-30,"127015, г. Москва, ул. Бутырская, д. 76, стр. 1",poidem,RUB,https://www.banki.ru/products/credits/credit/211146/,48.9,48.9,,50000,99999,,396,1095,13m,3y,,1bef885522920d0570559ad203564f563a3cdfd906f864166cee348f6eb34a28,True,2026-08-24 13:50:38,,"48,9%",,,50 000–99 999 ₽,4,,,,,,,,
19384,445103,credit,Залоговый+,Залоговый+,https://www.banki.ru/products/credits/credit/4451/,https://cdn.banki.ru/cdn/bank/193292_mobile_logo_url.png,23.12.2025 13:42,193292,1932921,bank,Норвик Банк,https://cdn.banki.ru/cdn/bank/193292_mobile_logo_url.png,902,norvikbank.ru,8 800 100-17-77,"115054, г. Москва, ул. Зацепский Вал, д. 5",norvik-bank,RUB,https://www.banki.ru/products/credits/credit/4451/,16.5,40.0,,500000,20000000,,31,7300,1m,20y,,7b429062ca0da37f9b11c4773676dd3f73ae19166143a6f0b22d32cda94205d3,True,2026-08-24 13:50:38,,"16,5–40%",,,500 000–20 000 000 ₽,4,,,,,,,,
19354,370703,credit,Под залог недвижимости,Под залог недвижимости,https://www.banki.ru/products/credits/credit/3707/,https://cdn.banki.ru/cdn/bank/9259_mobile_logo_url.png,26.11.2025 18:18,9259,92591,bank,Абсолют Банк,https://cdn.banki.ru/cdn/bank/9259_mobile_logo_url.png,2306,www.absolutbank.ru,8 800 200-20-05,"127051, г. Москва, Цветной б-р, д. 18",absolutbank,RUB,https://www.banki.ru/products/credits/credit/3707/,22.5,23.5,,500000,10000000,,1095,5475,3y,15y,,5fb036626e091ab8009139da36dc796424551f280b33ac6926c5ca529b883df1,True,2026-08-24 13:50:38,,"22,5–23,5%",,,500 000–10 000 000 ₽,4,,,,,,,,
19363,389403,credit,На любые цели (под залог недвижимости),На любые цели (под залог недвижимости),https://www.banki.ru/products/credits/credit/3894/,https://cdn.banki.ru/cdn/bank/124449_mobile_logo_url.png,30.06.2026 18:11,124449.0,1244491.0,bank,Центр-инвест,https://cdn.banki.ru/cdn/bank/124449_mobile_logo_url.png,2225,www.centrinvest.ru,+7 (863) 200-00-00,"344000, г. Ростов-на-Дону, просп. Соколова, д. 62",centr-invest,RUB,https://www.banki.ru/products/credits/credit/3894/,22.0,22.25,,1000000,100000000,,365,2555,1y,7y,,8626007fd2c6b277a49f3818ba329b102880a829e5dc7f40442819410d1068d0,True,2026-08-24 13:50:38,,"22–22,25%",,,1 000 000–100 000 000 ₽,4,,,,,,,,
19459,20073703,credit,Под залог (недвижимости),Под залог (недвижимости),https://www.banki.ru/products/credits/credit/200737/,,23.06.2026 18:42,191170.0,1911701.0,bank,Банк Ставр,,1288,www.psbst.ru,+7 (8652) 30-60-30,"355041, Ставропольский край, г. Ставрополь, ул. Краснофлотская, д. 88а",stavropolpsb,RUB,https://www.banki.ru/products/credits/credit/200737/,23.0,23.0,,500000,5000000,,397,1825,13m,5y,,90830187da8a1cc70cf6d7b59122f5f2b84942795f07b014973abe418f2b1201,True,2026-08-24 13:50:38,,23%,,,500 000–5 000 000 ₽,4,,,,,,,,
19438,517303,credit,Для всех поколений,Для всех поколений,https://www.banki.ru/products/credits/credit/5173/,,23.06.2026 18:43,191170.0,1911701.0,bank,Банк Ставр,,1288,www.psbst.ru,+7 (8652) 30-60-30,"355041, Ставропольский край, г. Ставрополь, ул. Краснофлотская, д. 88а",stavropolpsb,RUB,https://www.banki.ru/products/credits/credit/5173/,23.0,23.0,,30000,700000,,397,1825,13m,5y,,f988ce2f0ec7e7a4847917e21ef7594a8cb5f3210ce0586608ce5324f376043d,True,2026-08-24 13:50:38,,23%,,,30 000–700 000 ₽,4,,,,,,,,
17337,20073803,credit,Под залог (транспорта),Под залог (транспорта),https://www.banki.ru/products/credits/credit/200738/,,23.06.2026 18:41,191170.0,1911701.0,bank,Банк Ставр,,1288,www.psbst.ru,+7 (8652) 30-60-30,"355041, Ставропольский край, г. Ставрополь, ул. Краснофлотская, д. 88а",stavropolpsb,RUB,https://www.banki.ru/products/credits/credit/200738/,24.0,24.0,,500000,5000000,,397,1825,13m,5y,,345de80e334fde667a03bb642b51795fcdcabe05fb43ed75a05a3b1a7c5c708d,True,2026-08-24 13:50:38,,24%,,,500 000–5 000 000 ₽,4,,,,,,,,
19386,450403,credit,Универсальный,Универсальный,https://www.banki.ru/products/credits/credit/4504/,,23.06.2026 18:42,191170.0,1911701.0,bank,Банк Ставр,,1288,www.psbst.ru,+7 (8652) 30-60-30,"355041, Ставропольский край, г. Ставрополь, ул. Краснофлотская, д. 88а",stavropolpsb,RUB,https://www.banki.ru/products/credits/credit/4504/,23.5,24.0,,30000,3000000,,397,1825,13m,5y,,7d053085aa4b54a694f59592a462225e02487d10841d85306b83544230f26d26,True,2026-08-24 13:50:38,,"23,5–24%",,,30 000–3 000 000 ₽,4,,,,,,,,
19363,389403,credit,На любые цели (под залог недвижимости),На любые цели (под залог недвижимости),https://www.banki.ru/products/credits/credit/3894/,https://cdn.banki.ru/cdn/bank/124449_mobile_logo_url.png,20.05.2026 16:05,124449,1244491,bank,Центр-инвест,https://cdn.banki.ru/cdn/bank/124449_mobile_logo_url.png,2225,www.centrinvest.ru,+7 (863) 200-00-00,"344000, г. Ростов-на-Дону, просп. Соколова, д. 62",centr-invest,RUB,https://www.banki.ru/products/credits/credit/3894/,22.0,22.25,,1000000,100000000,,365,2555,1y,7y,,29877897b292ebf79e7d33e5b5fcf6bb240c50bc2aa97e9f1e11d4018acd0efd,True,2026-08-24 13:50:38,,"22–22,25%",,,1 000 000–100 000 000 ₽,4,,,,,,,,
19459,20073703,credit,Под залог (недвижимости),Под залог (недвижимости),https://www.banki.ru/products/credits/credit/200737/,,02.07.2026 16:59,191170,1911701,bank,Банк Ставр,,1288,www.psbst.ru,+7 (8652) 30-60-30,"355041, Ставропольский край, г. Ставрополь, ул. Краснофлотская, д. 88а",stavropolpsb,RUB,https://www.banki.ru/products/credits/credit/200737/,23.0,23.0,,500000,5000000,,397,1825,13m,5y,,f51c0eb5ece440e8ff923ea5a14c1ab2115820ab02f2e90960d3b93a08dab942,True,2026-08-24 13:50:38,,23%,,,500 000–5 000 000 ₽,4,,,,,,,,
19438,517303,credit,Для всех поколений,Для всех поколений,https://www.banki.ru/products/credits/credit/5173/,,02.07.2026 16:59,191170,1911701,bank,Банк Ставр,,1288,www.psbst.ru,+7 (8652) 30-60-30,"355041, Ставропольский край, г. Ставрополь, ул. Краснофлотская, д. 88а",stavropolpsb,RUB,https://www.banki.ru/products/credits/credit/5173/,23.0,23.0,,30000,700000,,397,1825,13m,5y,,1dd16096e1b4b820c0a3295cb7ea2eeac76294b345cd71ebea76aa6871ff72ce,True,2026-08-24 13:50:38,,23%,,,30 000–700 000 ₽,4,,,,,,,,
17337,20073803,credit,Под залог (транспорта),Под залог (транспорта),https://www.banki.ru/products/credits/credit/200738/,,02.07.2026 16:58,191170,1911701,bank,Банк Ставр,,1288,www.psbst.ru,+7 (8652) 30-60-30,"355041, Ставропольский край, г. Ставрополь, ул. Краснофлотская, д. 88а",stavropolpsb,RUB,https://www.banki.ru/products/credits/credit/200738/,24.0,24.0,,500000,5000000,,397,1825,13m,5y,,44f5907377fb4d625d73143435fa1cc65b5c1a5312fbfa37199fbf1c8ee06075,True,2026-08-24 13:50:38,,24%,,,500 000–5 000 000 ₽,4,,,,,,,,
19386,450403,credit,Универсальный,Универсальный,https://www.banki.ru/products/credits/credit/4504/,,02.07.2026 16:59,191170,1911701,bank,Банк Ставр,,1288,www.psbst.ru,+7 (8652) 30-60-30,"355041, Ставропольский край, г. Ставрополь, ул. Краснофлотская, д. 88а",stavropolpsb,RUB,https://www.banki.ru/products/credits/credit/4504/,23.5,24.0,,30000,3000000,,397,1825,13m,5y,,ae90318714d164b8fd69785d40f96ca894c68b928033c2045034fb482c1eedd7,True,2026-08-24 13:50:38,,"23,5–24%",,,30 000–3 000 000 ₽,4,,,,,,,,
19368,395503,credit,Под залог недвижимости,Под залог недвижимости,https://www.banki.ru/products/credits/credit/3955/,https://cdn.banki.ru/cdn/bank/191174_mobile_logo_url.png,09.12.2025 16:52,191174,1911741,bank,Кубань Кредит,https://cdn.banki.ru/cdn/bank/191174_mobile_logo_url.png,2518,kk.bank,8 800 555-25-18,"350000, г. Краснодар, ул. им. Орджоникидзе, д. 46 / ул. Красноармейская, д. 32",kubankredit,RUB,https://www.banki.ru/products/credits/credit/3955/,20.0,25.0,,1000000,30000000,,1825,7300,5y,20y,,625e56ecb074cd7801911846ef9b68b1a094f60d599d41f283763bfb93d40c26,True,2026-08-24 13:50:38,,20–25%,,,1 000 000–30 000 000 ₽,4,,,,,,,,
16867,343103,credit,Частным клиентам (с обеспечением),Частным клиентам (с обеспечением),https://www.banki.ru/products/credits/credit/3431/,https://cdn.banki.ru/cdn/bank/191174_mobile_logo_url.png,09.12.2025 16:45,191174,1911741,bank,Кубань Кредит,https://cdn.banki.ru/cdn/bank/191174_mobile_logo_url.png,2518,kk.bank,8 800 555-25-18,"350000, г. Краснодар, ул. им. Орджоникидзе, д. 46 / ул. Красноармейская, д. 32",kubankredit,RUB,https://www.banki.ru/products/credits/credit/3431/,23.0,26.0,,50000,5000000,,397,2555,13m,7y,,c6ef1077ea5945e4314361a1851e6b1d6ac7245f54f94ddc34d6662157d95697,True,2026-08-24 13:50:38,,23–26%,,,50 000–5 000 000 ₽,4,,,,,,,,
17289,524403,credit,Частным клиентам,Частным клиентам,https://www.banki.ru/products/credits/credit/5244/,https://cdn.banki.ru/cdn/bank/191174_mobile_logo_url.png,09.12.2025 16:45,191174,1911741,bank,Кубань Кредит,https://cdn.banki.ru/cdn/bank/191174_mobile_logo_url.png,2518,kk.bank,8 800 555-25-18,"350000, г. Краснодар, ул. им. Орджоникидзе, д. 46 / ул. Красноармейская, д. 32",kubankredit,RUB,https://www.banki.ru/products/credits/credit/5244/,24.0,31.0,,50000,3000000,,397,1825,13m,5y,,b002ab23dc6c5812667f3ae71e3a0fe6545ce0a09401376b5bbfcf78b733e77e,True,2026-08-24 13:50:38,,24–31%,,,50 000–3 000 000 ₽,4,,,,,,,,
19459,20073703,credit,Под залог (недвижимости),Под залог (недвижимости),https://www.banki.ru/products/credits/credit/200737/,,18.12.2025 18:48,191170,1911701,bank,Ставропольпромстройбанк,,1288,www.psbst.ru,+7 (8652) 30-60-30,"355041, Ставропольский край, г. Ставрополь, ул. Краснофлотская, д. 88а",stavropolpsb,RUB,https://www.banki.ru/products/credits/credit/200737/,25.0,25.0,,500000,5000000,,397,1825,13m,5y,,38db0376c8b16e211397bdb3a41e475e074d7101e92e2303e7f4185de2b58868,True,2026-08-24 13:50:38,,25%,,,500 000–5 000 000 ₽,4,,,,,,,,
19438,517303,credit,Для всех поколений,Для всех поколений,https://www.banki.ru/products/credits/credit/5173/,,18.12.2025 18:57,191170,1911701,bank,Ставропольпромстройбанк,,1288,www.psbst.ru,+7 (8652) 30-60-30,"355041, Ставропольский край, г. Ставрополь, ул. Краснофлотская, д. 88а",stavropolpsb,RUB,https://www.banki.ru/products/credits/credit/5173/,25.0,25.0,,30000,700000,,397,1825,13m,5y,,70e84bf44480c6f77e14bf25616ab09a462fa71d24e357e0c6e2ebb2a655c76a,True,2026-08-24 13:50:38,,25%,,,30 000–700 000 ₽,4,,,,,,,,
17337,20073803,credit,Под залог (транспорта),Под залог (транспорта),https://www.banki.ru/products/credits/credit/200738/,,18.12.2025 18:42,191170,1911701,bank,Ставропольпромстройбанк,,1288,www.psbst.ru,+7 (8652) 30-60-30,"355041, Ставропольский край, г. Ставрополь, ул. Краснофлотская, д. 88а",stavropolpsb,RUB,https://www.banki.ru/products/credits/credit/200738/,26.0,26.0,,500000,5000000,,397,1825,13m,5y,,8fcfa2d50bdd0e4cedfb5b3ed55debf615a9be05d2ad987e5bb3d8c2b93ebb3a,True,2026-08-24 13:50:38,,26%,,,500 000–5 000 000 ₽,4,,,,,,,,
19386,450403,credit,Универсальный,Универсальный,https://www.banki.ru/products/credits/credit/4504/,,18.12.2025 18:54,191170,1911701,bank,Ставропольпромстройбанк,,1288,www.psbst.ru,+7 (8652) 30-60-30,"355041, Ставропольский край, г. Ставрополь, ул. Краснофлотская, д. 88а",stavropolpsb,RUB,https://www.banki.ru/products/credits/credit/4504/,25.0,26.0,,30000,3000000,,397,1825,13m,5y,,3475783e1cc9b55cafaafca3242ff76a35d173e673c2063b26994235bc53ebe7,True,2026-08-24 13:50:38,,25–26%,,,30 000–3 000 000 ₽,4,,,,,,,,
17194,510903,credit,На любые цели,На любые цели,https://www.banki.ru/products/credits/credit/5109/,https://cdn.banki.ru/cdn/bank/193992_mobile_logo_url.png,24.06.2026 17:51,193992.0,1939921.0,bank,Датабанк,https://cdn.banki.ru/cdn/bank/193992_mobile_logo_url.png,646,www.databank.ru,8 800 301-91-91,"426076, Удмуртская Республика, г. Ижевск, ул. Ленина, д. 30",izhcombank,RUB,https://www.banki.ru/products/credits/credit/5109/,22.0,28.0,,10000,3000000,,365,1825,1y,5y,,75bea5eafc7fc6c833d3b6161cc37576125a9f9b2c748c3dd18cf2ba5ee4949a,True,2026-08-24 13:50:38,,22–28%,,,10 000–3 000 000 ₽,4,,,,,,,,
17126,498103,credit,На любые цели для пенсионеров,На любые цели для пенсионеров,https://www.banki.ru/products/credits/credit/4981/,https://cdn.banki.ru/cdn/bank/193992_mobile_logo_url.png,24.06.2026 17:51,193992.0,1939921.0,bank,Датабанк,https://cdn.banki.ru/cdn/bank/193992_mobile_logo_url.png,646,www.databank.ru,8 800 301-91-91,"426076, Удмуртская Республика, г. Ижевск, ул. Ленина, д. 30",izhcombank,RUB,https://www.banki.ru/products/credits/credit/4981/,24.0,26.0,,10000,3000000,,365,1825,1y,5y,,ac1a92a4ce4a1c13c01ede7ff72f6c52861ab92819def3bb356fcd326d8f2ab3,True,2026-08-24 13:50:38,,24–26%,,,10 000–3 000 000 ₽,4,,,,,,,,
19436,516903,credit,Под залог недвижимости,Под залог недвижимости,https://www.banki.ru/products/credits/credit/5169/,https://cdn.banki.ru/cdn/bank/193992_mobile_logo_url.png,24.06.2026 17:53,193992.0,1939921.0,bank,Датабанк,https://cdn.banki.ru/cdn/bank/193992_mobile_logo_url.png,646,www.databank.ru,8 800 301-91-91,"426076, Удмуртская Республика, г. Ижевск, ул. Ленина, д. 30",izhcombank,RUB,https://www.banki.ru/products/credits/credit/5169/,18.5,21.5,,800000,100000000,,365,5475,1y,15y,,6ba19473f90787fab303c7ae554aebb14359c5dce983b3688c9ae0cb44b61ddd,True,2026-08-24 13:50:38,,"18,5–21,5%",,,800 000–100 000 000 ₽,4,,,,,,,,
17237,516803,credit,Под залог автомобиля,Под залог автомобиля,https://www.banki.ru/products/credits/credit/5168/,https://cdn.banki.ru/cdn/bank/193992_mobile_logo_url.png,24.06.2026 17:52,193992.0,1939921.0,bank,Датабанк,https://cdn.banki.ru/cdn/bank/193992_mobile_logo_url.png,646,www.databank.ru,8 800 301-91-91,"426076, Удмуртская Республика, г. Ижевск, ул. Ленина, д. 30",izhcombank,RUB,https://www.banki.ru/products/credits/credit/5168/,22.0,22.0,,100000,100000000,,365,2920,1y,8y,,1c1daae73d40bd00eb4c475a88e17fb4f7c95bc073e170c97f3cf4d8647cda18,True,2026-08-24 13:50:38,,22%,,,100 000–100 000 000 ₽,4,,,,,,,,
19436,516903,credit,Под залог недвижимости,Под залог недвижимости,https://www.banki.ru/products/credits/credit/5169/,https://cdn.banki.ru/cdn/bank/193992_mobile_logo_url.png,10.04.2026 14:19,193992,1939921,bank,Датабанк,https://cdn.banki.ru/cdn/bank/193992_mobile_logo_url.png,646,www.databank.ru,8 800 301-91-91,"426076, Удмуртская Республика, г. Ижевск, ул. Ленина, д. 30",izhcombank,RUB,https://www.banki.ru/products/credits/credit/5169/,19.5,22.5,,800000,100000000,,365,5475,1y,15y,,d6dceb59e82f04854e96fb850d187359a716c673b1b65edc4ad1796e1deca2c7,True,2026-08-24 13:50:38,,"19,5–22,5%",,,800 000–100 000 000 ₽,4,,,,,,,,
19436,516903,credit,Под залог недвижимости,Под залог недвижимости,https://www.banki.ru/products/credits/credit/5169/,https://cdn.banki.ru/cdn/bank/193992_mobile_logo_url.png,02.07.2026 17:49,193992,1939921,bank,Датабанк,https://cdn.banki.ru/cdn/bank/193992_mobile_logo_url.png,646,www.databank.ru,8 800 301-91-91,"426076, Удмуртская Республика, г. Ижевск, ул. Ленина, д. 30",izhcombank,RUB,https://www.banki.ru/products/credits/credit/5169/,18.5,21.5,,800000,100000000,,365,5475,1y,15y,,d48e699323ff28965510bbb0e317641e738c2eeff9c9c7b287669dfd64551217,True,2026-08-24 13:50:38,,"18,5–21,5%",,,800 000–100 000 000 ₽,4,,,,,,,,
17237,516803,credit,Под залог автомобиля,Под залог автомобиля,https://www.banki.ru/products/credits/credit/5168/,https://cdn.banki.ru/cdn/bank/193992_mobile_logo_url.png,02.07.2026 17:49,193992,1939921,bank,Датабанк,https://cdn.banki.ru/cdn/bank/193992_mobile_logo_url.png,646,www.databank.ru,8 800 301-91-91,"426076, Удмуртская Республика, г. Ижевск, ул. Ленина, д. 30",izhcombank,RUB,https://www.banki.ru/products/credits/credit/5168/,22.0,22.0,,100000,100000000,,365,2920,1y,8y,,c59cb724c0ca96749b749d89c4a7d90e367efa94a0e2bff1abbe9c4a70ce61e3,True,2026-08-24 13:50:38,,22%,,,100 000–100 000 000 ₽,4,,,,,,,,
17194,510903,credit,На любые цели,На любые цели,https://www.banki.ru/products/credits/credit/5109/,https://cdn.banki.ru/cdn/bank/193992_mobile_logo_url.png,02.07.2026 17:48,193992,1939921,bank,Датабанк,https://cdn.banki.ru/cdn/bank/193992_mobile_logo_url.png,646,www.databank.ru,8 800 301-91-91,"426076, Удмуртская Республика, г. Ижевск, ул. Ленина, д. 30",izhcombank,RUB,https://www.banki.ru/products/credits/credit/5109/,22.0,28.0,,10000,3000000,,365,1825,1y,5y,,77d7a0a81b4e9c45604addfafe9ecd19b31e02ffbd270604e8d0e37134a12c69,True,2026-08-24 13:50:38,,22–28%,,,10 000–3 000 000 ₽,4,,,,,,,,
17126,498103,credit,На любые цели для пенсионеров,На любые цели для пенсионеров,https://www.banki.ru/products/credits/credit/4981/,https://cdn.banki.ru/cdn/bank/193992_mobile_logo_url.png,02.07.2026 17:48,193992,1939921,bank,Датабанк,https://cdn.banki.ru/cdn/bank/193992_mobile_logo_url.png,646,www.databank.ru,8 800 301-91-91,"426076, Удмуртская Республика, г. Ижевск, ул. Ленина, д. 30",izhcombank,RUB,https://www.banki.ru/products/credits/credit/4981/,24.0,26.0,,10000,3000000,,365,1825,1y,5y,,e074242f9e5135bfc0ea5e287ce69f6cc103c2a947fa0e444a353c8974f7c546,True,2026-08-24 13:50:38,,24–26%,,,10 000–3 000 000 ₽,4,,,,,,,,
19306,20113103,credit,Под залог недвижимости «Большая покупка»,Под залог недвижимости «Большая покупка»,https://www.banki.ru/products/credits/credit/201131/,https://cdn.banki.ru/cdn/bank/96003_mobile_logo_url.png,23.12.2025 13:44,96003,960031,bank,Банк Синара,https://cdn.banki.ru/cdn/bank/96003_mobile_logo_url.png,705,www.sinara.ru,8 800 100-06-00,"620026, г. Екатеринбург, ул. Куйбышева, д. 75",skb-bank,RUB,https://www.banki.ru/products/credits/credit/201131/,10.9,23.5,,700000,13750000,,365,5475,1y,15y,,a8cd1528022ab5a9454fa78362b193e3ffd4e7c0872bf013619549cbecf176fa,True,2026-08-24 13:50:38,,"10,9–23,5%",,,700 000–13 750 000 ₽,4,,,,,,,,
17237,516803,credit,Под залог автомобиля,Под залог автомобиля,https://www.banki.ru/products/credits/credit/5168/,https://cdn.banki.ru/cdn/bank/193992_mobile_logo_url.png,11.12.2025 16:31,193992,1939921,bank,Датабанк,https://cdn.banki.ru/cdn/bank/193992_mobile_logo_url.png,646,www.databank.ru,8 800 301-91-91,"426076, Удмуртская Республика, г. Ижевск, ул. Ленина, д. 30",izhcombank,RUB,https://www.banki.ru/products/credits/credit/5168/,24.0,24.0,,100000,100000000,,365,2920,1y,8y,,c7997c080c91b4d62117e19827ecd87f6ccb3ad49b52b0d60ebd6f0b4e6a5adf,True,2026-08-24 13:50:38,,24%,,,100 000–100 000 000 ₽,4,,,,,,,,
17126,498103,credit,На любые цели для пенсионеров,На любые цели для пенсионеров,https://www.banki.ru/products/credits/credit/4981/,https://cdn.banki.ru/cdn/bank/193992_mobile_logo_url.png,11.12.2025 16:33,193992,1939921,bank,Датабанк,https://cdn.banki.ru/cdn/bank/193992_mobile_logo_url.png,646,www.databank.ru,8 800 301-91-91,"426076, Удмуртская Республика, г. Ижевск, ул. Ленина, д. 30",izhcombank,RUB,https://www.banki.ru/products/credits/credit/4981/,25.0,27.0,,10000,3000000,,365,1825,1y,5y,,8ca94f4db05a180da08c04b07a17c6939cdd724db322a1d93802a0224bbe76fb,True,2026-08-24 13:50:38,,25–27%,,,10 000–3 000 000 ₽,4,,,,,,,,
16744,21603,credit,На неотложные нужды,На неотложные нужды,https://www.banki.ru/products/credits/credit/216/,https://cdn.banki.ru/cdn/bank/192701_mobile_logo_url.png,18.03.2026 12:48,192701,1927011,bank,Банк «Пойдём!»,https://cdn.banki.ru/cdn/bank/192701_mobile_logo_url.png,2534,www.poidem.ru,8 800 200-12-30,"127015, г. Москва, ул. Бутырская, д. 76, стр. 1",poidem,RUB,https://www.banki.ru/products/credits/credit/216/,38.9,38.9,,100000,300000,,549,1464,18m,48m,,1137078da47685a433f517bf10ba5decf25fee13ccf7938c0820e166caa557fb,True,2026-08-24 13:50:38,,"38,9%",,,100 000–300 000 ₽,4,,,,,,,,
19385,446403,credit,На любые цели,На любые цели,https://www.banki.ru/products/credits/credit/4464/,https://cdn.banki.ru/cdn/bank/189319_mobile_logo_url.png,10.12.2025 18:22,189319,1893191,bank,Почтобанк,https://cdn.banki.ru/cdn/bank/189319_mobile_logo_url.png,1788,www.uralexpress.ru,+7 (342) 236-07-72,"614096, г. Пермь, ул. Ленина, д. 68",pochtobank,RUB,https://www.banki.ru/products/credits/credit/4464/,18.0,18.0,,100000,10000000,,31,1825,1m,5y,,e22c57cfdd1edac945ff394cdcb0a5d3dc1377f83a21518f543938f7f05bff20,True,2026-08-24 13:50:38,,18%,,,100 000–10 000 000 ₽,4,,,,,,,,
18848,20113503,credit,Наличными ,Наличными ,https://www.banki.ru/products/credits/credit/201135/,https://cdn.banki.ru/cdn/bank/325_mobile_logo_url.png,14.01.2026 11:34,325,3251,bank,Альфа-Банк,https://cdn.banki.ru/cdn/bank/325_mobile_logo_url.png,1326,www.alfabank.ru,8 800 200-00-00,"107078, г. Москва, ул. Каланчевская, д. 27",alfabank,RUB,https://www.banki.ru/products/credits/credit/201135/,18.99,52.49,,30000,7500000,,365,1825,5y,5y,,663843d0cc8f2c3e27d2c1d5819056bc7173de25dd48aca3f5157fcd23a59cb1,True,2026-08-24 13:50:38,,"18,99–52,49%",,,30 000–7 500 000 ₽,4,,,,,,,,
19450,524703,credit,Под залог,Под залог,https://www.banki.ru/products/credits/credit/5247/,https://cdn.banki.ru/cdn/bank/192841_mobile_logo_url.png,24.11.2025 17:31,192841,1928411,bank,Энергобанк,https://cdn.banki.ru/cdn/bank/192841_mobile_logo_url.png,67,www.energobank.ru,8 800-350-54-58,"420111, г. Казань, ул. Пушкина, д. 13/52
",energobank,RUB,https://www.banki.ru/products/credits/credit/5247/,21.5,28.5,,100000,100000000,,397,2555,13m,7y,,899ea231c773f793e71ee1488bb8e0b1e1464509531dd8e71eaea6b98406fcf4,True,2026-08-24 13:50:38,,"21,5–28,5%",,,100 000–100 000 000 ₽,4,,,,,,,,
17019,451903,credit,Бюджетный,Бюджетный,https://www.banki.ru/products/credits/credit/4519/,https://cdn.banki.ru/cdn/bank/192841_mobile_logo_url.png,24.11.2025 16:49,192841,1928411,bank,Энергобанк,https://cdn.banki.ru/cdn/bank/192841_mobile_logo_url.png,67,www.energobank.ru,8 800-350-54-58,"420111, г. Казань, ул. Пушкина, д. 13/52
",energobank,RUB,https://www.banki.ru/products/credits/credit/4519/,22.5,29.0,,100000,3000000,,397,2555,13m,7y,,796fe09491f08823003757cd131cdc6e39ca64e2261d3ee9828376d7b6ab1f40,True,2026-08-24 13:50:38,,"22,5–29%",,,100 000–3 000 000 ₽,4,,,,,,,,
16843,320603,credit,Пенсионный (с обеспечением),Пенсионный (с обеспечением),https://www.banki.ru/products/credits/credit/3206/,https://cdn.banki.ru/cdn/bank/192841_mobile_logo_url.png,24.11.2025 16:50,192841,1928411,bank,Энергобанк,https://cdn.banki.ru/cdn/bank/192841_mobile_logo_url.png,67,www.energobank.ru,8 800-350-54-58,"420111, г. Казань, ул. Пушкина, д. 13/52
",energobank,RUB,https://www.banki.ru/products/credits/credit/3206/,23.5,23.5,,50000,400000,,397,1095,13m,3y,,c09d40ea5f4f1c5a902675ff765cc098ad4af1aa16b4af00d5a86bdcf4c9591f,True,2026-08-24 13:50:38,,"23,5%",,,50 000–400 000 ₽,4,,,,,,,,
17251,519003,credit,Экспресс,Экспресс,https://www.banki.ru/products/credits/credit/5190/,https://cdn.banki.ru/cdn/bank/192841_mobile_logo_url.png,24.11.2025 16:42,192841,1928411,bank,Энергобанк,https://cdn.banki.ru/cdn/bank/192841_mobile_logo_url.png,67,www.energobank.ru,8 800-350-54-58,"420111, г. Казань, ул. Пушкина, д. 13/52
",energobank,RUB,https://www.banki.ru/products/credits/credit/5190/,26.0,32.0,,30000,300000,,397,1095,13m,3y,,c1ed325a1128007a9c59124b4d06571a1fe9342eb9db9756c91a4c938eb037cc,True,2026-08-24 13:50:38,,26–32%,,,30 000–300 000 ₽,4,,,,,,,,
16842,320503,credit,Пенсионный,Пенсионный,https://www.banki.ru/products/credits/credit/3205/,https://cdn.banki.ru/cdn/bank/192841_mobile_logo_url.png,24.11.2025 16:50,192841,1928411,bank,Энергобанк,https://cdn.banki.ru/cdn/bank/192841_mobile_logo_url.png,67,www.energobank.ru,8 800-350-54-58,"420111, г. Казань, ул. Пушкина, д. 13/52
",energobank,RUB,https://www.banki.ru/products/credits/credit/3205/,28.0,28.0,,50000,400000,,397,1095,13m,3y,,791cfe584b63972ddbb1302f9b92ab42d4997f5b58464d544b1fd721af82b7e4,True,2026-08-24 13:50:38,,28%,,,50 000–400 000 ₽,4,,,,,,,,
17251,519003,credit,Экспресс,Экспресс,https://www.banki.ru/products/credits/credit/5190/,https://cdn.banki.ru/cdn/bank/192841_mobile_logo_url.png,08.04.2026 17:12,192841,1928411,bank,Энергобанк,https://cdn.banki.ru/cdn/bank/192841_mobile_logo_url.png,67,www.energobank.ru,8 800-350-54-58,"420111, г. Казань, ул. Пушкина, д. 13/52",energobank,RUB,https://www.banki.ru/products/credits/credit/5190/,24.0,30.0,,30000,300000,,397,1095,13m,3y,,327b04905b06229bf29d4177224cf8d7244134c1a2eabb497ff2698dcbf4c96f,True,2026-08-24 13:50:38,,24–30%,,,30 000–300 000 ₽,4,,,,,,,,
19402,483003,credit,На любые цели,На любые цели,https://www.banki.ru/products/credits/credit/4830/,https://cdn.banki.ru/cdn/bank/193319_mobile_logo_url.png,09.12.2025 18:17,193319,1933191,bank,Земский банк,https://cdn.banki.ru/cdn/bank/193319_mobile_logo_url.png,2900,www.zemsky.ru,8 800 200-68-68,"446001, Самарская обл., г. Сызрань, ул. Ульяновская, д. 79
",zemsky,RUB,https://www.banki.ru/products/credits/credit/4830/,28.0,35.0,,300000,100000000,,31,1825,1m,5y,,b882d945ff9b7fc5e1caeb4727fbb335b8d604ef5be935a01aaca89da0dc7145,True,2026-08-24 13:50:38,,28–35%,,,300 000–100 000 000 ₽,4,,,,,,,,
17143,501003,credit,Акционный,Акционный,https://www.banki.ru/products/credits/credit/5010/,https://cdn.banki.ru/cdn/bank/189187_mobile_logo_url.png,11.12.2025 15:55,189187,1891871,bank,Солид Банк,https://cdn.banki.ru/cdn/bank/189187_mobile_logo_url.png,1329,www.solidbank.ru,8 800 775-56-06,"690091, г. Владивосток, ул. Алеутская, д. 33",solid-bank,RUB,https://www.banki.ru/products/credits/credit/5010/,21.9,33.9,,50000,1500000,,366,1825,19m,5y,,eacbc442c3dc296e1f8d8b526d4af1cd62ae660e2957252534178960670a2bf5,True,2026-08-24 13:50:38,,"21,9–33,9%",,,50 000–1 500 000 ₽,4,,,,,,,,
16958,414303,credit,Пенсионный,Пенсионный,https://www.banki.ru/products/credits/credit/4143/,https://cdn.banki.ru/cdn/bank/189187_mobile_logo_url.png,11.12.2025 15:56,189187,1891871,bank,Солид Банк,https://cdn.banki.ru/cdn/bank/189187_mobile_logo_url.png,1329,www.solidbank.ru,8 800 775-56-06,"690091, г. Владивосток, ул. Алеутская, д. 33",solid-bank,RUB,https://www.banki.ru/products/credits/credit/4143/,24.4,36.4,,30000,500000,,365,1825,1y,5y,,5e6575262d8ffe31b5733236475678e1715d613f07c546553b9a72b00ca8a780,True,2026-08-24 13:50:38,,"24,4–36,4%",,,30 000–500 000 ₽,4,,,,,,,,
17340,20074103,credit,Для сотрудников других банков (с обеспечением),Для сотрудников других банков (с обеспечением),https://www.banki.ru/products/credits/credit/200741/,https://cdn.banki.ru/cdn/bank/189187_mobile_logo_url.png,11.12.2025 16:07,189187,1891871,bank,Солид Банк,https://cdn.banki.ru/cdn/bank/189187_mobile_logo_url.png,1329,www.solidbank.ru,8 800 775-56-06,"690091, г. Владивосток, ул. Алеутская, д. 33",solid-bank,RUB,https://www.banki.ru/products/credits/credit/200741/,25.9,35.9,,50000,10000000,,365,2555,1m5y,7y,,52d8e09a84a3328e65bf5dddbe8e725294fcd9b1169fd5b5dc2e9b91a04a415f,True,2026-08-24 13:50:38,,"25,9–35,9%",,,50 000–10 000 000 ₽,4,,,,,,,,
17339,20074003,credit,Для сотрудников других банков,Для сотрудников других банков,https://www.banki.ru/products/credits/credit/200740/,https://cdn.banki.ru/cdn/bank/189187_mobile_logo_url.png,11.12.2025 16:07,189187,1891871,bank,Солид Банк,https://cdn.banki.ru/cdn/bank/189187_mobile_logo_url.png,1329,www.solidbank.ru,8 800 775-56-06,"690091, г. Владивосток, ул. Алеутская, д. 33",solid-bank,RUB,https://www.banki.ru/products/credits/credit/200740/,25.9,35.9,,50000,1000000,,365,1825,1y,5y,,3a23a0cc97c6240b165350e3c55e7a1d7520aec37178349313735bb0112e8779,True,2026-08-24 13:50:38,,"25,9–35,9%",,,50 000–1 000 000 ₽,4,,,,,,,,
16835,315003,credit,Отличное решение (с обеспечением),Отличное решение (с обеспечением),https://www.banki.ru/products/credits/credit/3150/,https://cdn.banki.ru/cdn/bank/189187_mobile_logo_url.png,11.12.2025 15:56,189187,1891871,bank,Солид Банк,https://cdn.banki.ru/cdn/bank/189187_mobile_logo_url.png,1329,www.solidbank.ru,8 800 775-56-06,"690091, г. Владивосток, ул. Алеутская, д. 33",solid-bank,RUB,https://www.banki.ru/products/credits/credit/3150/,28.9,35.9,,1000001,3000000,,365,1825,1y,5y,,491ba52c64db4183939f7263780c3c0ef5c41f67ee134d0c610b6c3c90e30ac6,True,2026-08-24 13:50:38,,"28,9–35,9%",,,1 000 001–3 000 000 ₽,4,,,,,,,,
16834,314903,credit,Отличное решение,Отличное решение,https://www.banki.ru/products/credits/credit/3149/,https://cdn.banki.ru/cdn/bank/189187_mobile_logo_url.png,11.12.2025 15:55,189187,1891871,bank,Солид Банк,https://cdn.banki.ru/cdn/bank/189187_mobile_logo_url.png,1329,www.solidbank.ru,8 800 775-56-06,"690091, г. Владивосток, ул. Алеутская, д. 33",solid-bank,RUB,https://www.banki.ru/products/credits/credit/3149/,28.9,37.9,,50000,1000000,,365,1825,1y,5y,,f6b5bd2eb053114da7344996060037353bf814e15444ad0d8d5b48948d6fe3d6,True,2026-08-24 13:50:38,,"28,9–37,9%",,,50 000–1 000 000 ₽,4,,,,,,,,
19344,326303,credit,На любые цели (под залог недвижимости),На любые цели (под залог недвижимости),https://www.banki.ru/products/credits/credit/3263/,https://cdn.banki.ru/cdn/bank/197032_mobile_logo_url.png,09.12.2025 15:47,197032,1970321,bank,АвтоКредитБанк,https://cdn.banki.ru/cdn/bank/197032_mobile_logo_url.png,1973,www.autokreditbank.ru,+7 (843) 294-98-80,"420081, Республика Татарстан, г. Казань, просп. А. Камалеева, д. 16а",autokreditbank,RUB,https://www.banki.ru/products/credits/credit/3263/,23.0,23.0,,50000,100000000,,31,2555,1m,7y,,1c0316eb87c76fb23d56712a363ea8cf7fdfb747664d257ddc888a8d35d1b849,True,2026-08-24 13:50:38,,23%,,,50 000–100 000 000 ₽,4,,,,,,,,
17153,502803,credit,На любые цели (под залог авто),На любые цели (под залог авто),https://www.banki.ru/products/credits/credit/5028/,https://cdn.banki.ru/cdn/bank/197032_mobile_logo_url.png,09.12.2025 15:44,197032,1970321,bank,АвтоКредитБанк,https://cdn.banki.ru/cdn/bank/197032_mobile_logo_url.png,1973,www.autokreditbank.ru,+7 (843) 294-98-80,"420081, Республика Татарстан, г. Казань, просп. А. Камалеева, д. 16а",autokreditbank,RUB,https://www.banki.ru/products/credits/credit/5028/,25.0,25.0,,50000,100000000,,31,1825,1m,5y,,6aad115ef8e561c9164866564e916f2bf6249d3aa0249007ad3e085c88c4d4c0,True,2026-08-24 13:50:38,,25%,,,50 000–100 000 000 ₽,4,,,,,,,,
17020,452203,credit,На любые цели (под поручительство),На любые цели (под поручительство),https://www.banki.ru/products/credits/credit/4522/,https://cdn.banki.ru/cdn/bank/197032_mobile_logo_url.png,09.12.2025 15:47,197032,1970321,bank,АвтоКредитБанк,https://cdn.banki.ru/cdn/bank/197032_mobile_logo_url.png,1973,www.autokreditbank.ru,+7 (843) 294-98-80,"420081, Республика Татарстан, г. Казань, просп. А. Камалеева, д. 16а",autokreditbank,RUB,https://www.banki.ru/products/credits/credit/4522/,26.0,26.0,,50000,500000,,31,1095,1m,3y,,f913c460b27a4fd591af17746b366b7860b9a37cc09daa2bc43863de180e4dff,True,2026-08-24 13:50:38,,26%,,,50 000–500 000 ₽,4,,,,,,,,
19450,524703,credit,Под залог,Под залог,https://www.banki.ru/products/credits/credit/5247/,https://cdn.banki.ru/cdn/bank/192841_mobile_logo_url.png,18.12.2025 18:06,192841,1928411,bank,Энергобанк,https://cdn.banki.ru/cdn/bank/192841_mobile_logo_url.png,67,www.energobank.ru,8 800-350-54-58,"420111, г. Казань, ул. Пушкина, д. 13/52
",energobank,RUB,https://www.banki.ru/products/credits/credit/5247/,20.5,27.5,,100000,100000000,,397,2555,13m,7y,,6f4c6cf8311d5f6e6b04de61259a3b28fc2ee132c2fb112d0c18baa9f3fa3d8e,True,2026-08-24 13:50:38,,"20,5–27,5%",,,100 000–100 000 000 ₽,4,,,,,,,,
17019,451903,credit,Бюджетный,Бюджетный,https://www.banki.ru/products/credits/credit/4519/,https://cdn.banki.ru/cdn/bank/192841_mobile_logo_url.png,18.12.2025 16:59,192841,1928411,bank,Энергобанк,https://cdn.banki.ru/cdn/bank/192841_mobile_logo_url.png,67,www.energobank.ru,8 800-350-54-58,"420111, г. Казань, ул. Пушкина, д. 13/52
",energobank,RUB,https://www.banki.ru/products/credits/credit/4519/,21.5,28.0,,100000,3000000,,397,2555,13m,7y,,9f8ece1a480433b1c284e86795bea446da030f5c13352983ff55ad49bbdbdb96,True,2026-08-24 13:50:38,,"21,5–28%",,,100 000–3 000 000 ₽,4,,,,,,,,
16843,320603,credit,Пенсионный (с обеспечением),Пенсионный (с обеспечением),https://www.banki.ru/products/credits/credit/3206/,https://cdn.banki.ru/cdn/bank/192841_mobile_logo_url.png,18.12.2025 17:43,192841,1928411,bank,Энергобанк,https://cdn.banki.ru/cdn/bank/192841_mobile_logo_url.png,67,www.energobank.ru,8 800-350-54-58,"420111, г. Казань, ул. Пушкина, д. 13/52
",energobank,RUB,https://www.banki.ru/products/credits/credit/3206/,22.5,22.5,,50000,400000,,397,1095,13m,3y,,486451619b10d3457f2d6f84be75d5997e53eab3afd3c0da24073cde35999fa6,True,2026-08-24 13:50:38,,"22,5%",,,50 000–400 000 ₽,4,,,,,,,,
17251,519003,credit,Экспресс,Экспресс,https://www.banki.ru/products/credits/credit/5190/,https://cdn.banki.ru/cdn/bank/192841_mobile_logo_url.png,18.12.2025 16:58,192841,1928411,bank,Энергобанк,https://cdn.banki.ru/cdn/bank/192841_mobile_logo_url.png,67,www.energobank.ru,8 800-350-54-58,"420111, г. Казань, ул. Пушкина, д. 13/52
",energobank,RUB,https://www.banki.ru/products/credits/credit/5190/,25.0,31.0,,30000,300000,,397,1095,13m,3y,,2a4ed4d1841846bc5335dec7c2c7a932f16bb2599040fef9502a70aa2395bcd6,True,2026-08-24 13:50:38,,25–31%,,,30 000–300 000 ₽,4,,,,,,,,
16842,320503,credit,Пенсионный,Пенсионный,https://www.banki.ru/products/credits/credit/3205/,https://cdn.banki.ru/cdn/bank/192841_mobile_logo_url.png,18.12.2025 17:43,192841,1928411,bank,Энергобанк,https://cdn.banki.ru/cdn/bank/192841_mobile_logo_url.png,67,www.energobank.ru,8 800-350-54-58,"420111, г. Казань, ул. Пушкина, д. 13/52
",energobank,RUB,https://www.banki.ru/products/credits/credit/3205/,27.0,27.0,,50000,400000,,397,1095,13m,3y,,9e97411a7c8ed65326eccca048ecf6fb15f0c1dacbfd0acdfbf7c3d6f90fad4d,True,2026-08-24 13:50:38,,27%,,,50 000–400 000 ₽,4,,,,,,,,
16878,349703,credit,На любые цели,На любые цели,https://www.banki.ru/products/credits/credit/3497/,,24.06.2026 13:41,191213.0,1912131.0,bank,Кузнецкбизнесбанк,,1158,www.kbb.ru,8 800 201-0-201,"654080, Кемеровская обл., г. Новокузнецк, ул. Кирова, д. 89 Б",kuznetskbb,RUB,https://www.banki.ru/products/credits/credit/3497/,10.0,30.9,,100000,3000000,,365,1825,1y,5y,,cc80a4a619ca9908268956d853daa94009029711538481cf2a8bde359b7f5c69,True,2026-08-24 13:50:38,,"10–30,9%",,,100 000–3 000 000 ₽,4,,,,,,,,
19405,494503,credit,Под залог недвижимости,Под залог недвижимости,https://www.banki.ru/products/credits/credit/4945/,https://cdn.banki.ru/cdn/bank/2631_mobile_logo_url.png,11.12.2025 14:18,2631,26311,bank,Экспобанк,https://cdn.banki.ru/cdn/bank/2631_mobile_logo_url.png,2998,expobank.ru,8 800 500-07-70,"115054, г. Москва, наб Космодамианская, д. 52 стр. 7",expobank,RUB,https://www.banki.ru/products/credits/credit/4945/,22.0,24.0,,500000,30000000,,365,5475,1y,15y,,3ee5bdb7edb5467ae898383f82bcc567342aaa22e49edd3e46b88f6c1ae27842,True,2026-08-24 13:50:38,,22–24%,,,500 000–30 000 000 ₽,4,,,,,,,,
16737,10303,credit,Под залог авто,Под залог авто,https://www.banki.ru/products/credits/credit/103/,https://cdn.banki.ru/cdn/bank/2631_mobile_logo_url.png,11.12.2025 14:14,2631,26311,bank,Экспобанк,https://cdn.banki.ru/cdn/bank/2631_mobile_logo_url.png,2998,expobank.ru,8 800 500-07-70,"115054, г. Москва, наб Космодамианская, д. 52 стр. 7",expobank,RUB,https://www.banki.ru/products/credits/credit/103/,24.0,24.0,,100000,7000000,,30,1095,1m,3y,,389f99072652b36e255cc612d1ad5042381529bed2e871d1a2a7624d3ff17451,True,2026-08-24 13:50:38,,24%,,,100 000–7 000 000 ₽,4,,,,,,,,
16902,370903,credit,Газификация жилья,Газификация жилья,https://www.banki.ru/products/credits/credit/3709/,https://cdn.banki.ru/cdn/bank/191120_modern_logo_url.svg,08.12.2025 17:31,191120,1911201,bank,Банк «Левобережный»,https://cdn.banki.ru/cdn/bank/191120_modern_logo_url.svg,1343,www.nskbl.ru,8 800 333-35-55,"630102, г. Новосибирск, ул. Кирова, д. 48
",levoberezhny,RUB,https://www.banki.ru/products/credits/credit/3709/,9.0,9.0,,5000,200000,,183,1825,6m,5y,,16c6fb18a942bedd66d5a55a27ad46802a49bfd4eba168a14bade8e3ffb9c683,True,2026-08-24 13:50:38,,9%,,,5 000–200 000 ₽,4,,,,,,,,
17311,527303,credit,На любые цели — авто,На любые цели — авто,https://www.banki.ru/products/credits/credit/5273/,https://cdn.banki.ru/cdn/bank/191120_modern_logo_url.svg,08.12.2025 17:34,191120,1911201,bank,Банк «Левобережный»,https://cdn.banki.ru/cdn/bank/191120_modern_logo_url.svg,1343,www.nskbl.ru,8 800 333-35-55,"630102, г. Новосибирск, ул. Кирова, д. 48
",levoberezhny,RUB,https://www.banki.ru/products/credits/credit/5273/,15.9,25.9,,5000,2000000,,183,2555,6m,7y,,c29bf8cce3be7be7624227e649246c5e36be4275b13bb43d2bed5b18e577b0d3,True,2026-08-24 13:50:38,,"15,9–25,9%",,,5 000–2 000 000 ₽,4,,,,,,,,
16940,397503,credit,На любые цели Акционный,На любые цели Акционный,https://www.banki.ru/products/credits/credit/3975/,https://cdn.banki.ru/cdn/bank/191120_modern_logo_url.svg,08.12.2025 17:33,191120,1911201,bank,Банк «Левобережный»,https://cdn.banki.ru/cdn/bank/191120_modern_logo_url.svg,1343,www.nskbl.ru,8 800 333-35-55,"630102, г. Новосибирск, ул. Кирова, д. 48
",levoberezhny,RUB,https://www.banki.ru/products/credits/credit/3975/,16.5,33.9,,5000,2000000,,183,1825,6m,5y,,f5a9c9b108c44726a4f306280dfff354fbd000fec424dc5e29feb3ac42fe0303,True,2026-08-24 13:50:38,,"16,5–33,9%",,,5 000–2 000 000 ₽,4,,,,,,,,
19778,20115203,credit,Под залог недвижимости,Под залог недвижимости,https://www.banki.ru/products/credits/credit/201152/,https://cdn.banki.ru/cdn/bank/191120_modern_logo_url.svg,08.12.2025 17:38,191120,1911201,bank,Банк «Левобережный»,https://cdn.banki.ru/cdn/bank/191120_modern_logo_url.svg,1343,www.nskbl.ru,8 800 333-35-55,"630102, г. Новосибирск, ул. Кирова, д. 48
",levoberezhny,RUB,https://www.banki.ru/products/credits/credit/201152/,19.0,23.0,,300000,20000000,,1095,9125,3y,25y,,da26fca9309120de142d0f8230d66e2b383e2220275f7a8a777d8cf1142bef5c,True,2026-08-24 13:50:38,,19–23%,,,300 000–20 000 000 ₽,4,,,,,,,,
17168,506303,credit,Наличными,Наличными,https://www.banki.ru/products/credits/credit/5063/,https://cdn.banki.ru/cdn/card-designs/ATB_6c3ba5efa1.png,08.04.2026 13:11,192833,1928331,bank,Азиатско-Тихоокеанский банк (АТБ),https://cdn.banki.ru/cdn/card-designs/ATB_6c3ba5efa1.png,1810,www.atb.su,8 800 775-88-88,"675000, Амурская обл., г. Благовещенск, ул. Амурская, д. 225",atb,RUB,https://www.banki.ru/products/credits/credit/5063/,19.0,38.5,,30000,5000000,,366,2555,12m,7y,,cd723e947e45761a45bf952801ccad88be2052d06982d0d653fb8a9d80bab768,True,2026-08-24 13:50:38,,"19–38,5%",,,30 000–5 000 000 ₽,4,,,,,,,,
16878,349703,credit,На любые цели,На любые цели,https://www.banki.ru/products/credits/credit/3497/,,05.12.2025 18:17,191213,1912131,bank,Кузнецкбизнесбанк,,1158,www.kbb.ru,8 800 201-0-201,"654080, Кемеровская обл., г. Новокузнецк, ул. Кирова, д. 89 Б
",kuznetskbb,RUB,https://www.banki.ru/products/credits/credit/3497/,13.0,34.0,,100000,3000000,,365,1825,1y,5y,,59a3670633ee7de7cb2fd363fdace8e529daee4b83130f231e0710af62e7eca5,True,2026-08-24 13:50:38,,13–34%,,,100 000–3 000 000 ₽,4,,,,,,,,
19347,335203,credit,На любые цели под залог недвижимости,На любые цели под залог недвижимости,https://www.banki.ru/products/credits/credit/3352/,https://cdn.banki.ru/cdn/bank/192833_mobile_logo_url.png,05.12.2025 18:19,192833,1928331,bank,Азиатско-Тихоокеанский банк (АТБ),https://cdn.banki.ru/cdn/bank/192833_mobile_logo_url.png,1810,www.atb.su,8 800 775-88-88,"675000, Амурская обл., г. Благовещенск, ул. Амурская, д. 225
",atb,RUB,https://www.banki.ru/products/credits/credit/3352/,22.5,25.0,,500000,20000000,,1095,7300,3y,20y,,0cdff8490cd63010080604b7b4b105fd999aa7ebea4ef851be089c1685128789,True,2026-08-24 13:50:38,,"22,5–25%",,,500 000–20 000 000 ₽,4,,,,,,,,
17168,506303,credit,Наличными,Наличными,https://www.banki.ru/products/credits/credit/5063/,https://cdn.banki.ru/cdn/card-designs/ATB_6c3ba5efa1.png,10.03.2026 12:16,192833,1928331,bank,Азиатско-Тихоокеанский банк (АТБ),https://cdn.banki.ru/cdn/card-designs/ATB_6c3ba5efa1.png,1810,www.atb.su,8 800 775-88-88,"675000, Амурская обл., г. Благовещенск, ул. Амурская, д. 225",atb,RUB,https://www.banki.ru/products/credits/credit/5063/,19.5,38.9,,30000,5000000,,366,2555,12m,7y,,d8ee2b3e9d99176a50a718b6ce5d24f1e15a206e232fd111e784fb89ce5f884c,True,2026-08-24 13:50:38,,"19,5–38,9%",,,30 000–5 000 000 ₽,4,,,,,,,,
17168,506303,credit,Наличными,Наличными,https://www.banki.ru/products/credits/credit/5063/,https://cdn.banki.ru/cdn/bank/192833_mobile_logo_url.png,27.01.2026 13:09,192833,1928331,bank,Азиатско-Тихоокеанский банк (АТБ),https://cdn.banki.ru/cdn/bank/192833_mobile_logo_url.png,1810,www.atb.su,8 800 775-88-88,"675000, Амурская обл., г. Благовещенск, ул. Амурская, д. 225",atb,RUB,https://www.banki.ru/products/credits/credit/5063/,20.5,40.8,,30000,5000000,,366,2555,12m,7y,,d54b3b1c1e3c507b566c2e329484c026c5d5ab89f01b971c80903e7cd58e0cf9,True,2026-08-24 13:50:38,,"20,5–40,8%",,,30 000–5 000 000 ₽,4,,,,,,,,
16772,101803,credit,Доверительный,Доверительный,https://www.banki.ru/products/credits/credit/1018/,,23.06.2026 18:39,191059.0,1910591.0,bank,Челябинвестбанк,,493,www.chelinvest.ru,+7 (351) 268-00-88,"454113, г. Челябинск, пл. Революции, д. 8",chelinvest,RUB,https://www.banki.ru/products/credits/credit/1018/,17.9,46.6,,30000,2000000,,31,1825,1m,5y,,d406515bf487357ab2f8be20d719afeda3ced818c896f5d1a06562e80b7a833a,True,2026-08-24 13:50:38,,"17,9–46,6%",,,30 000–2 000 000 ₽,4,,,,,,,,
19321,101403,credit,Выгодный,Выгодный,https://www.banki.ru/products/credits/credit/1014/,,23.06.2026 18:40,191059.0,1910591.0,bank,Челябинвестбанк,,493,www.chelinvest.ru,+7 (351) 268-00-88,"454113, г. Челябинск, пл. Революции, д. 8",chelinvest,RUB,https://www.banki.ru/products/credits/credit/1014/,16.5,27.9,,50000,200000000,,31,6570,1m,18y,,255808669739896becf738762a3051b7abf7fc6dab36df88dbbe87e84a517544,True,2026-08-24 13:50:38,,"16,5–27,9%",,,50 000–200 000 000 ₽,4,,,,,,,,
16908,376003,credit,Пенсионный (с обеспечением),Пенсионный (с обеспечением),https://www.banki.ru/products/credits/credit/3760/,,23.06.2026 18:40,191059.0,1910591.0,bank,Челябинвестбанк,,493,www.chelinvest.ru,+7 (351) 268-00-88,"454113, г. Челябинск, пл. Революции, д. 8",chelinvest,RUB,https://www.banki.ru/products/credits/credit/3760/,19.9,37.2,,30000,1000000,,31,1825,1m,5y,,491f9c4ea64a5cc716ee3bcb67109bb67b5b6485dc4aa273f519e23720ed046b,True,2026-08-24 13:50:38,,"19,9–37,2%",,,30 000–1 000 000 ₽,4,,,,,,,,
19321,101403,credit,Выгодный,Выгодный,https://www.banki.ru/products/credits/credit/1014/,,09.04.2026 18:29,191059,1910591,bank,Челябинвестбанк,,493,www.chelinvest.ru,+7 (351) 268-00-88,"454113, г. Челябинск, пл. Революции, д. 8",chelinvest,RUB,https://www.banki.ru/products/credits/credit/1014/,19.3,29.2,,50000,200000000,,31,3285,1m,9y,,97a9c5e3c69eccb834d56ce78acd1dc64c1461429fc07e612bf0e3d036ef555a,True,2026-08-24 13:50:38,,"19,3–29,2%",,,50 000–200 000 000 ₽,4,,,,,,,,
16908,376003,credit,Пенсионный (с обеспечением),Пенсионный (с обеспечением),https://www.banki.ru/products/credits/credit/3760/,,09.04.2026 18:28,191059,1910591,bank,Челябинвестбанк,,493,www.chelinvest.ru,+7 (351) 268-00-88,"454113, г. Челябинск, пл. Революции, д. 8",chelinvest,RUB,https://www.banki.ru/products/credits/credit/3760/,22.4,36.1,,30000,1000000,,31,1825,1m,5y,,463224aae08aed09b6ca47cef914440570bb3474e829410da7a1df4b54502d3e,True,2026-08-24 13:50:38,,"22,4–36,1%",,,30 000–1 000 000 ₽,4,,,,,,,,
16772,101803,credit,Доверительный,Доверительный,https://www.banki.ru/products/credits/credit/1018/,,02.07.2026 16:54,191059,1910591,bank,Челябинвестбанк,,493,www.chelinvest.ru,+7 (351) 268-00-88,"454113, г. Челябинск, пл. Революции, д. 8",chelinvest,RUB,https://www.banki.ru/products/credits/credit/1018/,17.9,46.6,,30000,2000000,,31,1825,1m,5y,,766cded2344113bb4bfb598e5d202a79423fcf20711969cd943295465552a56f,True,2026-08-24 13:50:38,,"17,9–46,6%",,,30 000–2 000 000 ₽,4,,,,,,,,
19321,101403,credit,Выгодный,Выгодный,https://www.banki.ru/products/credits/credit/1014/,,02.07.2026 16:56,191059,1910591,bank,Челябинвестбанк,,493,www.chelinvest.ru,+7 (351) 268-00-88,"454113, г. Челябинск, пл. Революции, д. 8",chelinvest,RUB,https://www.banki.ru/products/credits/credit/1014/,16.5,27.9,,50000,200000000,,31,6570,1m,18y,,ad818e35cbd4e9a24e35dd346d63e4dc80a8b871095186d5cb38e674c577ce9a,True,2026-08-24 13:50:38,,"16,5–27,9%",,,50 000–200 000 000 ₽,4,,,,,,,,
16908,376003,credit,Пенсионный (с обеспечением),Пенсионный (с обеспечением),https://www.banki.ru/products/credits/credit/3760/,,02.07.2026 16:54,191059,1910591,bank,Челябинвестбанк,,493,www.chelinvest.ru,+7 (351) 268-00-88,"454113, г. Челябинск, пл. Революции, д. 8",chelinvest,RUB,https://www.banki.ru/products/credits/credit/3760/,19.9,37.2,,30000,1000000,,31,1825,1m,5y,,ee613e73f06c4689eadb3dd62680343801b039b17e151276762a4ee02ce96fd3,True,2026-08-24 13:50:38,,"19,9–37,2%",,,30 000–1 000 000 ₽,4,,,,,,,,
19416,503503,credit,Под залог недвижимости,Под залог недвижимости,https://www.banki.ru/products/credits/credit/5035/,https://cdn.banki.ru/cdn/bank/191036_mobile_logo_url.png,08.12.2025 18:58,191036,1910361,bank,Кредит Урал Банк,https://cdn.banki.ru/cdn/bank/191036_mobile_logo_url.png,2584,www.creditural.ru,+7 (3519) 24-89-33,"455044, Челябинская обл., г. Магнитогорск, ул. Гагарина, д. 17
",credituralbank,RUB,https://www.banki.ru/products/credits/credit/5035/,21.6,23.6,,500000,15000000,,2555,7300,7y,20y,,478cac1577d95ab262f51854a38405cb999ec5a75bf8ead402a681acb60cce07,True,2026-08-24 13:50:38,,"21,6–23,6%",,,500 000–15 000 000 ₽,4,,,,,,,,
17455,20085603,credit,КУБ-Авто+,КУБ-Авто+,https://www.banki.ru/products/credits/credit/200856/,https://cdn.banki.ru/cdn/bank/191036_mobile_logo_url.png,08.12.2025 18:57,191036,1910361,bank,Кредит Урал Банк,https://cdn.banki.ru/cdn/bank/191036_mobile_logo_url.png,2584,www.creditural.ru,+7 (3519) 24-89-33,"455044, Челябинская обл., г. Магнитогорск, ул. Гагарина, д. 17
",credituralbank,RUB,https://www.banki.ru/products/credits/credit/200856/,26.65,30.65,,200000,7000000,,397,3650,13m,10y,,3df8eccce0b4d88c996cbe0a742d1aea35982d0de7df8e78d258681741e7eb62,True,2026-08-24 13:50:38,,"26,65–30,65%",,,200 000–7 000 000 ₽,4,,,,,,,,
16857,334203,credit,КУБ-Помощь,КУБ-Помощь,https://www.banki.ru/products/credits/credit/3342/,https://cdn.banki.ru/cdn/bank/191036_mobile_logo_url.png,08.12.2025 18:56,191036,1910361,bank,Кредит Урал Банк,https://cdn.banki.ru/cdn/bank/191036_mobile_logo_url.png,2584,www.creditural.ru,+7 (3519) 24-89-33,"455044, Челябинская обл., г. Магнитогорск, ул. Гагарина, д. 17
",credituralbank,RUB,https://www.banki.ru/products/credits/credit/3342/,27.4,29.65,,30000,5000000,,397,1825,13m,5y,,7c23bc2f674507f74d44e923ccb6f27fdbd2d6da19806398171db5d2e350bf35,True,2026-08-24 13:50:38,,"27,4–29,65%",,,30 000–5 000 000 ₽,4,,,,,,,,
17646,20104903,credit,КУБ-Комфорт (под залог автомобиля),КУБ-Комфорт (под залог автомобиля),https://www.banki.ru/products/credits/credit/201049/,https://cdn.banki.ru/cdn/bank/191036_mobile_logo_url.png,08.12.2025 18:56,191036,1910361,bank,Кредит Урал Банк,https://cdn.banki.ru/cdn/bank/191036_mobile_logo_url.png,2584,www.creditural.ru,+7 (3519) 24-89-33,"455044, Челябинская обл., г. Магнитогорск, ул. Гагарина, д. 17
",credituralbank,RUB,https://www.banki.ru/products/credits/credit/201049/,27.65,31.45,,30000,5000000,,397,2555,13m,7y,,05ff3e162d5c256081fe53c67090e53b9a9deb0b2a21a58e3cb0cde810d093cc,True,2026-08-24 13:50:38,,"27,65–31,45%",,,30 000–5 000 000 ₽,4,,,,,,,,
16856,333203,credit,КУБ-Комфорт,КУБ-Комфорт,https://www.banki.ru/products/credits/credit/3332/,https://cdn.banki.ru/cdn/bank/191036_mobile_logo_url.png,08.12.2025 18:55,191036,1910361,bank,Кредит Урал Банк,https://cdn.banki.ru/cdn/bank/191036_mobile_logo_url.png,2584,www.creditural.ru,+7 (3519) 24-89-33,"455044, Челябинская обл., г. Магнитогорск, ул. Гагарина, д. 17
",credituralbank,RUB,https://www.banki.ru/products/credits/credit/3332/,28.15,31.95,,30000,5000000,,397,1825,13m,5y,,4768ceecc0e7e3494d629cfcb9a9eb8332fb034dade7861d39c2f1e5955be54b,True,2026-08-24 13:50:38,,"28,15–31,95%",,,30 000–5 000 000 ₽,4,,,,,,,,
16858,334403,credit,КУБ-Пенсионный,КУБ-Пенсионный,https://www.banki.ru/products/credits/credit/3344/,https://cdn.banki.ru/cdn/bank/191036_mobile_logo_url.png,08.12.2025 18:56,191036,1910361,bank,Кредит Урал Банк,https://cdn.banki.ru/cdn/bank/191036_mobile_logo_url.png,2584,www.creditural.ru,+7 (3519) 24-89-33,"455044, Челябинская обл., г. Магнитогорск, ул. Гагарина, д. 17
",credituralbank,RUB,https://www.banki.ru/products/credits/credit/3344/,28.2,29.45,,10000,1000000,,397,2555,13m,7y,,4b9804c9c5ff488d501310ea729d1a6f69bc268e49d2ee2f53abc55a320ffe47,True,2026-08-24 13:50:38,,"28,2–29,45%",,,10 000–1 000 000 ₽,4,,,,,,,,
16760,80803,credit,Приватный,Приватный,https://www.banki.ru/products/credits/credit/808/,,26.06.2026 17:46,162995.0,1629951.0,bank,ЮГ-Инвестбанк,,2772,www.invb.ru,8 800 707-34-56,"350000, г. Краснодар, ул. Красная, д. 113",yug-investbank,RUB,https://www.banki.ru/products/credits/credit/808/,18.9,25.9,,10000,15000000,,365,1825,5y,5y,,4b21f1dbd1c075d51e56509d85acd0d0910d506f4910758f1d2f0235c71cb384,True,2026-08-24 13:50:38,,"18,9–25,9%",,,10 000–15 000 000 ₽,4,,,,,,,,
19316,81703,credit,Залог недвижимости,Залог недвижимости,https://www.banki.ru/products/credits/credit/817/,,26.06.2026 18:04,162995.0,1629951.0,bank,ЮГ-Инвестбанк,,2772,www.invb.ru,8 800 707-34-56,"350000, г. Краснодар, ул. Красная, д. 113",yug-investbank,RUB,https://www.banki.ru/products/credits/credit/817/,18.9,22.9,,500000,10000000,,365,3650,10y,10y,,3c9c371a78aaec5793d2ba0415d1d1f68f3fdb0430004983e3caaf9ff44669e1,True,2026-08-24 13:50:38,,"18,9–22,9%",,,500 000–10 000 000 ₽,4,,,,,,,,
16761,81403,credit,Автозалог,Автозалог,https://www.banki.ru/products/credits/credit/814/,,26.06.2026 17:46,162995.0,1629951.0,bank,ЮГ-Инвестбанк,,2772,www.invb.ru,8 800 707-34-56,"350000, г. Краснодар, ул. Красная, д. 113",yug-investbank,RUB,https://www.banki.ru/products/credits/credit/814/,18.9,23.4,,100000,10000000,,365,2555,7y,7y,,a31595455de353cc7b66c4d61e9996bdc7c89993f10dfd312eea8cef846edf8e,True,2026-08-24 13:50:38,,"18,9–23,4%",,,100 000–10 000 000 ₽,4,,,,,,,,
16760,80803,credit,Приватный,Приватный,https://www.banki.ru/products/credits/credit/808/,,06.04.2026 15:58,162995,1629951,bank,ЮГ-Инвестбанк,,2772,www.invb.ru,8 800 707-34-56,"350000, г. Краснодар, ул. Красная, д. 113",yug-investbank,RUB,https://www.banki.ru/products/credits/credit/808/,19.4,26.4,,10000,15000000,,365,1825,5y,5y,,634e484ad4afea7723ae95050644fc01841969fc1e8a2b6a950e70d91bd263b1,True,2026-08-24 13:50:38,,"19,4–26,4%",,,10 000–15 000 000 ₽,4,,,,,,,,
16761,81403,credit,Автозалог,Автозалог,https://www.banki.ru/products/credits/credit/814/,,06.04.2026 16:00,162995,1629951,bank,ЮГ-Инвестбанк,,2772,www.invb.ru,8 800 707-34-56,"350000, г. Краснодар, ул. Красная, д. 113",yug-investbank,RUB,https://www.banki.ru/products/credits/credit/814/,19.4,23.9,,100000,10000000,,365,2555,7y,7y,,b2265e780388dab6c9f204e59b53ca2cbcb1e73a8da83c1a74e9c16eeed3dfe4,True,2026-08-24 13:50:38,,"19,4–23,9%",,,100 000–10 000 000 ₽,4,,,,,,,,
19316,81703,credit,Залог недвижимости,Залог недвижимости,https://www.banki.ru/products/credits/credit/817/,,06.04.2026 16:01,162995,1629951,bank,ЮГ-Инвестбанк,,2772,www.invb.ru,8 800 707-34-56,"350000, г. Краснодар, ул. Красная, д. 113",yug-investbank,RUB,https://www.banki.ru/products/credits/credit/817/,19.4,23.4,,500000,10000000,,365,3650,10y,10y,,74ff99e7b9584296b5777069671261e8e622d77c9c91d96dba351ae567f72ebb,True,2026-08-24 13:50:38,,"19,4–23,4%",,,500 000–10 000 000 ₽,4,,,,,,,,
16760,80803,credit,Приватный,Приватный,https://www.banki.ru/products/credits/credit/808/,,18.06.2026 16:49,162995,1629951,bank,ЮГ-Инвестбанк,,2772,www.invb.ru,8 800 707-34-56,"350000, г. Краснодар, ул. Красная, д. 113",yug-investbank,RUB,https://www.banki.ru/products/credits/credit/808/,18.9,25.9,,10000,15000000,,365,1825,5y,5y,,b5f19a427875ef59aee15db6136d7f6b062fdeba0ddf6f82fa94f62794a32273,True,2026-08-24 13:50:38,,"18,9–25,9%",,,10 000–15 000 000 ₽,4,,,,,,,,
16761,81403,credit,Автозалог,Автозалог,https://www.banki.ru/products/credits/credit/814/,,18.06.2026 16:59,162995,1629951,bank,ЮГ-Инвестбанк,,2772,www.invb.ru,8 800 707-34-56,"350000, г. Краснодар, ул. Красная, д. 113",yug-investbank,RUB,https://www.banki.ru/products/credits/credit/814/,18.9,23.4,,100000,10000000,,365,2555,7y,7y,,86771b3a6c2fd18eb45f2f4ddba9f298a632f4284070c530e3578e3c996fab78,True,2026-08-24 13:50:38,,"18,9–23,4%",,,100 000–10 000 000 ₽,4,,,,,,,,
19316,81703,credit,Залог недвижимости,Залог недвижимости,https://www.banki.ru/products/credits/credit/817/,,18.06.2026 17:15,162995,1629951,bank,ЮГ-Инвестбанк,,2772,www.invb.ru,8 800 707-34-56,"350000, г. Краснодар, ул. Красная, д. 113",yug-investbank,RUB,https://www.banki.ru/products/credits/credit/817/,18.9,22.9,,500000,10000000,,365,3650,10y,10y,,7e6a899c16007727b921e065a60d0faf59d680608fbfbffca79854d16d7cdb14,True,2026-08-24 13:50:38,,"18,9–22,9%",,,500 000–10 000 000 ₽,4,,,,,,,,
17741,20108203,credit,Наличными,Наличными,https://www.banki.ru/products/credits/credit/201082/,https://cdn.banki.ru/cdn/bank/195684_mobile_logo_url.png,09.06.2026 18:08,195684,1956841,bank,Кубаньторгбанк,https://cdn.banki.ru/cdn/bank/195684_mobile_logo_url.png,478,bktb.ru,+7 (861) 212-60-80,"350075, г. Краснодар, ул. Стасова, д. 176",kubantorgbank,RUB,https://www.banki.ru/products/credits/credit/201082/,17.5,24.0,,50000,1000000,,31,1825,1m,5y,,22a83ebb4a18396bc479d5c66470d7e9729bdfc9f64320efc0febd5ace038b70,True,2026-08-24 13:50:38,,"17,5–24%",,,50 000–1 000 000 ₽,4,,,,,,,,
17741,20108203,credit,Наличными,Наличными,https://www.banki.ru/products/credits/credit/201082/,https://cdn.banki.ru/cdn/bank/195684_mobile_logo_url.png,19.06.2026 17:37,195684.0,1956841.0,bank,Кубаньторгбанк,https://cdn.banki.ru/cdn/bank/195684_mobile_logo_url.png,478,bktb.ru,+7 (861) 212-60-80,"350075, г. Краснодар, ул. Стасова, д. 176",kubantorgbank,RUB,https://www.banki.ru/products/credits/credit/201082/,17.5,24.0,,50000,1000000,,31,1825,1m,5y,,9f9b08ab44dbb46fa3782cc853bf7d25ab35d800b78b1435c5c507048c7fad7d,True,2026-08-24 13:50:38,,"17,5–24%",,,50 000–1 000 000 ₽,4,,,,,,,,
17741,20108203,credit,Наличными,Наличными,https://www.banki.ru/products/credits/credit/201082/,https://cdn.banki.ru/cdn/bank/195684_mobile_logo_url.png,01.12.2025 16:59,195684,1956841,bank,Кубаньторгбанк,https://cdn.banki.ru/cdn/bank/195684_mobile_logo_url.png,478,bktb.ru,+7 (861) 212-60-80,"350075, г. Краснодар, ул. Стасова, д. 176
",kubantorgbank,RUB,https://www.banki.ru/products/credits/credit/201082/,24.0,32.0,,50000,1000000,,31,1825,1m,5y,,7999e61c977ebcbc625187799c8f1b8b2dee986c7daa7c9179403d350999ecb4,True,2026-08-24 13:50:38,,24–32%,,,50 000–1 000 000 ₽,4,,,,,,,,
19358,383503,credit,Залоговый,Залоговый,https://www.banki.ru/products/credits/credit/3835/,https://cdn.banki.ru/cdn/bank/189923_mobile_logo_url.png,16.12.2025 16:08,189923,1899231,bank,Живаго банк,https://cdn.banki.ru/cdn/bank/189923_mobile_logo_url.png,2065,www.zhivagobank.ru,8 800 100-64-44,"390000, г. Рязань, ул. Почтовая, д. 64
",zhivago-bank,RUB,https://www.banki.ru/products/credits/credit/3835/,29.0,31.0,,500000,100000000,,365,1825,1y,5y,,3e399a9451853f5d15d4d1f69ebfeb0ecb8e960a4f8c5f980276c423d388c814,True,2026-08-24 13:50:38,,29–31%,,,500 000–100 000 000 ₽,4,,,,,,,,
19318,96903,credit,На любые цели (под залог недвижимости),На любые цели (под залог недвижимости),https://www.banki.ru/products/credits/credit/969/,,09.12.2025 17:39,191189,1911891,bank,Прио-Внешторгбанк,,212,www.priovtb.com,+7 (4912) 20-00-03,"390023, г. Рязань, ул. Есенина, д. 82/26",priovtb,RUB,https://www.banki.ru/products/credits/credit/969/,24.2,25.2,,50000,100000000,,397,3650,13m,10y,,49be6a8a6ff2ffbde11aa759a8e5f2db290b67b16db2d134fca858eec9e17b2f,True,2026-08-24 13:50:38,,"24,2–25,2%",,,50 000–100 000 000 ₽,4,,,,,,,,
16915,379603,credit,На любые цели (под залог авто),На любые цели (под залог авто),https://www.banki.ru/products/credits/credit/3796/,,09.12.2025 17:38,191189,1911891,bank,Прио-Внешторгбанк,,212,www.priovtb.com,+7 (4912) 20-00-03,"390023, г. Рязань, ул. Есенина, д. 82/26",priovtb,RUB,https://www.banki.ru/products/credits/credit/3796/,24.2,28.2,,50000,100000000,,397,1825,13m,5y,,bccd329dea9ff27d5b001aee9b468903f7eaf32d8555e3f3817c4daf7b72c713,True,2026-08-24 13:50:38,,"24,2–28,2%",,,50 000–100 000 000 ₽,4,,,,,,,,
19450,524703,credit,Под залог,Под залог,https://www.banki.ru/products/credits/credit/5247/,https://cdn.banki.ru/cdn/bank/192841_mobile_logo_url.png,03.08.2026 17:47,192841,1928411,bank,Энергобанк,https://cdn.banki.ru/cdn/bank/192841_mobile_logo_url.png,67,www.energobank.ru,8 800-350-54-58,"420111, г. Казань, ул. Пушкина, д. 13/52",energobank,RUB,https://www.banki.ru/products/credits/credit/5247/,18.5,25.5,,100000,100000000,,397,2555,13m,7y,,a7f3efe95033e322d7d4fc99f672cac6a1a839a24286770362c59a220b236eaa,True,2026-08-24 13:50:38,,"18,5–25,5%",,,100 000–100 000 000 ₽,4,,,,,,,,
19402,483003,credit,На любые цели,На любые цели,https://www.banki.ru/products/credits/credit/4830/,https://cdn.banki.ru/cdn/bank/193319_mobile_logo_url.png,26.06.2026 15:19,193319.0,1933191.0,bank,Земский банк,https://cdn.banki.ru/cdn/bank/193319_mobile_logo_url.png,2900,www.zemsky.ru,8 800 200-68-68,"446001, Самарская обл., г. Сызрань, ул. Ульяновская, д. 79",zemsky,RUB,https://www.banki.ru/products/credits/credit/4830/,19.0,35.0,,500000,100000000,,31,1825,1m,5y,,8f092350da5a473d5a9ec59b988d78762371d33b750c148409d1d5596fbe0682,True,2026-08-24 13:50:38,,19–35%,,,500 000–100 000 000 ₽,4,,,,,,,,
19450,524703,credit,Под залог,Под залог,https://www.banki.ru/products/credits/credit/5247/,https://cdn.banki.ru/cdn/bank/192841_mobile_logo_url.png,26.06.2026 12:40,192841.0,1928411.0,bank,Энергобанк,https://cdn.banki.ru/cdn/bank/192841_mobile_logo_url.png,67,www.energobank.ru,8 800-350-54-58,"420111, г. Казань, ул. Пушкина, д. 13/52",energobank,RUB,https://www.banki.ru/products/credits/credit/5247/,19.5,26.5,,100000,100000000,,397,2555,13m,7y,,2636d7a823475aa5e29e8fa71353910d8ea7048bf4e9f3e76602a15d319ee0cd,True,2026-08-24 13:50:38,,"19,5–26,5%",,,100 000–100 000 000 ₽,4,,,,,,,,
25364,21120603,credit,Быстрое решение,Быстрое решение,https://www.banki.ru/products/credits/credit/211206/,https://cdn.banki.ru/cdn/bank/192841_mobile_logo_url.png,26.06.2026 12:30,192841.0,1928411.0,bank,Энергобанк,https://cdn.banki.ru/cdn/bank/192841_mobile_logo_url.png,67,www.energobank.ru,8 800-350-54-58,"420111, г. Казань, ул. Пушкина, д. 13/52",energobank,RUB,https://www.banki.ru/products/credits/credit/211206/,20.0,27.0,,50000,2500000,,396,2555,13m,7y,,cb864f2a7021023a1f0f06bff35c8b3787d3178c79adcb4d38e8c98eda096c78,True,2026-08-24 13:50:38,,20–27%,,,50 000–2 500 000 ₽,4,,,,,,,,
17019,451903,credit,Бюджетный,Бюджетный,https://www.banki.ru/products/credits/credit/4519/,https://cdn.banki.ru/cdn/bank/192841_mobile_logo_url.png,26.06.2026 12:22,192841.0,1928411.0,bank,Энергобанк,https://cdn.banki.ru/cdn/bank/192841_mobile_logo_url.png,67,www.energobank.ru,8 800-350-54-58,"420111, г. Казань, ул. Пушкина, д. 13/52",energobank,RUB,https://www.banki.ru/products/credits/credit/4519/,20.5,27.0,,100000,3000000,,397,2555,13m,7y,,6b55acc3b064a16aeae809b3af54d8dfc66bd5bf846fc084331440c3a0211355,True,2026-08-24 13:50:38,,"20,5–27%",,,100 000–3 000 000 ₽,4,,,,,,,,
16843,320603,credit,Пенсионный (с обеспечением),Пенсионный (с обеспечением),https://www.banki.ru/products/credits/credit/3206/,https://cdn.banki.ru/cdn/bank/192841_mobile_logo_url.png,26.06.2026 12:23,192841.0,1928411.0,bank,Энергобанк,https://cdn.banki.ru/cdn/bank/192841_mobile_logo_url.png,67,www.energobank.ru,8 800-350-54-58,"420111, г. Казань, ул. Пушкина, д. 13/52",energobank,RUB,https://www.banki.ru/products/credits/credit/3206/,21.5,21.5,,50000,400000,,397,1095,13m,3y,,9b5991303564e900ffea6c5942c6d049fba7630efcbcf66bacc3e2d9d191cb32,True,2026-08-24 13:50:38,,"21,5%",,,50 000–400 000 ₽,4,,,,,,,,
25359,21120503,credit,С поручителем,С поручителем,https://www.banki.ru/products/credits/credit/211205/,https://cdn.banki.ru/cdn/bank/192841_mobile_logo_url.png,26.06.2026 12:28,192841.0,1928411.0,bank,Энергобанк,https://cdn.banki.ru/cdn/bank/192841_mobile_logo_url.png,67,www.energobank.ru,8 800-350-54-58,"420111, г. Казань, ул. Пушкина, д. 13/52",energobank,RUB,https://www.banki.ru/products/credits/credit/211205/,22.5,31.0,,100000,3000000,,397,2555,13m,7y,,e9277a22d6c6fe116d2f0dc636e7a0e722141bb5346ad71d4240e8ac8bcae783,True,2026-08-24 13:50:38,,"22,5–31%",,,100 000–3 000 000 ₽,4,,,,,,,,
25358,21120403,credit,Без обеспечения,Без обеспечения,https://www.banki.ru/products/credits/credit/211204/,https://cdn.banki.ru/cdn/bank/192841_mobile_logo_url.png,26.06.2026 12:22,192841.0,1928411.0,bank,Энергобанк,https://cdn.banki.ru/cdn/bank/192841_mobile_logo_url.png,67,www.energobank.ru,8 800-350-54-58,"420111, г. Казань, ул. Пушкина, д. 13/52",energobank,RUB,https://www.banki.ru/products/credits/credit/211204/,23.5,32.0,,100000,3000000,,397,2555,13m,7y,,c423cc30a6db0df00c4849db17e874ac89d1220885300401f45324f6b2cc5881,True,2026-08-24 13:50:38,,"23,5–32%",,,100 000–3 000 000 ₽,4,,,,,,,,
16842,320503,credit,Пенсионный,Пенсионный,https://www.banki.ru/products/credits/credit/3205/,https://cdn.banki.ru/cdn/bank/192841_mobile_logo_url.png,26.06.2026 12:23,192841.0,1928411.0,bank,Энергобанк,https://cdn.banki.ru/cdn/bank/192841_mobile_logo_url.png,67,www.energobank.ru,8 800-350-54-58,"420111, г. Казань, ул. Пушкина, д. 13/52",energobank,RUB,https://www.banki.ru/products/credits/credit/3205/,26.0,26.0,,50000,400000,,397,1095,13m,3y,,2afc45d15edc27d08e0d218bc0e3690d7be9bd60775bf32df49b28b224f83f7f,True,2026-08-24 13:50:38,,26%,,,50 000–400 000 ₽,4,,,,,,,,
19402,483003,credit,На любые цели,На любые цели,https://www.banki.ru/products/credits/credit/4830/,https://cdn.banki.ru/cdn/bank/193319_mobile_logo_url.png,17.06.2026 18:40,193319,1933191,bank,Земский банк,https://cdn.banki.ru/cdn/bank/193319_mobile_logo_url.png,2900,www.zemsky.ru,8 800 200-68-68,"446001, Самарская обл., г. Сызрань, ул. Ульяновская, д. 79",zemsky,RUB,https://www.banki.ru/products/credits/credit/4830/,19.0,35.0,,500000,100000000,,31,1825,1m,5y,,b0d017e426a929ab289160f917649177b6e4055edf35e195e76d8f817c4de5ab,True,2026-08-24 13:50:38,,19–35%,,,500 000–100 000 000 ₽,4,,,,,,,,
25364,21120603,credit,Быстрое решение,Быстрое решение,https://www.banki.ru/products/credits/credit/211206/,https://cdn.banki.ru/cdn/bank/192841_mobile_logo_url.png,17.06.2026 17:11,192841,1928411,bank,Энергобанк,https://cdn.banki.ru/cdn/bank/192841_mobile_logo_url.png,67,www.energobank.ru,8 800-350-54-58,"420111, г. Казань, ул. Пушкина, д. 13/52",energobank,RUB,https://www.banki.ru/products/credits/credit/211206/,20.0,27.0,,50000,2500000,,396,2555,13m,7y,,c15164f7690a64393719028c1e678023ac525a6a598d789d15fe716ceb95645c,True,2026-08-24 13:50:38,,20–27%,,,50 000–2 500 000 ₽,4,,,,,,,,
25359,21120503,credit,С поручителем,С поручителем,https://www.banki.ru/products/credits/credit/211205/,https://cdn.banki.ru/cdn/bank/192841_mobile_logo_url.png,17.06.2026 16:51,192841,1928411,bank,Энергобанк,https://cdn.banki.ru/cdn/bank/192841_mobile_logo_url.png,67,www.energobank.ru,8 800-350-54-58,"420111, г. Казань, ул. Пушкина, д. 13/52",energobank,RUB,https://www.banki.ru/products/credits/credit/211205/,22.5,31.0,,100000,3000000,,397,2555,13m,7y,,1293dda865f9220d9516ab53ac830751fc1cb1627ba9fd192bc706f0a37a1af2,True,2026-08-24 13:50:38,,"22,5–31%",,,100 000–3 000 000 ₽,4,,,,,,,,
19450,524703,credit,Под залог,Под залог,https://www.banki.ru/products/credits/credit/5247/,https://cdn.banki.ru/cdn/bank/192841_mobile_logo_url.png,10.06.2026 18:17,192841,1928411,bank,Энергобанк,https://cdn.banki.ru/cdn/bank/192841_mobile_logo_url.png,67,www.energobank.ru,8 800-350-54-58,"420111, г. Казань, ул. Пушкина, д. 13/52",energobank,RUB,https://www.banki.ru/products/credits/credit/5247/,19.5,26.5,,100000,100000000,,397,2555,13m,7y,,8757e416915a5cc7c58d2e44682608d2d31490cbb1d3d41af4e1337ddbd66924,True,2026-08-24 13:50:38,,"19,5–26,5%",,,100 000–100 000 000 ₽,4,,,,,,,,
17019,451903,credit,Бюджетный,Бюджетный,https://www.banki.ru/products/credits/credit/4519/,https://cdn.banki.ru/cdn/bank/192841_mobile_logo_url.png,10.06.2026 18:13,192841,1928411,bank,Энергобанк,https://cdn.banki.ru/cdn/bank/192841_mobile_logo_url.png,67,www.energobank.ru,8 800-350-54-58,"420111, г. Казань, ул. Пушкина, д. 13/52",energobank,RUB,https://www.banki.ru/products/credits/credit/4519/,20.5,27.0,,100000,3000000,,397,2555,13m,7y,,35d4425286a525b0e6a7dc6a7976509d2c0332efaed9c7168aebde3788a16941,True,2026-08-24 13:50:38,,"20,5–27%",,,100 000–3 000 000 ₽,4,,,,,,,,
16843,320603,credit,Пенсионный (с обеспечением),Пенсионный (с обеспечением),https://www.banki.ru/products/credits/credit/3206/,https://cdn.banki.ru/cdn/bank/192841_mobile_logo_url.png,10.06.2026 17:46,192841,1928411,bank,Энергобанк,https://cdn.banki.ru/cdn/bank/192841_mobile_logo_url.png,67,www.energobank.ru,8 800-350-54-58,"420111, г. Казань, ул. Пушкина, д. 13/52",energobank,RUB,https://www.banki.ru/products/credits/credit/3206/,21.5,21.5,,50000,400000,,397,1095,13m,3y,,edeb73220ad12ba2995c731dd8f8de9762ce42223872aa87fc2252684154fb24,True,2026-08-24 13:50:38,,"21,5%",,,50 000–400 000 ₽,4,,,,,,,,
16842,320503,credit,Пенсионный,Пенсионный,https://www.banki.ru/products/credits/credit/3205/,https://cdn.banki.ru/cdn/bank/192841_mobile_logo_url.png,10.06.2026 17:46,192841,1928411,bank,Энергобанк,https://cdn.banki.ru/cdn/bank/192841_mobile_logo_url.png,67,www.energobank.ru,8 800-350-54-58,"420111, г. Казань, ул. Пушкина, д. 13/52",energobank,RUB,https://www.banki.ru/products/credits/credit/3205/,26.0,26.0,,50000,400000,,397,1095,13m,3y,,b84f3ce413be1de0c3542ee7f615014fb221d33e838683d614f46b9b78710580,True,2026-08-24 13:50:38,,26%,,,50 000–400 000 ₽,4,,,,,,,,
25358,21120403,credit,Без обеспечения,Без обеспечения,https://www.banki.ru/products/credits/credit/211204/,https://cdn.banki.ru/cdn/bank/192841_mobile_logo_url.png,17.06.2026 16:01,192841,1928411,bank,Энергобанк,https://cdn.banki.ru/cdn/bank/192841_mobile_logo_url.png,67,www.energobank.ru,8 800-350-54-58,"420111, г. Казань, ул. Пушкина, д. 13/52",energobank,RUB,https://www.banki.ru/products/credits/credit/211204/,23.5,32.0,,100000,3000000,,397,2555,13m,7y,,14ee9798a78e4f16675d851b5085480c90f9da2d634709f14c4597ea7d225597,True,2026-08-24 13:50:38,,"23,5–32%",,,100 000–3 000 000 ₽,4,,,,,,,,
19377,426803,credit,На любые цели (под залог недвижимости),На любые цели (под залог недвижимости),https://www.banki.ru/products/credits/credit/4268/,https://cdn.banki.ru/cdn/bank/193364_mobile_logo_url.png,16.12.2025 14:18,193364,1933641,bank,КАМКОМБАНК,https://cdn.banki.ru/cdn/bank/193364_mobile_logo_url.png,438,www.kamkombank.ru,8 800 200-04-38,"423800, Республика Татарстан, г. Набережные Челны, ул. Гидростроителей, д. 21
",kamkombank,RUB,https://www.banki.ru/products/credits/credit/4268/,23.0,28.0,,300000,100000000,,365,5475,1y,15y,,a6f46ca6a02b9e23bca978849756cdf867298f45cf4820ea2a1b89f7e3b4eeda,True,2026-08-24 13:50:38,,23–28%,,,300 000–100 000 000 ₽,4,,,,,,,,
17262,520903,credit,На любые цели (под залог авто),На любые цели (под залог авто),https://www.banki.ru/products/credits/credit/5209/,https://cdn.banki.ru/cdn/bank/193364_mobile_logo_url.png,16.12.2025 14:17,193364,1933641,bank,КАМКОМБАНК,https://cdn.banki.ru/cdn/bank/193364_mobile_logo_url.png,438,www.kamkombank.ru,8 800 200-04-38,"423800, Республика Татарстан, г. Набережные Челны, ул. Гидростроителей, д. 21
",kamkombank,RUB,https://www.banki.ru/products/credits/credit/5209/,23.0,28.0,,300000,100000000,,365,1825,1y,5y,,3b30418fd158d0b3a322a71822139b6134aa44285a2254b43f634ff3dff49525,True,2026-08-24 13:50:38,,23–28%,,,300 000–100 000 000 ₽,4,,,,,,,,
17341,20074203,credit,Беззалоговый,Беззалоговый,https://www.banki.ru/products/credits/credit/200742/,https://cdn.banki.ru/cdn/bank/193364_mobile_logo_url.png,16.12.2025 14:17,193364,1933641,bank,КАМКОМБАНК,https://cdn.banki.ru/cdn/bank/193364_mobile_logo_url.png,438,www.kamkombank.ru,8 800 200-04-38,"423800, Республика Татарстан, г. Набережные Челны, ул. Гидростроителей, д. 21
",kamkombank,RUB,https://www.banki.ru/products/credits/credit/200742/,24.0,34.0,,100000,2518000,,365,2555,1y,7y,,e669e7c42ab2e0ea1f511fa1ffbcf06e213b7d11999ab86ac9e6875560abb32e,True,2026-08-24 13:50:38,,24–34%,,,100 000–2 518 000 ₽,4,,,,,,,,
19345,332903,credit,На большие цели,На большие цели,https://www.banki.ru/products/credits/credit/3329/,https://cdn.banki.ru/cdn/bank/192884_mobile_logo_url.png,15.12.2025 16:37,192884,1928841,bank,Банк Казани,https://cdn.banki.ru/cdn/bank/192884_mobile_logo_url.png,708,www.bankofkazan.ru,8 800 775-18-77,"420066, г. Казань, ул. Солдатская, д. 1",kazanbank,RUB,https://www.banki.ru/products/credits/credit/3329/,22.9,22.9,,300000,100000000,,397,2555,13m,7y,,613af28de617fa44c8f83430983bba98512a5fb847a177b4d80dedd8850f4359,True,2026-08-24 13:50:38,,"22,9%",,,300 000–100 000 000 ₽,4,,,,,,,,
16755,59803,credit,Классический,Классический,https://www.banki.ru/products/credits/credit/598/,https://cdn.banki.ru/cdn/bank/192884_mobile_logo_url.png,15.12.2025 16:37,192884,1928841,bank,Банк Казани,https://cdn.banki.ru/cdn/bank/192884_mobile_logo_url.png,708,www.bankofkazan.ru,8 800 775-18-77,"420066, г. Казань, ул. Солдатская, д. 1",kazanbank,RUB,https://www.banki.ru/products/credits/credit/598/,23.4,28.4,,100000,100000000,,365,2555,13m,7y,,21b3433d5dbd90e28cdf4ccb35e21ec08e2769fd2512ca7ecd3385c31020803a,True,2026-08-24 13:50:38,,"23,4–28,4%",,,100 000–100 000 000 ₽,4,,,,,,,,
17270,521803,credit,Доверительный ,Доверительный ,https://www.banki.ru/products/credits/credit/5218/,https://cdn.banki.ru/cdn/bank/192884_mobile_logo_url.png,15.12.2025 16:36,192884,1928841,bank,Банк Казани,https://cdn.banki.ru/cdn/bank/192884_mobile_logo_url.png,708,www.bankofkazan.ru,8 800 775-18-77,"420066, г. Казань, ул. Солдатская, д. 1",kazanbank,RUB,https://www.banki.ru/products/credits/credit/5218/,,33.0,,30000,1500000,,365,1825,13m,5y,,dbde37d77b9a92ba3b190ab362791f2281f596fd1786b680eb5a75538a1d290e,True,2026-08-24 13:50:38,,33%,,,30 000–1 500 000 ₽,4,,,,,,,,
19340,304103,credit,Под залог недвижимого имущества,Под залог недвижимого имущества,https://www.banki.ru/products/credits/credit/3041/,https://cdn.banki.ru/cdn/bank/12092_mobile_logo_url.png,02.12.2025 16:57,12092,120921,bank,ББР Банк,https://cdn.banki.ru/cdn/bank/12092_mobile_logo_url.png,2929,www.bbr.ru,8 800 220-40-00,"121099, Москва, 1-й Николощеповский пер., 6, стр. 1",bbrbank,RUB,https://www.banki.ru/products/credits/credit/3041/,22.0,23.2,,1000000,30000000,,1095,3650,3y,10y,,7b98530954d66e8a6d568443bbd4a08a8d47c55c25e972fdd2b51c19fc16bdd5,True,2026-08-24 13:50:38,,"22–23,2%",,,1 000 000–30 000 000 ₽,4,,,,,,,,
16911,377803,credit,Под залог движимого имущества,Под залог движимого имущества,https://www.banki.ru/products/credits/credit/3778/,https://cdn.banki.ru/cdn/bank/12092_mobile_logo_url.png,02.12.2025 16:13,12092,120921,bank,ББР Банк,https://cdn.banki.ru/cdn/bank/12092_mobile_logo_url.png,2929,www.bbr.ru,8 800 220-40-00,"121099, Москва, 1-й Николощеповский пер., 6, стр. 1",bbrbank,RUB,https://www.banki.ru/products/credits/credit/3778/,23.0,23.9,,450000,6000000,,730,1825,2y,5y,,71ff42c0919024d4a81ad6d4391a2650a74d63ce88e0a238a20c8b98f940c7bf,True,2026-08-24 13:50:38,,"23–23,9%",,,450 000–6 000 000 ₽,4,,,,,,,,
16733,1303,credit,Наличными,Наличными,https://www.banki.ru/products/credits/credit/13/,https://cdn.banki.ru/cdn/bank/863_mobile_logo_url.png,22.12.2025 11:57,863,8631,bank,Банк ЗЕНИТ,https://cdn.banki.ru/cdn/bank/863_mobile_logo_url.png,3255,www.zenit.ru,8 800 500-66-77,"117638, г. Москва, Одесская ул., д. 2",zenit,RUB,https://www.banki.ru/products/credits/credit/13/,16.5,39.9,,100000,5000000,,1095,1825,3y,5y,,c825d932dd716106330b6d96d2f42f7809cc2571ca59ae715e17814dc4131c54,True,2026-08-24 13:50:38,,"16,5–39,9%",,,100 000–5 000 000 ₽,4,,,,,,,,
19810,21114903,credit,Классика,Классика,https://www.banki.ru/products/credits/credit/211149/,https://cdn.banki.ru/cdn/bank/351_mobile_logo_url.png,22.12.2025 12:12,351,3511,bank,Русский Стандарт,https://cdn.banki.ru/cdn/bank/351_mobile_logo_url.png,2289,www.rsb.ru,+7 (495) 748-07-48,"105187, г. Москва, ул. Ткацкая, д. 36",rsb,RUB,https://www.banki.ru/products/credits/credit/211149/,16.9,51.0,,30000,3000000,,30,1825,1m,5y,,f739a4e6b6b7bc67d58e7b14bb652768931d7cfea6671dfd51db7835fb505b59,True,2026-08-24 13:50:38,,"16,9–51%",,,30 000–3 000 000 ₽,4,,,,,,,,
16978,424703,credit,Наличными,Наличными,https://www.banki.ru/products/credits/credit/4247/,https://cdn.banki.ru/cdn/bank/351_mobile_logo_url.png,22.12.2025 12:12,351,3511,bank,Русский Стандарт,https://cdn.banki.ru/cdn/bank/351_mobile_logo_url.png,2289,www.rsb.ru,+7 (495) 748-07-48,"105187, г. Москва, ул. Ткацкая, д. 36",rsb,RUB,https://www.banki.ru/products/credits/credit/4247/,24.9,65.0,,30000,3000000,,31,1825,1m,5y,,54283981738f9afcd0cdf9b762ad2b87c08525c6d09c16555c3c698059564fc8,True,2026-08-24 13:50:38,,"24,9–65%",,,30 000–3 000 000 ₽,4,,,,,,,,
19449,524303,credit,Под залог квартиры,Под залог квартиры,https://www.banki.ru/products/credits/credit/5243/,https://cdn.banki.ru/cdn/bank/11948217_mobile_logo_url.png,22.12.2025 12:47,11948217,119482171,bank,Credit.Club,https://cdn.banki.ru/cdn/bank/11948217_mobile_logo_url.png,—,credit.club,8 800-775-80-09,"г. Екатеринбург, ул. Малышева, 51
",creditclub,RUB,https://www.banki.ru/products/credits/credit/5243/,16.9,26.9,,300000,15000000,,365,7300,1y,20y,,ca0db513e5159c50ba2b8d39cf1bcfc194af6b37f0a033b46f571449c6021d56,True,2026-08-24 13:50:38,,"16,9–26,9%",,,300 000–15 000 000 ₽,4,,,,,,,,
16810,270303,credit,Оптимальный бюджетный,Оптимальный бюджетный,https://www.banki.ru/products/credits/credit/2703/,,21.11.2025 14:35,195188,1951881,bank,Банк «Венец»,,524,www.venets-bank.ru,8 800 707-55-99,"432071, г. Ульяновск, ул. Марата, д. 19
",venetsbank,RUB,https://www.banki.ru/products/credits/credit/2703/,26.0,26.0,,50000,1000000,,397,1825,13m,5y,,11db8d25cc973fe5e076aca056166682ab6177619cd12c63bb063e846b933b10,True,2026-08-24 13:50:38,,26%,,,50 000–1 000 000 ₽,4,,,,,,,,
16811,270403,credit,Пенсионный,Пенсионный,https://www.banki.ru/products/credits/credit/2704/,,21.11.2025 14:31,195188,1951881,bank,Банк «Венец»,,524,www.venets-bank.ru,8 800 707-55-99,"432071, г. Ульяновск, ул. Марата, д. 19
",venetsbank,RUB,https://www.banki.ru/products/credits/credit/2704/,26.0,26.0,,50000,500000,,397,1825,13m,5y,,18eff875eff10cab00e5c360419ba1055a78a4c47928a16f1868f786cee12558,True,2026-08-24 13:50:38,,26%,,,50 000–500 000 ₽,4,,,,,,,,
16942,398703,credit,Пенсионный Плюс,Пенсионный Плюс,https://www.banki.ru/products/credits/credit/3987/,,21.11.2025 14:32,195188,1951881,bank,Банк «Венец»,,524,www.venets-bank.ru,8 800 707-55-99,"432071, г. Ульяновск, ул. Марата, д. 19
",venetsbank,RUB,https://www.banki.ru/products/credits/credit/3987/,26.0,26.0,,50000,500000,,397,1825,13m,5y,,044312c0c7d45c9131687c2b960717b3cd6417a0c401ebc068158c70bb2ea0d5,True,2026-08-24 13:50:38,,26%,,,50 000–500 000 ₽,4,,,,,,,,
16809,270203,credit,Оптимальный лайт,Оптимальный лайт,https://www.banki.ru/products/credits/credit/2702/,,21.11.2025 14:34,195188,1951881,bank,Банк «Венец»,,524,www.venets-bank.ru,8 800 707-55-99,"432071, г. Ульяновск, ул. Марата, д. 19
",venetsbank,RUB,https://www.banki.ru/products/credits/credit/2702/,29.0,29.0,,50000,1000000,,397,1825,13m,5y,,f1b9f287e711bb8275f6cbdbc100ead1ef218642a23341ee2b8025eee4927c7b,True,2026-08-24 13:50:38,,29%,,,50 000–1 000 000 ₽,4,,,,,,,,
16809,270203,credit,Оптимальный лайт,Оптимальный лайт,https://www.banki.ru/products/credits/credit/2702/,,24.06.2026 18:43,195188.0,1951881.0,bank,Банк «Венец»,,524,www.venets-bank.ru,8 800 707-55-99,"432071, г. Ульяновск, ул. Радищева, д. 73А",venetsbank,RUB,https://www.banki.ru/products/credits/credit/2702/,27.0,27.0,,50000,1000000,,397,1825,13m,5y,,bf357f46a154ebd38a25672f3048bfb44c77b7eb9612e72dd6c462a9d1b12b30,True,2026-08-24 13:50:38,,27%,,,50 000–1 000 000 ₽,4,,,,,,,,
17612,20101503,credit,Кузнецкий лайт,Кузнецкий лайт,https://www.banki.ru/products/credits/credit/201015/,,24.06.2026 13:42,194898.0,1948981.0,bank,Банк «Кузнецкий»,,609,www.kuzbank.ru,8 800 100-64-10  ,"440000, г. Пенза, ул. Красная, д. 104",kuznetsky,RUB,https://www.banki.ru/products/credits/credit/201015/,34.9,54.9,,20000,100000,,31,1825,1m,5y,,fa7c414b66e975b01fec7b1f628724bd4097d9ca6f998e973bd575ae879e6c44,True,2026-08-24 13:50:38,,"34,9–54,9%",,,20 000–100 000 ₽,4,,,,,,,,
16810,270303,credit,Оптимальный бюджетный,Оптимальный бюджетный,https://www.banki.ru/products/credits/credit/2703/,,19.03.2026 18:26,195188,1951881,bank,Банк «Венец»,,524,www.venets-bank.ru,8 800 707-55-99,"432071, г. Ульяновск, ул. Радищева, д. 73А",venetsbank,RUB,https://www.banki.ru/products/credits/credit/2703/,25.0,25.0,,50000,1000000,,397,1825,13m,5y,,e9f25b0d89e817c1edf7e380dacf1282fba2ba6129c34663b0962cebe7c4d6c8,True,2026-08-24 13:50:38,,25%,,,50 000–1 000 000 ₽,4,,,,,,,,
16811,270403,credit,Пенсионный,Пенсионный,https://www.banki.ru/products/credits/credit/2704/,,19.03.2026 18:26,195188,1951881,bank,Банк «Венец»,,524,www.venets-bank.ru,8 800 707-55-99,"432071, г. Ульяновск, ул. Радищева, д. 73А",venetsbank,RUB,https://www.banki.ru/products/credits/credit/2704/,25.0,25.0,,50000,500000,,397,1825,13m,5y,,5ff821819b6b62ecce9159f3f64f8abe5df2bf45cd3c4e5a45aed5b7431aeb90,True,2026-08-24 13:50:38,,25%,,,50 000–500 000 ₽,4,,,,,,,,
16942,398703,credit,Пенсионный Плюс,Пенсионный Плюс,https://www.banki.ru/products/credits/credit/3987/,,19.03.2026 18:27,195188,1951881,bank,Банк «Венец»,,524,www.venets-bank.ru,8 800 707-55-99,"432071, г. Ульяновск, ул. Радищева, д. 73А",venetsbank,RUB,https://www.banki.ru/products/credits/credit/3987/,25.0,25.0,,50000,500000,,397,1825,13m,5y,,ef5fa78c85c2d93b07d54d53a0d2e77b314751e0848708f51e304bb400a45026,True,2026-08-24 13:50:38,,25%,,,50 000–500 000 ₽,4,,,,,,,,
16809,270203,credit,Оптимальный лайт,Оптимальный лайт,https://www.banki.ru/products/credits/credit/2702/,,19.03.2026 18:25,195188,1951881,bank,Банк «Венец»,,524,www.venets-bank.ru,8 800 707-55-99,"432071, г. Ульяновск, ул. Радищева, д. 73А",venetsbank,RUB,https://www.banki.ru/products/credits/credit/2702/,27.0,27.0,,50000,1000000,,397,1825,13m,5y,,a5bd6781facd24510bdbbeb2c8e74807c0f7571d43346ca238fccc835c2c2234,True,2026-08-24 13:50:38,,27%,,,50 000–1 000 000 ₽,4,,,,,,,,
16990,437703,credit,Лёгкий,Лёгкий,https://www.banki.ru/products/credits/credit/4377/,https://cdn.banki.ru/cdn/bank/190143_mobile_logo_url.png,25.05.2026 15:05,190143,1901431,bank,Банк «Вологжанин»,https://cdn.banki.ru/cdn/bank/190143_mobile_logo_url.png,1896,www.bankvl.ru,+7 (8172) 21-01-01,"160000, г. Вологда, ул. Козленская, д. 10",vologzhanin,RUB,https://www.banki.ru/products/credits/credit/4377/,24.0,29.0,,50000,1000000,,730,1825,2y,5y,,34c8a5d3c9baa39e39e3f111fb03d6748acc931fcc90f582dd30b33e71822b94,True,2026-08-24 13:50:38,,24–29%,,,50 000–1 000 000 ₽,4,,,,,,,,
17276,522703,credit,Догазификация,Догазификация,https://www.banki.ru/products/credits/credit/5227/,https://cdn.banki.ru/cdn/bank/190143_mobile_logo_url.png,10.06.2026 13:23,190143,1901431,bank,Банк «Вологжанин»,https://cdn.banki.ru/cdn/bank/190143_mobile_logo_url.png,1896,www.bankvl.ru,+7 (8172) 21-01-01,"160000, г. Вологда, ул. Козленская, д. 10",vologzhanin,RUB,https://www.banki.ru/products/credits/credit/5227/,3.25,26.5,,50000,300000,,31,1825,1m,5y,,7e203e6e8b8a6ff420dc09071fbcb1756898d4651e4501d151705c7a017e074e,True,2026-08-24 13:50:38,,"3,25–26,5%",,,50 000–300 000 ₽,4,,,,,,,,
19480,20104603,credit,Залоговый (для бюджетников),Залоговый (для бюджетников),https://www.banki.ru/products/credits/credit/201046/,https://cdn.banki.ru/cdn/bank/190143_mobile_logo_url.png,10.06.2026 13:40,190143,1901431,bank,Банк «Вологжанин»,https://cdn.banki.ru/cdn/bank/190143_mobile_logo_url.png,1896,www.bankvl.ru,+7 (8172) 21-01-01,"160000, г. Вологда, ул. Козленская, д. 10",vologzhanin,RUB,https://www.banki.ru/products/credits/credit/201046/,20.5,29.5,,1000000,10000000,,730,2555,1m5y,7y,,2caeb76cbf39b35551cca7b81fab648b93c9e525e208d81530fd90e71c6a0735,True,2026-08-24 13:50:38,,"20,5–29,5%",,,1 000 000–10 000 000 ₽,4,,,,,,,,
19388,452903,credit,Залоговый,Залоговый,https://www.banki.ru/products/credits/credit/4529/,https://cdn.banki.ru/cdn/bank/190143_mobile_logo_url.png,10.06.2026 13:40,190143,1901431,bank,Банк «Вологжанин»,https://cdn.banki.ru/cdn/bank/190143_mobile_logo_url.png,1896,www.bankvl.ru,+7 (8172) 21-01-01,"160000, г. Вологда, ул. Козленская, д. 10",vologzhanin,RUB,https://www.banki.ru/products/credits/credit/4529/,21.0,29.0,,300000,10000000,,730,2555,1m5y,7y,,a50bbaa0264587fa8101a698cb615ebde764113064285556a88c44f816c54420,True,2026-08-24 13:50:38,,21–29%,,,300 000–10 000 000 ₽,4,,,,,,,,
16975,422803,credit,Под залог авто,Под залог авто,https://www.banki.ru/products/credits/credit/4228/,https://cdn.banki.ru/cdn/bank/190143_mobile_logo_url.png,10.06.2026 13:24,190143,1901431,bank,Банк «Вологжанин»,https://cdn.banki.ru/cdn/bank/190143_mobile_logo_url.png,1896,www.bankvl.ru,+7 (8172) 21-01-01,"160000, г. Вологда, ул. Козленская, д. 10",vologzhanin,RUB,https://www.banki.ru/products/credits/credit/4228/,21.0,28.0,,300000,5000000,,730,1825,2y,5y,,2cde98f0742658abd836f6369d6d1a41eafe018d980bc1502600dbc14d241e6b,True,2026-08-24 13:50:38,,21–28%,,,300 000–5 000 000 ₽,4,,,,,,,,
18175,20112203,credit,Лёгкий для бюджетников,Лёгкий для бюджетников,https://www.banki.ru/products/credits/credit/201122/,https://cdn.banki.ru/cdn/bank/190143_mobile_logo_url.png,10.06.2026 13:20,190143,1901431,bank,Банк «Вологжанин»,https://cdn.banki.ru/cdn/bank/190143_mobile_logo_url.png,1896,www.bankvl.ru,+7 (8172) 21-01-01,"160000, г. Вологда, ул. Козленская, д. 10",vologzhanin,RUB,https://www.banki.ru/products/credits/credit/201122/,21.0,26.0,,100000,1400000,,730,1825,2y,5y,,21d1f97c17812925aede89caac7fe5026ae7cfaef9662d9537de1339e7aa0d58,True,2026-08-24 13:50:38,,21–26%,,,100 000–1 400 000 ₽,4,,,,,,,,
16991,437803,credit,С поручителем,С поручителем,https://www.banki.ru/products/credits/credit/4378/,https://cdn.banki.ru/cdn/bank/190143_mobile_logo_url.png,10.06.2026 13:33,190143,1901431,bank,Банк «Вологжанин»,https://cdn.banki.ru/cdn/bank/190143_mobile_logo_url.png,1896,www.bankvl.ru,+7 (8172) 21-01-01,"160000, г. Вологда, ул. Козленская, д. 10",vologzhanin,RUB,https://www.banki.ru/products/credits/credit/4378/,21.5,28.5,,50000,3000000,,730,1825,2y,5y,,1a2c8fd42e2b7ca3569a4d24a5dbf39957851afce45d73f45fce8984f28cf6f9,True,2026-08-24 13:50:38,,"21,5–28,5%",,,50 000–3 000 000 ₽,4,,,,,,,,
16990,437703,credit,Лёгкий,Лёгкий,https://www.banki.ru/products/credits/credit/4377/,https://cdn.banki.ru/cdn/bank/190143_mobile_logo_url.png,10.06.2026 13:19,190143,1901431,bank,Банк «Вологжанин»,https://cdn.banki.ru/cdn/bank/190143_mobile_logo_url.png,1896,www.bankvl.ru,+7 (8172) 21-01-01,"160000, г. Вологда, ул. Козленская, д. 10",vologzhanin,RUB,https://www.banki.ru/products/credits/credit/4377/,22.0,29.0,,50000,1000000,,730,1825,2y,5y,,6d3e1feb71d739e16168b1ad4cf8a356d600ff6c1dc11cc1d9f5932c06fa926e,True,2026-08-24 13:50:38,,22–29%,,,50 000–1 000 000 ₽,4,,,,,,,,
17004,441403,credit,Пенсионный,Пенсионный,https://www.banki.ru/products/credits/credit/4414/,https://cdn.banki.ru/cdn/bank/190143_mobile_logo_url.png,10.06.2026 13:03,190143,1901431,bank,Банк «Вологжанин»,https://cdn.banki.ru/cdn/bank/190143_mobile_logo_url.png,1896,www.bankvl.ru,+7 (8172) 21-01-01,"160000, г. Вологда, ул. Козленская, д. 10",vologzhanin,RUB,https://www.banki.ru/products/credits/credit/4414/,22.0,29.0,,50000,750000,,730,1825,2y,5y,,6d3864513f2cd0d1ceba39f6e055e4820cd70f4b8418e7b4499904edbbedacd3,True,2026-08-24 13:50:38,,22–29%,,,50 000–750 000 ₽,4,,,,,,,,
17276,522703,credit,Догазификация,Догазификация,https://www.banki.ru/products/credits/credit/5227/,https://cdn.banki.ru/cdn/bank/190143_mobile_logo_url.png,22.06.2026 18:08,190143.0,1901431.0,bank,Банк «Вологжанин»,https://cdn.banki.ru/cdn/bank/190143_mobile_logo_url.png,1896,www.bankvl.ru,+7 (8172) 21-01-01,"160000, г. Вологда, ул. Козленская, д. 10",vologzhanin,RUB,https://www.banki.ru/products/credits/credit/5227/,3.25,26.5,,50000,300000,,31,1825,1m,5y,,5108fea21ffec02c0ac91ba9f756b7a19fe948e2ed5e4ce329903fe4da7b1073,True,2026-08-24 13:50:38,,"3,25–26,5%",,,50 000–300 000 ₽,4,,,,,,,,
19480,20104603,credit,Залоговый (для бюджетников),Залоговый (для бюджетников),https://www.banki.ru/products/credits/credit/201046/,https://cdn.banki.ru/cdn/bank/190143_mobile_logo_url.png,22.06.2026 18:13,190143.0,1901431.0,bank,Банк «Вологжанин»,https://cdn.banki.ru/cdn/bank/190143_mobile_logo_url.png,1896,www.bankvl.ru,+7 (8172) 21-01-01,"160000, г. Вологда, ул. Козленская, д. 10",vologzhanin,RUB,https://www.banki.ru/products/credits/credit/201046/,20.5,29.5,,1000000,10000000,,730,2555,1m5y,7y,,156c69d00781f87c62fd30f941406b2d0695ad2592d2819649f13ed29178ec7d,True,2026-08-24 13:50:38,,"20,5–29,5%",,,1 000 000–10 000 000 ₽,4,,,,,,,,
19388,452903,credit,Залоговый,Залоговый,https://www.banki.ru/products/credits/credit/4529/,https://cdn.banki.ru/cdn/bank/190143_mobile_logo_url.png,22.06.2026 18:13,190143.0,1901431.0,bank,Банк «Вологжанин»,https://cdn.banki.ru/cdn/bank/190143_mobile_logo_url.png,1896,www.bankvl.ru,+7 (8172) 21-01-01,"160000, г. Вологда, ул. Козленская, д. 10",vologzhanin,RUB,https://www.banki.ru/products/credits/credit/4529/,21.0,29.0,,300000,10000000,,730,2555,1m5y,7y,,f2eaa6e866a56e3307403b9be93ecbb5e6d3a9a9e28514f10ae1d8551ef1327d,True,2026-08-24 13:50:38,,21–29%,,,300 000–10 000 000 ₽,4,,,,,,,,
16975,422803,credit,Под залог авто,Под залог авто,https://www.banki.ru/products/credits/credit/4228/,https://cdn.banki.ru/cdn/bank/190143_mobile_logo_url.png,22.06.2026 18:10,190143.0,1901431.0,bank,Банк «Вологжанин»,https://cdn.banki.ru/cdn/bank/190143_mobile_logo_url.png,1896,www.bankvl.ru,+7 (8172) 21-01-01,"160000, г. Вологда, ул. Козленская, д. 10",vologzhanin,RUB,https://www.banki.ru/products/credits/credit/4228/,21.0,28.0,,300000,5000000,,730,1825,2y,5y,,5974814165d210a3b5ea1a94fcda11ddc4a7b8a88f8200fa16d01ecf42a9a7d4,True,2026-08-24 13:50:38,,21–28%,,,300 000–5 000 000 ₽,4,,,,,,,,
18175,20112203,credit,Лёгкий для бюджетников,Лёгкий для бюджетников,https://www.banki.ru/products/credits/credit/201122/,https://cdn.banki.ru/cdn/bank/190143_mobile_logo_url.png,22.06.2026 18:04,190143.0,1901431.0,bank,Банк «Вологжанин»,https://cdn.banki.ru/cdn/bank/190143_mobile_logo_url.png,1896,www.bankvl.ru,+7 (8172) 21-01-01,"160000, г. Вологда, ул. Козленская, д. 10",vologzhanin,RUB,https://www.banki.ru/products/credits/credit/201122/,21.0,26.0,,100000,1400000,,730,1825,2y,5y,,99136f0a7e64769d817ab6111cdd5d6e1caf643ce0d2aec5ae98a7f62543c7cd,True,2026-08-24 13:50:38,,21–26%,,,100 000–1 400 000 ₽,4,,,,,,,,
16991,437803,credit,С поручителем,С поручителем,https://www.banki.ru/products/credits/credit/4378/,https://cdn.banki.ru/cdn/bank/190143_mobile_logo_url.png,22.06.2026 18:11,190143.0,1901431.0,bank,Банк «Вологжанин»,https://cdn.banki.ru/cdn/bank/190143_mobile_logo_url.png,1896,www.bankvl.ru,+7 (8172) 21-01-01,"160000, г. Вологда, ул. Козленская, д. 10",vologzhanin,RUB,https://www.banki.ru/products/credits/credit/4378/,21.5,28.5,,50000,3000000,,730,1825,2y,5y,,a22b3dab4e1fd19091699b55e8558d9869374aef91a6411f388c501e60a8ae2e,True,2026-08-24 13:50:38,,"21,5–28,5%",,,50 000–3 000 000 ₽,4,,,,,,,,
16990,437703,credit,Лёгкий,Лёгкий,https://www.banki.ru/products/credits/credit/4377/,https://cdn.banki.ru/cdn/bank/190143_mobile_logo_url.png,22.06.2026 18:02,190143.0,1901431.0,bank,Банк «Вологжанин»,https://cdn.banki.ru/cdn/bank/190143_mobile_logo_url.png,1896,www.bankvl.ru,+7 (8172) 21-01-01,"160000, г. Вологда, ул. Козленская, д. 10",vologzhanin,RUB,https://www.banki.ru/products/credits/credit/4377/,22.0,29.0,,50000,1000000,,730,1825,2y,5y,,148930f5ad4c9e0807408f8f88a96696e20afc58400f2851c2044d29082b4224,True,2026-08-24 13:50:38,,22–29%,,,50 000–1 000 000 ₽,4,,,,,,,,
17004,441403,credit,Пенсионный,Пенсионный,https://www.banki.ru/products/credits/credit/4414/,https://cdn.banki.ru/cdn/bank/190143_mobile_logo_url.png,22.06.2026 18:02,190143.0,1901431.0,bank,Банк «Вологжанин»,https://cdn.banki.ru/cdn/bank/190143_mobile_logo_url.png,1896,www.bankvl.ru,+7 (8172) 21-01-01,"160000, г. Вологда, ул. Козленская, д. 10",vologzhanin,RUB,https://www.banki.ru/products/credits/credit/4414/,22.0,29.0,,50000,750000,,730,1825,2y,5y,,a6a3dde71cc84fd35669be71f39fa4952689e35e8661cd84804d3e77e3e48848,True,2026-08-24 13:50:38,,22–29%,,,50 000–750 000 ₽,4,,,,,,,,
19337,298003,credit,Под залог,Под залог,https://www.banki.ru/products/credits/credit/2980/,https://cdn.banki.ru/cdn/bank/17111_mobile_logo_url.png,17.12.2025 19:35,17111,171111,bank,Банк Финсервис,https://cdn.banki.ru/cdn/bank/17111_mobile_logo_url.png,3388,www.finsb.ru,8 800 200-07-67,"121151, г. Москва, наб. Тараса Шевченко, д. 23А",finservice,RUB,https://www.banki.ru/products/credits/credit/2980/,21.0,24.0,,500000,100000000,,183,3650,6m,10y,,bb899bb568d6ea1a64a3f449012ceed3086fcd44f405e5867cd61b77ceea7c66,True,2026-08-24 13:50:38,,21–24%,,,500 000–100 000 000 ₽,4,,,,,,,,
17012,446803,credit,На любые цели (под поручительство),На любые цели (под поручительство),https://www.banki.ru/products/credits/credit/4468/,https://cdn.banki.ru/cdn/bank/17111_mobile_logo_url.png,17.12.2025 19:37,17111,171111,bank,Банк Финсервис,https://cdn.banki.ru/cdn/bank/17111_mobile_logo_url.png,3388,www.finsb.ru,8 800 200-07-67,"121151, г. Москва, наб. Тараса Шевченко, д. 23А",finservice,RUB,https://www.banki.ru/products/credits/credit/4468/,23.5,28.5,,1500001,100000000,,183,1825,1m3y,5y,,8a78f7d8df86b0427a9b32b5c4b1958154e2e5346fde7318d2f842e799181091,True,2026-08-24 13:50:38,,"23,5–28,5%",,,1 500 001–100 000 000 ₽,4,,,,,,,,
16812,272703,credit,На любые цели,На любые цели,https://www.banki.ru/products/credits/credit/2727/,https://cdn.banki.ru/cdn/bank/17111_mobile_logo_url.png,17.12.2025 19:37,17111,171111,bank,Банк Финсервис,https://cdn.banki.ru/cdn/bank/17111_mobile_logo_url.png,3388,www.finsb.ru,8 800 200-07-67,"121151, г. Москва, наб. Тараса Шевченко, д. 23А",finservice,RUB,https://www.banki.ru/products/credits/credit/2727/,24.5,29.5,,50000,1500000,,183,1825,1m3y,5y,,1064791ceab1a8c85cb352a54748e10f4ca295c0903466ccb100e388160f3668,True,2026-08-24 13:50:38,,"24,5–29,5%",,,50 000–1 500 000 ₽,4,,,,,,,,
19451,525003,credit,Под залог (недвижимости),Под залог (недвижимости),https://www.banki.ru/products/credits/credit/5250/,,16.03.2026 18:48,190481,1904811,bank,Хакасский муниципальный банк,,1049,www.kbhmb.ru,+7 (3902) 35-75-00,"655017, Республика Хакасия, г. Абакан, ул. Хакасская, д. 73",hmb,RUB,https://www.banki.ru/products/credits/credit/5250/,23.0,23.0,,300000,20000000,,1067,3650,35m,10y,,54930da283854ebe3e05f4240a46a4f20edd54f936aac82d7d13908472cde221,True,2026-08-24 13:50:38,,23%,,,300 000–20 000 000 ₽,4,,,,,,,,
17595,20099603,credit,Под залог авто,Под залог авто,https://www.banki.ru/products/credits/credit/200996/,,16.03.2026 18:48,190481,1904811,bank,Хакасский муниципальный банк,,1049,www.kbhmb.ru,+7 (3902) 35-75-00,"655017, Республика Хакасия, г. Абакан, ул. Хакасская, д. 73",hmb,RUB,https://www.banki.ru/products/credits/credit/200996/,24.0,24.0,,100000,20000000,,1067,1800,35m,59m,,1d1df43fcfd58e19aaa4e241910f81fddbc8cb1adf9a0a7a10a060bd8e5f970c,True,2026-08-24 13:50:38,,24%,,,100 000–20 000 000 ₽,4,,,,,,,,
16875,348503,credit,На любые цели (с обеспечением),На любые цели (с обеспечением),https://www.banki.ru/products/credits/credit/3485/,,16.03.2026 18:45,190481,1904811,bank,Хакасский муниципальный банк,,1049,www.kbhmb.ru,+7 (3902) 35-75-00,"655017, Республика Хакасия, г. Абакан, ул. Хакасская, д. 73",hmb,RUB,https://www.banki.ru/products/credits/credit/3485/,27.0,27.0,,30000,20000000,,397,1800,13m,59m,,672bafa76b7ca0fb13647703a27a71188115efc947750d473147f0e93c49715b,True,2026-08-24 13:50:38,,27%,,,30 000–20 000 000 ₽,4,,,,,,,,
16874,348403,credit,На любые цели,На любые цели,https://www.banki.ru/products/credits/credit/3484/,,16.03.2026 18:44,190481,1904811,bank,Хакасский муниципальный банк,,1049,www.kbhmb.ru,+7 (3902) 35-75-00,"655017, Республика Хакасия, г. Абакан, ул. Хакасская, д. 73",hmb,RUB,https://www.banki.ru/products/credits/credit/3484/,30.0,30.0,,30000,150000,,397,1800,13m,59m,,859c17a515493268f3218b219c524c25cb2cf3970822af6c3d63248e6c0940d7,True,2026-08-24 13:50:38,,30%,,,30 000–150 000 ₽,4,,,,,,,,
17113,494203,credit,Наличными,Наличными,https://www.banki.ru/products/credits/credit/4942/,https://cdn.banki.ru/cdn/bank/68886_mobile_logo_url.png,30.12.2025 16:58,68886,688861,bank,Енисейский объединенный банк,https://cdn.banki.ru/cdn/bank/68886_mobile_logo_url.png,2645,www.united.ru,8 800 200-97-00,"660049, г. Красноярск, ул. Карла Маркса, д. 62",eniseisk-united-bank,RUB,https://www.banki.ru/products/credits/credit/4942/,29.0,32.25,,10000,3000000,,31,2190,1m,6y,,6b98df541599c00d886604db2e1029f3aed232c2da0c98b89c8554b163829f0e,True,2026-08-24 13:50:38,,"29–32,25%",,,10 000–3 000 000 ₽,4,,,,,,,,
17595,20099603,credit,Под залог авто,Под залог авто,https://www.banki.ru/products/credits/credit/200996/,,11.06.2026 13:21,190481,1904811,bank,Хакасский муниципальный банк,,1049,www.kbhmb.ru,+7 (3902) 35-75-00,"655017, Республика Хакасия, г. Абакан, ул. Хакасская, д. 73",hmb,RUB,https://www.banki.ru/products/credits/credit/200996/,22.5,22.5,,100000,20000000,,1067,1800,35m,59m,,62673ea741eb0ab62bbc5dc2345de0bf6564dfa23f4645348deafc54cc36f9b0,True,2026-08-24 13:50:38,,"22,5%",,,100 000–20 000 000 ₽,4,,,,,,,,
16875,348503,credit,На любые цели (с обеспечением),На любые цели (с обеспечением),https://www.banki.ru/products/credits/credit/3485/,,11.06.2026 13:22,190481,1904811,bank,Хакасский муниципальный банк,,1049,www.kbhmb.ru,+7 (3902) 35-75-00,"655017, Республика Хакасия, г. Абакан, ул. Хакасская, д. 73",hmb,RUB,https://www.banki.ru/products/credits/credit/3485/,25.5,25.5,,30000,20000000,,397,1800,13m,59m,,7d64629db2ccab17a8bff6533b8aa51fbd9faf5f38a9ba3a48062f6db1ee9278,True,2026-08-24 13:50:38,,"25,5%",,,30 000–20 000 000 ₽,4,,,,,,,,
16874,348403,credit,На любые цели,На любые цели,https://www.banki.ru/products/credits/credit/3484/,,11.06.2026 13:22,190481,1904811,bank,Хакасский муниципальный банк,,1049,www.kbhmb.ru,+7 (3902) 35-75-00,"655017, Республика Хакасия, г. Абакан, ул. Хакасская, д. 73",hmb,RUB,https://www.banki.ru/products/credits/credit/3484/,28.5,28.5,,30000,150000,,397,1800,13m,59m,,ed5771ff066e53ad68190f9a09824ec8e24d9a43a788ec7b3df0514f91b5f49c,True,2026-08-24 13:50:38,,"28,5%",,,30 000–150 000 ₽,4,,,,,,,,
19451,525003,credit,Под залог (недвижимости),Под залог (недвижимости),https://www.banki.ru/products/credits/credit/5250/,,16.06.2026 17:35,190481,1904811,bank,Хакасский муниципальный банк,,1049,www.kbhmb.ru,+7 (3902) 35-75-00,"655017, Республика Хакасия, г. Абакан, ул. Хакасская, д. 73",hmb,RUB,https://www.banki.ru/products/credits/credit/5250/,21.5,21.5,,300000,20000000,,1067,3650,35m,10y,,479bdb0c40359b9b247236b16e9b3a57929834471a807d4370e993f9f1542ae1,True,2026-08-24 13:50:38,,"21,5%",,,300 000–20 000 000 ₽,4,,,,,,,,
19451,525003,credit,Под залог (недвижимости),Под залог (недвижимости),https://www.banki.ru/products/credits/credit/5250/,,23.06.2026 18:38,190481.0,1904811.0,bank,Хакасский муниципальный банк,,1049,www.kbhmb.ru,+7 (3902) 35-75-00,"655017, Республика Хакасия, г. Абакан, ул. Хакасская, д. 73",hmb,RUB,https://www.banki.ru/products/credits/credit/5250/,21.5,21.5,,300000,20000000,,1067,3650,35m,10y,,13db5de04d54dd21332f25a57fb47bbc142ab1c8dd2ae607af9c878b25537149,True,2026-08-24 13:50:38,,"21,5%",,,300 000–20 000 000 ₽,4,,,,,,,,
17595,20099603,credit,Под залог авто,Под залог авто,https://www.banki.ru/products/credits/credit/200996/,,23.06.2026 18:36,190481.0,1904811.0,bank,Хакасский муниципальный банк,,1049,www.kbhmb.ru,+7 (3902) 35-75-00,"655017, Республика Хакасия, г. Абакан, ул. Хакасская, д. 73",hmb,RUB,https://www.banki.ru/products/credits/credit/200996/,22.5,22.5,,100000,20000000,,1067,1800,35m,59m,,2ca93577dd9abbcbacb42eb03910673044f6373b76740948149338432c9ee0ad,True,2026-08-24 13:50:38,,"22,5%",,,100 000–20 000 000 ₽,4,,,,,,,,
16875,348503,credit,На любые цели (с обеспечением),На любые цели (с обеспечением),https://www.banki.ru/products/credits/credit/3485/,,23.06.2026 18:37,190481.0,1904811.0,bank,Хакасский муниципальный банк,,1049,www.kbhmb.ru,+7 (3902) 35-75-00,"655017, Республика Хакасия, г. Абакан, ул. Хакасская, д. 73",hmb,RUB,https://www.banki.ru/products/credits/credit/3485/,25.5,25.5,,30000,20000000,,397,1800,13m,59m,,5dbce2e38957aa5799424f684ecef89e2f044ea9d507be23b7a952c01b693a74,True,2026-08-24 13:50:38,,"25,5%",,,30 000–20 000 000 ₽,4,,,,,,,,
16874,348403,credit,На любые цели,На любые цели,https://www.banki.ru/products/credits/credit/3484/,,23.06.2026 18:37,190481.0,1904811.0,bank,Хакасский муниципальный банк,,1049,www.kbhmb.ru,+7 (3902) 35-75-00,"655017, Республика Хакасия, г. Абакан, ул. Хакасская, д. 73",hmb,RUB,https://www.banki.ru/products/credits/credit/3484/,28.5,28.5,,30000,150000,,397,1800,13m,59m,,ac7b46177e00a9c7f3b6a930fa67f49bda0d5d38833c6c6ba5645ed9290e842f,True,2026-08-24 13:50:38,,"28,5%",,,30 000–150 000 ₽,4,,,,,,,,
17660,20106303,credit,Образовательный,Образовательный,https://www.banki.ru/products/credits/credit/201063/,https://cdn.banki.ru/cdn/bank/68886_mobile_logo_url.png,24.06.2026 13:45,68886.0,688861.0,bank,Енисейский объединенный банк,https://cdn.banki.ru/cdn/bank/68886_mobile_logo_url.png,2645,www.united.ru,8 800 200-97-00,"660049, г. Красноярск, ул. Карла Маркса, д. 62",eniseisk-united-bank,RUB,https://www.banki.ru/products/credits/credit/201063/,24.0,24.0,,30000,2000000,,183,2190,6m,6y,,940e9631c0420c5777e63c4935d735298ecb92b0c2a8987205749929108a82f8,True,2026-08-24 13:50:38,,24%,,,30 000–2 000 000 ₽,4,,,,,,,,
17113,494203,credit,Наличными,Наличными,https://www.banki.ru/products/credits/credit/4942/,https://cdn.banki.ru/cdn/bank/68886_mobile_logo_url.png,24.06.2026 13:44,68886.0,688861.0,bank,Енисейский объединенный банк,https://cdn.banki.ru/cdn/bank/68886_mobile_logo_url.png,2645,www.united.ru,8 800 200-97-00,"660049, г. Красноярск, ул. Карла Маркса, д. 62",eniseisk-united-bank,RUB,https://www.banki.ru/products/credits/credit/4942/,28.5,33.0,,10000,3000000,,31,2190,1m,6y,,8e61d4edff18c2945ecf8365797af9c2d1b1f886b04aef86cf98472a855c92d0,True,2026-08-24 13:50:38,,"28,5–33%",,,10 000–3 000 000 ₽,4,,,,,,,,
17113,494203,credit,Наличными,Наличными,https://www.banki.ru/products/credits/credit/4942/,https://cdn.banki.ru/cdn/bank/68886_mobile_logo_url.png,02.07.2026 17:37,68886,688861,bank,Енисейский объединенный банк,https://cdn.banki.ru/cdn/bank/68886_mobile_logo_url.png,2645,www.united.ru,8 800 200-97-00,"660049, г. Красноярск, ул. Карла Маркса, д. 62",eniseisk-united-bank,RUB,https://www.banki.ru/products/credits/credit/4942/,28.5,33.0,,10000,3000000,,31,2190,1m,6y,,7c4037b17cfd4d269f9a700014caa8463f669eafdbb0a678469c116fe7093e38,True,2026-08-24 13:50:38,,"28,5–33%",,,10 000–3 000 000 ₽,4,,,,,,,,
17660,20106303,credit,Образовательный,Образовательный,https://www.banki.ru/products/credits/credit/201063/,https://cdn.banki.ru/cdn/bank/68886_mobile_logo_url.png,02.07.2026 17:38,68886,688861,bank,Енисейский объединенный банк,https://cdn.banki.ru/cdn/bank/68886_mobile_logo_url.png,2645,www.united.ru,8 800 200-97-00,"660049, г. Красноярск, ул. Карла Маркса, д. 62",eniseisk-united-bank,RUB,https://www.banki.ru/products/credits/credit/201063/,24.0,24.0,,30000,2000000,,183,2190,6m,6y,,5e670505ca08c86839315a547a7b04ac48fe9245bc0758716584a0621153e999,True,2026-08-24 13:50:38,,24%,,,30 000–2 000 000 ₽,4,,,,,,,,
20232,21118403,credit,Простой,Простой,https://www.banki.ru/products/credits/credit/211184/,https://cdn.banki.ru/cdn/bank/189223_mobile_logo_url.png,30.06.2026 19:05,189223,1892231,bank,Братский АНКБ,https://cdn.banki.ru/cdn/bank/189223_mobile_logo_url.png,1144,www.ankb.ru,+7 (3953) 41-63-64,"665717, Иркутская обл., г. Братск, ул. Комсомольская, д. 43",ankb,RUB,https://www.banki.ru/products/credits/credit/211184/,21.0,29.0,,10000,15000000,,30,1825,1m,5y,,efc73fcf915afe6f5c5e612654d423e264869ed0651b10d66099533e6d9b3cd1,True,2026-08-24 13:50:38,,21–29%,,,10 000–15 000 000 ₽,4,,,,,,,,
20232,21118403,credit,Простой,Простой,https://www.banki.ru/products/credits/credit/211184/,https://cdn.banki.ru/cdn/bank/189223_mobile_logo_url.png,30.06.2026 19:05,189223.0,1892231.0,bank,Братский АНКБ,https://cdn.banki.ru/cdn/bank/189223_mobile_logo_url.png,1144,www.ankb.ru,+7 (3953) 41-63-64,"665717, Иркутская обл., г. Братск, ул. Комсомольская, д. 43",ankb,RUB,https://www.banki.ru/products/credits/credit/211184/,21.0,29.0,,10000,15000000,,30,1825,1m,5y,,89f06098450624ec3c5cfd6b61f2b8279c7224e935f940b727723e7ba8af035b,True,2026-08-24 13:50:38,,21–29%,,,10 000–15 000 000 ₽,4,,,,,,,,
25496,21120903,credit,На любые цели под залог авто,На любые цели под залог авто,https://www.banki.ru/products/credits/credit/211209/,https://cdn.banki.ru/cdn/card-designs/RFB_logo_1_5eb6a73f37.png,27.07.2026 16:42,191196,1911961,bank,РостФинанс,https://cdn.banki.ru/cdn/card-designs/RFB_logo_1_5eb6a73f37.png,481,www.rostfinance.ru,8 800 777-70-01 ,"344019, г. Ростов-на-Дону, ул. 1-я Майская, 13а/11а",rostfinance,RUB,https://www.banki.ru/products/credits/credit/211209/,22.5,22.5,,500000,7000000,,183,2555,6m,7y,,be7f82a06d44fdfef29e4b985d69fa7e871a40acbfa6fe4c0254b11f4a08ffc6,True,2026-08-24 13:50:38,,"22,5%",,,500 000–7 000 000 ₽,4,,,,,,,,
19463,20079603,credit,Под залог недвижимости,Под залог недвижимости,https://www.banki.ru/products/credits/credit/200796/,https://cdn.banki.ru/cdn/card-designs/RFB_logo_1_5eb6a73f37.png,27.07.2026 16:41,191196,1911961,bank,РостФинанс,https://cdn.banki.ru/cdn/card-designs/RFB_logo_1_5eb6a73f37.png,481,www.rostfinance.ru,8 800 777-70-01 ,"344019, г. Ростов-на-Дону, ул. 1-я Майская, 13а/11а",rostfinance,RUB,https://www.banki.ru/products/credits/credit/200796/,21.0,21.0,,500000,50000000,,365,7300,1y,20y,,a3e74150601c7521c2a4cda09fcde4929a450e5639467ff8e9a70d3dd6b94e55,True,2026-08-24 13:50:38,,21%,,,500 000–50 000 000 ₽,4,,,,,,,,
18117,20110003,credit,На любые цели,На любые цели,https://www.banki.ru/products/credits/credit/201100/,,25.06.2026 14:53,191196.0,1911961.0,bank,РостФинанс,,481,www.rostfinance.ru,8 800 777-70-01 ,"344019, г. Ростов-на-Дону, ул. 1-я Майская, 13а/11а",rostfinance,RUB,https://www.banki.ru/products/credits/credit/201100/,27.0,37.5,,100000,1000000,,365,1825,5y,5y,,6d336ae83823c35ab2a96e5bd932067f85f1e7cb6bdff299264c679e25e7ac38,True,2026-08-24 13:50:38,,"27–37,5%",,,100 000–1 000 000 ₽,4,,,,,,,,
19496,20108603,credit,На любые цели,На любые цели,https://www.banki.ru/products/credits/credit/201086/,https://cdn.banki.ru/cdn/bank/131265_mobile_logo_url.png,24.06.2026 14:39,131265.0,1312651.0,bank,Таганрогбанк,https://cdn.banki.ru/cdn/bank/131265_mobile_logo_url.png,3136,www.taganrogbank.infotecstt.ru,+7 (8634) 31-09-75,"347900, Ростовская обл., г. Таганрог, ул. Греческая, д. 71",taganrogbank,RUB,https://www.banki.ru/products/credits/credit/201086/,21.0,31.0,,30000,100000000,,31,1825,1m,5y,,e59e84ccf56504011dcc6eab66c0ba30a39f833e0cc228fa6535d19f78d48f7d,True,2026-08-24 13:50:38,,21–31%,,,30 000–100 000 000 ₽,4,,,,,,,,
19496,20108603,credit,На любые цели,На любые цели,https://www.banki.ru/products/credits/credit/201086/,https://cdn.banki.ru/cdn/bank/131265_mobile_logo_url.png,03.12.2025 19:18,131265,1312651,bank,Таганрогбанк,https://cdn.banki.ru/cdn/bank/131265_mobile_logo_url.png,3136,www.taganrogbank.infotecstt.ru,+7 (8634) 31-09-75,"347900, Ростовская обл., г. Таганрог, ул. Греческая, д. 71
",taganrogbank,RUB,https://www.banki.ru/products/credits/credit/201086/,21.0,31.0,,30000,100000000,,31,1825,1m,5y,,4e4c95ab558af1a703e46b9a2618b47b4820f7f925aaca8b413da6be602b7042,True,2026-08-24 13:50:38,,21–31%,,,30 000–100 000 000 ₽,4,,,,,,,,
16877,348703,credit,На любые цели под залог авто,На любые цели под залог авто,https://www.banki.ru/products/credits/credit/3487/,https://cdn.banki.ru/cdn/bank/9183_mobile_logo_url.png,18.12.2025 17:32,9183,91831,bank,Локо-Банк,https://cdn.banki.ru/cdn/bank/9183_mobile_logo_url.png,2707,www.lockobank.ru,8 800 250-50-50,"125167, г. Москва, Ленинградский просп., д. 39, стр. 80
",locko-bank,RUB,https://www.banki.ru/products/credits/credit/3487/,25.9,34.9,,500001,10000000,,1095,2920,3y,8y,,f9a1a46d3555fb82cf015d164fb8a08bda226eaef904e22571a46eaf1ac2996a,True,2026-08-24 13:50:38,,"25,9–34,9%",,,500 001–10 000 000 ₽,4,,,,,,,,
19393,466203,credit,Наличные под залог,Наличные под залог,https://www.banki.ru/products/credits/credit/4662/,https://cdn.banki.ru/cdn/bank/619_mobile_logo_url.png,11.12.2025 13:05,619,6191,bank,Банк Жилищного Финансирования,https://cdn.banki.ru/cdn/bank/619_mobile_logo_url.png,3138,www.bgfbank.ru,8 800 555-00-26,"121357, г. Москва, ул. Верейская, д. 29, стр. 134
",bgfbank,RUB,https://www.banki.ru/products/credits/credit/4662/,19.8,59.99,,450000,30000000,,2555,9125,7y,25y,,800f09c9865890c0f670bcc238881654bdf3f649d0f9c96a95caf1cf86943c11,True,2026-08-24 13:50:38,,"19,8–59,99%",,,450 000–30 000 000 ₽,4,,,,,,,,
19332,280003,credit,На любые цели (c обеспечением),На любые цели (c обеспечением),https://www.banki.ru/products/credits/credit/2800/,,09.04.2026 14:34,188478,1884781,bank,Мурманский Социальный Коммерческий Банк,,2722,www.bank-mscb.ru,+7 (8152) 23-03-34,"183038, г. Мурманск, ул. Челюскинцев, д. 17/24",mscb,RUB,https://www.banki.ru/products/credits/credit/2800/,21.0,28.0,,200000,54000000,,92,1825,3m,5y,,aaca477eef1902aadaeab1e6f4679e85cb908d80bff8a616ace3adc28942391c,True,2026-08-24 13:50:38,,21–28%,,,200 000–54 000 000 ₽,4,,,,,,,,
19332,280003,credit,На любые цели (c обеспечением),На любые цели (c обеспечением),https://www.banki.ru/products/credits/credit/2800/,,16.12.2025 18:03,188478,1884781,bank,Мурманский Социальный Коммерческий Банк,,2722,www.bank-mscb.ru,+7 (8152) 23-03-34,"183038, г. Мурманск, ул. Челюскинцев, д. 17/24
",mscb,RUB,https://www.banki.ru/products/credits/credit/2800/,23.0,30.0,,200000,54000000,,92,1825,3m,5y,,2396f36ad9a13e107ede4b4ff30ff3bd2949e0490f5720f826dd421efc28e4cb,True,2026-08-24 13:50:38,,23–30%,,,200 000–54 000 000 ₽,4,,,,,,,,
16816,279903,credit,На любые цели,На любые цели,https://www.banki.ru/products/credits/credit/2799/,,16.06.2026 15:17,188478,1884781,bank,Мурманский Социальный Коммерческий Банк,,2722,www.bank-mscb.ru,+7 (8152) 23-03-34,"183038, г. Мурманск, ул. Челюскинцев, д. 17/24",mscb,RUB,https://www.banki.ru/products/credits/credit/2799/,23.0,35.0,,50000,200000,,92,365,3m,1y,,c29d511210b0ca64e0319430245358ec8b4188ad308ddbdddc78a9ed7940de37,True,2026-08-24 13:50:38,,23–35%,,,50 000–200 000 ₽,4,,,,,,,,
19332,280003,credit,На любые цели (c обеспечением),На любые цели (c обеспечением),https://www.banki.ru/products/credits/credit/2800/,,25.06.2026 15:00,188478.0,1884781.0,bank,Мурманский Социальный Коммерческий Банк,,2722,www.bank-mscb.ru,+7 (8152) 23-03-34,"183038, г. Мурманск, ул. Челюскинцев, д. 17/24",mscb,RUB,https://www.banki.ru/products/credits/credit/2800/,21.0,28.0,,200000,63000000,,92,1825,3m,5y,,47aba723b3be28e199e03110dbb10ad3c4589332f010404f40752c8087248d12,True,2026-08-24 13:50:38,,21–28%,,,200 000–63 000 000 ₽,4,,,,,,,,
16816,279903,credit,На любые цели,На любые цели,https://www.banki.ru/products/credits/credit/2799/,,25.06.2026 16:56,188478.0,1884781.0,bank,Мурманский Социальный Коммерческий Банк,,2722,www.bank-mscb.ru,+7 (8152) 23-03-34,"183038, г. Мурманск, ул. Челюскинцев, д. 17/24",mscb,RUB,https://www.banki.ru/products/credits/credit/2799/,23.0,35.0,,50000,200000,,92,365,3m,1y,,16fbb8d6ee0445627bbb10a33c865375f0e939b3b9dacf00d37b45cca5ffc318,True,2026-08-24 13:50:38,,23–35%,,,50 000–200 000 ₽,4,,,,,,,,
19332,280003,credit,На любые цели (c обеспечением),На любые цели (c обеспечением),https://www.banki.ru/products/credits/credit/2800/,,03.12.2025 19:20,188478,1884781,bank,Мурманский Социальный Коммерческий Банк,,2722,www.bank-mscb.ru,+7 (8152) 23-03-34,"183038, г. Мурманск, ул. Челюскинцев, д. 17/24
",mscb,RUB,https://www.banki.ru/products/credits/credit/2800/,25.0,33.0,,200000,54000000,,92,1825,3m,5y,,ad87434c535da07d65736b18953a82aa1fd2328a3aac22ecd26d391c91d15c9f,True,2026-08-24 13:50:38,,25–33%,,,200 000–54 000 000 ₽,4,,,,,,,,
16816,279903,credit,На любые цели,На любые цели,https://www.banki.ru/products/credits/credit/2799/,,03.12.2025 19:19,188478,1884781,bank,Мурманский Социальный Коммерческий Банк,,2722,www.bank-mscb.ru,+7 (8152) 23-03-34,"183038, г. Мурманск, ул. Челюскинцев, д. 17/24
",mscb,RUB,https://www.banki.ru/products/credits/credit/2799/,30.0,35.0,,50000,200000,,92,365,3m,1y,,be9e0d7332b0e82ef35fc3fe0df9c73921e8b8b10f4a4dd5a720b2f4580a77e5,True,2026-08-24 13:50:38,,30–35%,,,50 000–200 000 ₽,4,,,,,,,,
19332,280003,credit,На любые цели (c обеспечением),На любые цели (c обеспечением),https://www.banki.ru/products/credits/credit/2800/,,16.06.2026 15:17,188478,1884781,bank,Мурманский Социальный Коммерческий Банк,,2722,www.bank-mscb.ru,+7 (8152) 23-03-34,"183038, г. Мурманск, ул. Челюскинцев, д. 17/24",mscb,RUB,https://www.banki.ru/products/credits/credit/2800/,21.0,28.0,,200000,63000000,,92,1825,3m,5y,,bf234b48f6fe514c94c603a60836a6e43353321b400bb245a0d2a55d87185a72,True,2026-08-24 13:50:38,,21–28%,,,200 000–63 000 000 ₽,4,,,,,,,,
19373,419403,credit,На любые цели,На любые цели,https://www.banki.ru/products/credits/credit/4194/,,29.06.2026 15:01,195613.0,1956131.0,bank,Банк «Торжок»,,933,www.kb-tub.ru,+7 (48251) 9-17-30,"172002, Тверская обл., г. Торжок, пл. Ананьина, д. 3",kb-tub,RUB,https://www.banki.ru/products/credits/credit/4194/,22.5,23.5,,10000,100000000,,31,1095,1y,3y,,03a7e37335872a0ca259e842b12974be7c7c562e2143899e0be53da17c2db73d,True,2026-08-24 13:50:38,,"22,5–23,5%",,,10 000–100 000 000 ₽,4,,,,,,,,
17199,511603,credit,На любые цели (для бюджетников),На любые цели (для бюджетников),https://www.banki.ru/products/credits/credit/5116/,,29.06.2026 15:00,195613.0,1956131.0,bank,Банк «Торжок»,,933,www.kb-tub.ru,+7 (48251) 9-17-30,"172002, Тверская обл., г. Торжок, пл. Ананьина, д. 3",kb-tub,RUB,https://www.banki.ru/products/credits/credit/5116/,18.0,18.5,,10000,100000000,,365,1825,1y,5y,,f437ed5401c2a276b4aaf7d6876c57f026ab989a0d0f2a96b48cf2b8078a8c60,True,2026-08-24 13:50:38,,"18–18,5%",,,10 000–100 000 000 ₽,4,,,,,,,,
19373,419403,credit,На любые цели,На любые цели,https://www.banki.ru/products/credits/credit/4194/,,29.06.2026 15:01,195613,1956131,bank,Банк «Торжок»,,933,www.kb-tub.ru,+7 (48251) 9-17-30,"172002, Тверская обл., г. Торжок, пл. Ананьина, д. 3",kb-tub,RUB,https://www.banki.ru/products/credits/credit/4194/,22.5,23.5,,10000,100000000,,31,1095,1y,3y,,77412a852e8dd5b0b036f647e5a5305176cc56755f624b5f6ca7de786670e062,True,2026-08-24 13:50:38,,"22,5–23,5%",,,10 000–100 000 000 ₽,4,,,,,,,,
17199,511603,credit,На любые цели (для бюджетников),На любые цели (для бюджетников),https://www.banki.ru/products/credits/credit/5116/,,28.11.2025 16:43,195613,1956131,bank,Банк «Торжок»,,933,www.kb-tub.ru,+7 (48251) 9-17-30,"172002, Тверская обл., г. Торжок, пл. Ананьина, д. 3",kb-tub,RUB,https://www.banki.ru/products/credits/credit/5116/,18.0,18.5,,10000,100000000,,365,1825,1y,5y,,ff8c8d18bb8a78ed9fa9d58ecd18fcaf00e1423ce7dcce2a70116fcc5e049638,True,2026-08-24 13:50:38,,"18–18,5%",,,10 000–100 000 000 ₽,4,,,,,,,,
16878,349703,credit,На любые цели,На любые цели,https://www.banki.ru/products/credits/credit/3497/,,13.05.2026 18:38,191213,1912131,bank,Кузнецкбизнесбанк,,1158,www.kbb.ru,8 800 201-0-201,"654080, Кемеровская обл., г. Новокузнецк, ул. Кирова, д. 89 Б",kuznetskbb,RUB,https://www.banki.ru/products/credits/credit/3497/,12.5,32.9,,100000,3000000,,365,1825,1y,5y,,334c43a8f40958b63580090d27293ae2ebc680616b4ab82b7e7e605c55d3cf84,True,2026-08-24 13:50:38,,"12,5–32,9%",,,100 000–3 000 000 ₽,4,,,,,,,,
16872,347403,credit,Наличными,Наличными,https://www.banki.ru/products/credits/credit/3474/,https://cdn.banki.ru/cdn/bank/9011_mobile_logo_url.png,25.11.2025 11:58,9011,90111,bank,Металлинвестбанк,https://cdn.banki.ru/cdn/bank/9011_mobile_logo_url.png,2440,www.metallinvestbank.ru,8 800 250-97-97,"119180, г. Москва, ул. Большая Полянка, д. 47, стр. 2
",metallinvestbank,RUB,https://www.banki.ru/products/credits/credit/3474/,20.6,42.0,,30000,3000000,,183,1825,6m,5y,,c998dffbf8fc9495bdaf706ef92adfb6623775de61c7657d348dd54ee70cd293,True,2026-08-24 13:50:38,,"20,6–42%",,,30 000–3 000 000 ₽,4,,,,,,,,
17330,20073103,credit,Под залог автомобиля,Под залог автомобиля,https://www.banki.ru/products/credits/credit/200731/,https://cdn.banki.ru/cdn/bank/9011_mobile_logo_url.png,25.11.2025 11:58,9011,90111,bank,Металлинвестбанк,https://cdn.banki.ru/cdn/bank/9011_mobile_logo_url.png,2440,www.metallinvestbank.ru,8 800 250-97-97,"119180, г. Москва, ул. Большая Полянка, д. 47, стр. 2
",metallinvestbank,RUB,https://www.banki.ru/products/credits/credit/200731/,19.0,34.5,,300000,3000000,,397,1825,13m,5y,,17489191804fffeaa653c921f3383d156646a18cbe4903d6a4e1985eaa24b68e,True,2026-08-24 13:50:38,,"19–34,5%",,,300 000–3 000 000 ₽,4,,,,,,,,
16878,349703,credit,На любые цели,На любые цели,https://www.banki.ru/products/credits/credit/3497/,,26.05.2026 15:18,191213,1912131,bank,Кузнецкбизнесбанк,,1158,www.kbb.ru,8 800 201-0-201,"654080, Кемеровская обл., г. Новокузнецк, ул. Кирова, д. 89 Б",kuznetskbb,RUB,https://www.banki.ru/products/credits/credit/3497/,10.0,30.9,,100000,3000000,,365,1825,1y,5y,,bd134748be956e53e1fec7e3ef581c9722a2471893155e41a667d322de20f29c,True,2026-08-24 13:50:38,,"10–30,9%",,,100 000–3 000 000 ₽,4,,,,,,,,
16943,400303,credit,Простой,Простой,https://www.banki.ru/products/credits/credit/4003/,https://cdn.banki.ru/cdn/card-designs/Logo_Dolinsk_Bank_1_d4784c4222.png,29.07.2026 18:46,193389,1933891,bank,Долинск Банк,https://cdn.banki.ru/cdn/card-designs/Logo_Dolinsk_Bank_1_d4784c4222.png,857,www.bankdolinsk.ru,8 800 250-99-55,"693010, Сахалинская обл., г. Южно-Сахалинск, ул. Комсомольская, д. 145",dolinsk,RUB,https://www.banki.ru/products/credits/credit/4003/,28.9,29.9,,30000,1000000,,92,1825,3m,5y,,b497b749c004483c032f80a9c366adb13701bfa5bd338438df6fbee408755b3a,True,2026-08-24 13:50:38,,"28,9–29,9%",,,30 000–1 000 000 ₽,4,,,,,,,,
16943,400303,credit,Простой,Простой,https://www.banki.ru/products/credits/credit/4003/,https://cdn.banki.ru/cdn/card-designs/Logo_Dolinsk_Bank_1_d4784c4222.png,23.06.2026 14:53,193389.0,1933891.0,bank,Долинск Банк,https://cdn.banki.ru/cdn/card-designs/Logo_Dolinsk_Bank_1_d4784c4222.png,857,www.bankdolinsk.ru,8 800 250-99-55,"693010, Сахалинская обл., г. Южно-Сахалинск, ул. Комсомольская, д. 145",dolinsk,RUB,https://www.banki.ru/products/credits/credit/4003/,37.5,39.9,,30000,1000000,,92,1825,3m,5y,,d097426d8e689d00b880ee035fc8df88c12d4190f31be6d4b2c2b5f8bab28534,True,2026-08-24 13:50:38,,"37,5–39,9%",,,30 000–1 000 000 ₽,4,,,,,,,,
19489,20107003,credit,Твоя ипотека,Твоя ипотека,https://www.banki.ru/products/credits/credit/201070/,https://cdn.banki.ru/cdn/bank/196704_mobile_logo_url.png,23.12.2025 13:11,196704,1967041,bank,Банк НООСФЕРА,https://cdn.banki.ru/cdn/bank/196704_mobile_logo_url.png,2650,www.noosferabank.ru,8 800 533-36-03,"141109, Московская обл., г. Щелково, ул. Талсинская, д. 59, стр. 3а",noosfera,RUB,https://www.banki.ru/products/credits/credit/201070/,22.99,48.0,,500000,15000000,,30,5475,1m,15y,,167f05c88b55d76ed23066674d176239b9d9f6e2ced7fe63220a78cf67e9a88e,True,2026-08-24 13:50:38,,"22,99–48%",,,500 000–15 000 000 ₽,4,,,,,,,,
16799,222103,credit,Классический,Классический,https://www.banki.ru/products/credits/credit/2221/,https://cdn.banki.ru/cdn/bank/68665_mobile_logo_url.png,09.12.2025 12:54,68665,686651,bank,Банк «Санкт-Петербург»,https://cdn.banki.ru/cdn/bank/68665_mobile_logo_url.png,436,www.bspb.ru,8 800 222-50-50,"195112, г. Санкт-Петербург, Малоохтинский просп., д. 64, лит. А",bspb,RUB,https://www.banki.ru/products/credits/credit/2221/,16.9,39.5,,50000,1500000,,91,1825,3m,5y,,bae658efaf9da52acad74fd9a30c32df8c09c20d6bda607f4043d93391efbfb2,True,2026-08-24 13:50:38,,"16,9–39,5%",,,50 000–1 500 000 ₽,4,,,,,,,,
17022,454103,credit,Пенсионный,Пенсионный,https://www.banki.ru/products/credits/credit/4541/,https://cdn.banki.ru/cdn/bank/68665_mobile_logo_url.png,09.12.2025 12:57,68665,686651,bank,Банк «Санкт-Петербург»,https://cdn.banki.ru/cdn/bank/68665_mobile_logo_url.png,436,www.bspb.ru,8 800 222-50-50,"195112, г. Санкт-Петербург, Малоохтинский просп., д. 64, лит. А",bspb,RUB,https://www.banki.ru/products/credits/credit/4541/,21.9,31.9,,10000,500000,,91,1825,3m,5y,,851fb5e9f2571f108a32563ff3c34f64988460e81453e10f5424179fdfcc11ed,True,2026-08-24 13:50:38,,"21,9–31,9%",,,10 000–500 000 ₽,4,,,,,,,,
17577,20097803,credit,По паспорту,По паспорту,https://www.banki.ru/products/credits/credit/200978/,https://cdn.banki.ru/cdn/bank/68665_mobile_logo_url.png,09.12.2025 13:10,68665,686651,bank,Банк «Санкт-Петербург»,https://cdn.banki.ru/cdn/bank/68665_mobile_logo_url.png,436,www.bspb.ru,8 800 222-50-50,"195112, г. Санкт-Петербург, Малоохтинский просп., д. 64, лит. А",bspb,RUB,https://www.banki.ru/products/credits/credit/200978/,30.5,43.3,,10000,100000,,91,1825,3m,5y,,f69fe0eb27806b57d37dc881e052d72dfd7870ffcc191d88ba3586c250c169b3,True,2026-08-24 13:50:38,,"30,5–43,3%",,,10 000–100 000 ₽,4,,,,,,,,
19489,20107003,credit,Твоя ипотека,Твоя ипотека,https://www.banki.ru/products/credits/credit/201070/,https://cdn.banki.ru/cdn/bank/196704_mobile_logo_url.png,24.11.2025 13:17,196704,1967041,bank,Банк НООСФЕРА,https://cdn.banki.ru/cdn/bank/196704_mobile_logo_url.png,2650,www.noosferabank.ru,8 800 533-36-03,"141109, Московская обл., г. Щелково, ул. Талсинская, д. 59, стр. 3а
",noosfera,RUB,https://www.banki.ru/products/credits/credit/201070/,24.99,48.0,,500000,15000000,,30,5475,1m,15y,,bedb7e6bff77793e682d1a57fb650f787a6555dbf453f294d012f646ca934c3e,True,2026-08-24 13:50:38,,"24,99–48%",,,500 000–15 000 000 ₽,4,,,,,,,,
20014,20115903,credit,Под 16% годовых,Под 16% годовых,https://www.banki.ru/products/credits/credit/201159/,https://cdn.banki.ru/cdn/bank/196704_mobile_logo_url.png,24.11.2025 13:17,196704,1967041,bank,Банк НООСФЕРА,https://cdn.banki.ru/cdn/bank/196704_mobile_logo_url.png,2650,www.noosferabank.ru,8 800 533-36-03,"141109, Московская обл., г. Щелково, ул. Талсинская, д. 59, стр. 3а
",noosfera,RUB,https://www.banki.ru/products/credits/credit/201159/,16.0,16.0,,100000,500000,,31,5475,1m,15y,,964bb1f88331a356ab107935671f43b865f17050cfc045fe0eca92d58cd8d040,True,2026-08-24 13:50:38,,16%,,,100 000–500 000 ₽,4,,,,,,,,
20016,20116003,credit,VIP залог,VIP залог,https://www.banki.ru/products/credits/credit/201160/,https://cdn.banki.ru/cdn/bank/196704_mobile_logo_url.png,24.11.2025 13:17,196704,1967041,bank,Банк НООСФЕРА,https://cdn.banki.ru/cdn/bank/196704_mobile_logo_url.png,2650,www.noosferabank.ru,8 800 533-36-03,"141109, Московская обл., г. Щелково, ул. Талсинская, д. 59, стр. 3а
",noosfera,RUB,https://www.banki.ru/products/credits/credit/201160/,25.99,42.0,,15000000,100000000,,30,7300,1m,20y,,49d4d48ad83f3d3c762b10a3100d8b05eb62a46a44531fb2cafa06bd5f3240ce,True,2026-08-24 13:50:38,,"25,99–42%",,,15 000 000–100 000 000 ₽,4,,,,,,,,
17209,513103,credit,Для индивидуальных предпринимателей,Для индивидуальных предпринимателей,https://www.banki.ru/products/credits/credit/5131/,,16.01.2026 15:47,193396,1933961,bank,Банк «ИТУРУП»,,2390,www.iturupbank.ru,8 800 301-53-11,"693000, Сахалинская обл., г. Южно-Сахалинск, Коммунистический пр-т, д. 32",iturup,RUB,https://www.banki.ru/products/credits/credit/5131/,24.0,25.75,,100000,7500000,,31,1095,1m,3y,,055f0eb2b926ffc4b9af79b536083ececf49884aa5ce57a390593d6752bae263,True,2026-08-24 13:50:38,,"24–25,75%",,,100 000–7 500 000 ₽,4,,,,,,,,
17209,513103,credit,Для индивидуальных предпринимателей,Для индивидуальных предпринимателей,https://www.banki.ru/products/credits/credit/5131/,,19.03.2026 18:46,193396,1933961,bank,Банк «ИТУРУП»,,2390,www.iturupbank.ru,8 800 301-53-11,"693000, Сахалинская обл., г. Южно-Сахалинск, Коммунистический пр-т, д. 32",iturup,RUB,https://www.banki.ru/products/credits/credit/5131/,23.5,25.25,,100000,7500000,,31,1095,1m,3y,,71f3a15906e48747333fb7005892e684c08d6aee5da5d8e319803a08fa9f3459,True,2026-08-24 13:50:38,,"23,5–25,25%",,,100 000–7 500 000 ₽,4,,,,,,,,
17209,513103,credit,Для индивидуальных предпринимателей,Для индивидуальных предпринимателей,https://www.banki.ru/products/credits/credit/5131/,,10.04.2026 17:09,193396,1933961,bank,Банк «ИТУРУП»,,2390,www.iturupbank.ru,8 800 301-53-11,"693000, Сахалинская обл., г. Южно-Сахалинск, Коммунистический пр-т, д. 32",iturup,RUB,https://www.banki.ru/products/credits/credit/5131/,23.0,24.75,,100000,7500000,,31,1095,1m,3y,,89ab298e88608e970e7951bad3d4e8ec20e701127eac1b604b9c63c25854c92e,True,2026-08-24 13:50:38,,"23–24,75%",,,100 000–7 500 000 ₽,4,,,,,,,,
17209,513103,credit,Для индивидуальных предпринимателей,Для индивидуальных предпринимателей,https://www.banki.ru/products/credits/credit/5131/,,15.12.2025 14:11,193396,1933961,bank,Банк «ИТУРУП»,,2390,www.iturupbank.ru,8 800 301-53-11,"693000, Сахалинская обл., г. Южно-Сахалинск, Коммунистический пр-т, д. 32
",iturup,RUB,https://www.banki.ru/products/credits/credit/5131/,24.5,26.25,,100000,7500000,,31,1095,1m,3y,,aa434dda4f468c7b85196cf386860f58cbdf1b37e833519880b4095c0ae1d946,True,2026-08-24 13:50:38,,"24,5–26,25%",,,100 000–7 500 000 ₽,4,,,,,,,,
19430,514003,credit,Под залог недвижимости,Под залог недвижимости,https://www.banki.ru/products/credits/credit/5140/,https://cdn.banki.ru/cdn/bank/191082_mobile_logo_url.png,05.12.2025 16:22,191082,1910821,bank,Банк «Приморье»,https://cdn.banki.ru/cdn/bank/191082_mobile_logo_url.png,3001,www.primbank.ru,8 800 200-20-86,"690091, Приморский край, г. Владивосток, ул. Светланская, д. 47
",primorye,RUB,https://www.banki.ru/products/credits/credit/5140/,26.0,29.5,,500000,30000000,,397,5475,13m,15y,,d74bc2534bc8d6bab6ca3b5cf44ee1ee9d1129c2a9c403c00aaa8546b1ab4822,True,2026-08-24 13:50:38,,"26–29,5%",,,500 000–30 000 000 ₽,4,,,,,,,,
16943,400303,credit,Простой,Простой,https://www.banki.ru/products/credits/credit/4003/,,08.12.2025 13:47,193389,1933891,bank,Долинск,,857,www.bankdolinsk.ru,8 800 250-99-55,"693010, Сахалинская обл., г. Южно-Сахалинск, ул. Комсомольская, д. 145
",dolinsk,RUB,https://www.banki.ru/products/credits/credit/4003/,37.5,39.9,,30000,1000000,,92,1825,3m,5y,,c58db65670b3e7364e62553be887f556bd7fbe792efe4e9bd5642880ccf2fec9,True,2026-08-24 13:50:38,,"37,5–39,9%",,,30 000–1 000 000 ₽,4,,,,,,,,
17209,513103,credit,Для индивидуальных предпринимателей,Для индивидуальных предпринимателей,https://www.banki.ru/products/credits/credit/5131/,,02.12.2025 15:27,193396,1933961,bank,Банк «ИТУРУП»,,2390,www.iturupbank.ru,8 800 301-53-11,"693000, Сахалинская обл., г. Южно-Сахалинск, Коммунистический пр-т, д. 32
",iturup,RUB,https://www.banki.ru/products/credits/credit/5131/,22.5,24.75,,100000,7500000,,31,1095,1y,3y,,1540ed70eacf346fefe3cc4a2621e4d739921134d64bc5a9ccbdbe61e0ba29c0,True,2026-08-24 13:50:38,,"22,5–24,75%",,,100 000–7 500 000 ₽,4,,,,,,,,
19421,505803,credit,Простой (под залог),Простой (под залог),https://www.banki.ru/products/credits/credit/5058/,,02.12.2025 16:04,193396,1933961,bank,Банк «ИТУРУП»,,2390,www.iturupbank.ru,8 800 301-53-11,"693000, Сахалинская обл., г. Южно-Сахалинск, Коммунистический пр-т, д. 32
",iturup,RUB,https://www.banki.ru/products/credits/credit/5058/,23.0,23.0,,3500001,7000000,,365,5475,1y,15y,,a8f2d24a974a5bbb183a7b9052561fe6425d4c029508daacbef88893c0f99c69,True,2026-08-24 13:50:38,,23%,,,3 500 001–7 000 000 ₽,4,,,,,,,,
17164,505703,credit,Простой,Простой,https://www.banki.ru/products/credits/credit/5057/,,02.12.2025 15:22,193396,1933961,bank,Банк «ИТУРУП»,,2390,www.iturupbank.ru,8 800 301-53-11,"693000, Сахалинская обл., г. Южно-Сахалинск, Коммунистический пр-т, д. 32
",iturup,RUB,https://www.banki.ru/products/credits/credit/5057/,23.0,23.0,,50000,3500000,,365,1825,1y,5y,,b1f6eb755d62fd9c7bc1cc211e72411a55b1c26e891f97aa69ce2ac5903ad08a,True,2026-08-24 13:50:38,,23%,,,50 000–3 500 000 ₽,4,,,,,,,,
17216,514103,credit,Под залог авто,Под залог авто,https://www.banki.ru/products/credits/credit/5141/,https://cdn.banki.ru/cdn/bank/191082_mobile_logo_url.png,05.12.2025 16:19,191082,1910821,bank,Банк «Приморье»,https://cdn.banki.ru/cdn/bank/191082_mobile_logo_url.png,3001,www.primbank.ru,8 800 200-20-86,"690091, Приморский край, г. Владивосток, ул. Светланская, д. 47
",primorye,RUB,https://www.banki.ru/products/credits/credit/5141/,29.0,32.5,,500000,7000000,,397,1825,13m,5y,,78f2917d185fcfd4d4878fb82e42b3490d5cbdaf37df20482f26ddbe04358306,True,2026-08-24 13:50:38,,"29–32,5%",,,500 000–7 000 000 ₽,4,,,,,,,,
17045,461803,credit,Наличными,Наличными,https://www.banki.ru/products/credits/credit/4618/,https://cdn.banki.ru/cdn/bank/191082_mobile_logo_url.png,05.12.2025 15:53,191082,1910821,bank,Банк «Приморье»,https://cdn.banki.ru/cdn/bank/191082_mobile_logo_url.png,3001,www.primbank.ru,8 800 200-20-86,"690091, Приморский край, г. Владивосток, ул. Светланская, д. 47
",primorye,RUB,https://www.banki.ru/products/credits/credit/4618/,31.5,35.0,,300000,2000000,,396,1825,13m,5y,,f44cf6b3e5634d313f1bbca437f2237969b70c4aa7b4febeb4c8a7dd35da3067,True,2026-08-24 13:50:38,,"31,5–35%",,,300 000–2 000 000 ₽,4,,,,,,,,
17209,513103,credit,Для индивидуальных предпринимателей,Для индивидуальных предпринимателей,https://www.banki.ru/products/credits/credit/5131/,,07.05.2026 14:49,193396,1933961,bank,Банк «ИТУРУП»,,2390,www.iturupbank.ru,8 800 301-53-11,"693000, Сахалинская обл., г. Южно-Сахалинск, Коммунистический пр-т, д. 32",iturup,RUB,https://www.banki.ru/products/credits/credit/5131/,22.5,24.25,,100000,7500000,,31,1095,1m,3y,,2bb6de70a8c295aae02d6a12e42b350346dd1d2b952f3882333a064aac654c22,True,2026-08-24 13:50:38,,"22,5–24,25%",,,100 000–7 500 000 ₽,4,,,,,,,,
18163,20111703,credit,На любые цели (с обеспечением),На любые цели (с обеспечением),https://www.banki.ru/products/credits/credit/201117/,https://cdn.banki.ru/cdn/bank/192803_mobile_logo_url.png,27.11.2025 17:11,192803,1928031,bank,Банк «Заречье»,https://cdn.banki.ru/cdn/bank/192803_mobile_logo_url.png,817,www.zarech.ru,+7 (843) 557-59-03,"420032, г. Казань, ул. Лукницкого, д. 2
",zarechye,RUB,https://www.banki.ru/products/credits/credit/201117/,30.0,34.0,,50000,1000000,,31,1095,1m,3y,,716f71305131f2d09bf645b03e7bec8c8f9451a55ecd60cc5122e6b1594a40fa,True,2026-08-24 13:50:38,,30–34%,,,50 000–1 000 000 ₽,4,,,,,,,,
19507,20111603,credit,На любые цели (под залог недвижимости),На любые цели (под залог недвижимости),https://www.banki.ru/products/credits/credit/201116/,https://cdn.banki.ru/cdn/bank/192803_mobile_logo_url.png,27.11.2025 17:15,192803,1928031,bank,Банк «Заречье»,https://cdn.banki.ru/cdn/bank/192803_mobile_logo_url.png,817,www.zarech.ru,+7 (843) 557-59-03,"420032, г. Казань, ул. Лукницкого, д. 2
",zarechye,RUB,https://www.banki.ru/products/credits/credit/201116/,31.0,32.0,,50000,1000000,,31,1095,1m,3y,,058d22074e9e564abfcb060e09ed545262db1119742af697a0ef56c3a6ca23d2,True,2026-08-24 13:50:38,,31–32%,,,50 000–1 000 000 ₽,4,,,,,,,,
18161,20111503,credit,На любые цели (под залог авто),На любые цели (под залог авто),https://www.banki.ru/products/credits/credit/201115/,https://cdn.banki.ru/cdn/bank/192803_mobile_logo_url.png,27.11.2025 17:11,192803,1928031,bank,Банк «Заречье»,https://cdn.banki.ru/cdn/bank/192803_mobile_logo_url.png,817,www.zarech.ru,+7 (843) 557-59-03,"420032, г. Казань, ул. Лукницкого, д. 2
",zarechye,RUB,https://www.banki.ru/products/credits/credit/201115/,32.0,32.0,,50000,1000000,,31,1095,1m,3y,,8c83c961dadf1d6ce200b3f49be1c0f8137f18c46dcf6c940fd942730f4b4a4f,True,2026-08-24 13:50:38,,32%,,,50 000–1 000 000 ₽,4,,,,,,,,
17020,452203,credit,На любые цели (под поручительство),На любые цели (под поручительство),https://www.banki.ru/products/credits/credit/4522/,https://cdn.banki.ru/cdn/bank/197032_mobile_logo_url.png,28.07.2026 17:08,197032,1970321,bank,АвтоКредитБанк,https://cdn.banki.ru/cdn/bank/197032_mobile_logo_url.png,1973,www.autokreditbank.ru,+7 (843) 294-98-80,"420081, Республика Татарстан, г. Казань, просп. А. Камалеева, д. 16а",autokreditbank,RUB,https://www.banki.ru/products/credits/credit/4522/,22.0,22.0,,50000,1000000,,31,1095,1m,3y,,d6111bbf9c734b4a7592fe3b25d29202ec1f8ede571ffb05a08d1c73314b280d,True,2026-08-24 13:50:38,,22%,,,50 000–1 000 000 ₽,4,,,,,,,,
19344,326303,credit,На любые цели (под залог недвижимости),На любые цели (под залог недвижимости),https://www.banki.ru/products/credits/credit/3263/,https://cdn.banki.ru/cdn/bank/197032_mobile_logo_url.png,28.07.2026 17:06,197032,1970321,bank,АвтоКредитБанк,https://cdn.banki.ru/cdn/bank/197032_mobile_logo_url.png,1973,www.autokreditbank.ru,+7 (843) 294-98-80,"420081, Республика Татарстан, г. Казань, просп. А. Камалеева, д. 16а",autokreditbank,RUB,https://www.banki.ru/products/credits/credit/3263/,20.0,20.0,,50000,100000000,,31,2555,1m,7y,,44dafb01f70e3a5890a4a92bbf1e6e7fbff6ab6d06cbcc6eb71aa080dfe34814,True,2026-08-24 13:50:38,,20%,,,50 000–100 000 000 ₽,4,,,,,,,,
17153,502803,credit,На любые цели (под залог авто),На любые цели (под залог авто),https://www.banki.ru/products/credits/credit/5028/,https://cdn.banki.ru/cdn/bank/197032_mobile_logo_url.png,28.07.2026 17:02,197032,1970321,bank,АвтоКредитБанк,https://cdn.banki.ru/cdn/bank/197032_mobile_logo_url.png,1973,www.autokreditbank.ru,+7 (843) 294-98-80,"420081, Республика Татарстан, г. Казань, просп. А. Камалеева, д. 16а",autokreditbank,RUB,https://www.banki.ru/products/credits/credit/5028/,21.0,21.0,,50000,100000000,,31,1825,1m,5y,,aff18aa391f7292e31635203354d2aa712c102f910e22d80f6b5ef548513cc3f,True,2026-08-24 13:50:38,,21%,,,50 000–100 000 000 ₽,4,,,,,,,,
17020,452203,credit,На любые цели (под поручительство),На любые цели (под поручительство),https://www.banki.ru/products/credits/credit/4522/,https://cdn.banki.ru/cdn/bank/197032_mobile_logo_url.png,29.06.2026 14:53,197032.0,1970321.0,bank,АвтоКредитБанк,https://cdn.banki.ru/cdn/bank/197032_mobile_logo_url.png,1973,www.autokreditbank.ru,+7 (843) 294-98-80,"420081, Республика Татарстан, г. Казань, просп. А. Камалеева, д. 16а",autokreditbank,RUB,https://www.banki.ru/products/credits/credit/4522/,25.0,25.0,,50000,500000,,31,1095,1m,3y,,5c4ec43e76eb5c84638dd0b85b96836a1712e264e6bfe9605262bac8fc08a1cf,True,2026-08-24 13:50:38,,25%,,,50 000–500 000 ₽,4,,,,,,,,
19344,326303,credit,На любые цели (под залог недвижимости),На любые цели (под залог недвижимости),https://www.banki.ru/products/credits/credit/3263/,https://cdn.banki.ru/cdn/bank/197032_mobile_logo_url.png,29.06.2026 14:57,197032.0,1970321.0,bank,АвтоКредитБанк,https://cdn.banki.ru/cdn/bank/197032_mobile_logo_url.png,1973,www.autokreditbank.ru,+7 (843) 294-98-80,"420081, Республика Татарстан, г. Казань, просп. А. Камалеева, д. 16а",autokreditbank,RUB,https://www.banki.ru/products/credits/credit/3263/,22.0,22.0,,50000,100000000,,31,2555,1m,7y,,b3960a2514eed3c1fee0719655a1742cbbfcbf527e92fddc012ca01d857fd856,True,2026-08-24 13:50:38,,22%,,,50 000–100 000 000 ₽,4,,,,,,,,
17153,502803,credit,На любые цели (под залог авто),На любые цели (под залог авто),https://www.banki.ru/products/credits/credit/5028/,https://cdn.banki.ru/cdn/bank/197032_mobile_logo_url.png,29.06.2026 14:52,197032.0,1970321.0,bank,АвтоКредитБанк,https://cdn.banki.ru/cdn/bank/197032_mobile_logo_url.png,1973,www.autokreditbank.ru,+7 (843) 294-98-80,"420081, Республика Татарстан, г. Казань, просп. А. Камалеева, д. 16а",autokreditbank,RUB,https://www.banki.ru/products/credits/credit/5028/,24.0,24.0,,50000,100000000,,31,1825,1m,5y,,84c7600d789466fa99434e364658bec49ae18a11ec5d2c0896c5eb8b17a10b28,True,2026-08-24 13:50:38,,24%,,,50 000–100 000 000 ₽,4,,,,,,,,
17020,452203,credit,На любые цели (под поручительство),На любые цели (под поручительство),https://www.banki.ru/products/credits/credit/4522/,https://cdn.banki.ru/cdn/bank/197032_mobile_logo_url.png,29.06.2026 14:53,197032,1970321,bank,АвтоКредитБанк,https://cdn.banki.ru/cdn/bank/197032_mobile_logo_url.png,1973,www.autokreditbank.ru,+7 (843) 294-98-80,"420081, Республика Татарстан, г. Казань, просп. А. Камалеева, д. 16а",autokreditbank,RUB,https://www.banki.ru/products/credits/credit/4522/,25.0,25.0,,50000,500000,,31,1095,1m,3y,,6d4bd7ebaad1ab45a5d9e1ffbb2751a167ad4ce9c359d8c29769768e24be26f6,True,2026-08-24 13:50:38,,25%,,,50 000–500 000 ₽,4,,,,,,,,
19344,326303,credit,На любые цели (под залог недвижимости),На любые цели (под залог недвижимости),https://www.banki.ru/products/credits/credit/3263/,https://cdn.banki.ru/cdn/bank/197032_mobile_logo_url.png,29.06.2026 14:57,197032,1970321,bank,АвтоКредитБанк,https://cdn.banki.ru/cdn/bank/197032_mobile_logo_url.png,1973,www.autokreditbank.ru,+7 (843) 294-98-80,"420081, Республика Татарстан, г. Казань, просп. А. Камалеева, д. 16а",autokreditbank,RUB,https://www.banki.ru/products/credits/credit/3263/,22.0,22.0,,50000,100000000,,31,2555,1m,7y,,c4dacfde010fb31e2ae59ab31d92f39838fd7a5c10cf32ce0d312cc0c6d32595,True,2026-08-24 13:50:38,,22%,,,50 000–100 000 000 ₽,4,,,,,,,,
17153,502803,credit,На любые цели (под залог авто),На любые цели (под залог авто),https://www.banki.ru/products/credits/credit/5028/,https://cdn.banki.ru/cdn/bank/197032_mobile_logo_url.png,29.06.2026 14:52,197032,1970321,bank,АвтоКредитБанк,https://cdn.banki.ru/cdn/bank/197032_mobile_logo_url.png,1973,www.autokreditbank.ru,+7 (843) 294-98-80,"420081, Республика Татарстан, г. Казань, просп. А. Камалеева, д. 16а",autokreditbank,RUB,https://www.banki.ru/products/credits/credit/5028/,24.0,24.0,,50000,100000000,,31,1825,1m,5y,,943d822e3899c6fd70be8463f04b731da9ef807047ffd4dc8d26626b5c5aa9c0,True,2026-08-24 13:50:38,,24%,,,50 000–100 000 000 ₽,4,,,,,,,,
19507,20111603,credit,На любые цели (под залог недвижимости),На любые цели (под залог недвижимости),https://www.banki.ru/products/credits/credit/201116/,https://cdn.banki.ru/cdn/bank/192803_mobile_logo_url.png,22.06.2026 18:23,192803.0,1928031.0,bank,Банк «Заречье»,https://cdn.banki.ru/cdn/bank/192803_mobile_logo_url.png,817,www.zarech.ru,+7 (843) 557-59-03,"420032, г. Казань, ул. Лукницкого, д. 2",zarechye,RUB,https://www.banki.ru/products/credits/credit/201116/,28.0,28.0,,100000,3000000,,31,1095,1m,3y,,28bdc5e5d63808a200e7ed88bd954ee7a06676523e9029705fbfa86abf84864f,True,2026-08-24 13:50:38,,28%,,,100 000–3 000 000 ₽,4,,,,,,,,
18163,20111703,credit,На любые цели (с обеспечением),На любые цели (с обеспечением),https://www.banki.ru/products/credits/credit/201117/,https://cdn.banki.ru/cdn/bank/192803_mobile_logo_url.png,22.06.2026 18:18,192803.0,1928031.0,bank,Банк «Заречье»,https://cdn.banki.ru/cdn/bank/192803_mobile_logo_url.png,817,www.zarech.ru,+7 (843) 557-59-03,"420032, г. Казань, ул. Лукницкого, д. 2",zarechye,RUB,https://www.banki.ru/products/credits/credit/201117/,30.0,30.0,,100000,3000000,,31,1095,1m,3y,,51d0457c2872342b032207459315e010206f215d55221eabea1651af0d7e2296,True,2026-08-24 13:50:38,,30%,,,100 000–3 000 000 ₽,4,,,,,,,,
19490,20107703,credit,На любые цели,На любые цели,https://www.banki.ru/products/credits/credit/201077/,,24.06.2026 15:19,3698528.0,36985281.0,bank,Северстройбанк,,3507,www.ssb35.ru,+7 (8172) 75-93-60,"160009, г. Вологда, ул. Мальцева, д. 52.",sevstroybank,RUB,https://www.banki.ru/products/credits/credit/201077/,20.0,24.0,,10000,15000000,,31,1825,37m,5y,,4f7bf1a2f2f8abcb103ba40642c67b4716e69bc90b093e57cfe179df606f3996,True,2026-08-24 13:50:38,,20–24%,,,10 000–15 000 000 ₽,4,,,,,,,,
19490,20107703,credit,На любые цели,На любые цели,https://www.banki.ru/products/credits/credit/201077/,,16.06.2026 17:43,3698528,36985281,bank,Северстройбанк,,3507,www.ssb35.ru,+7 (8172) 75-93-60,"160009, г. Вологда, ул. Мальцева, д. 52.",sevstroybank,RUB,https://www.banki.ru/products/credits/credit/201077/,20.0,24.0,,10000,15000000,,31,1825,37m,5y,,fa79e8d06c9f4fd9af5515e86f139bfee70a2643986ec50b6280188a75fe961f,True,2026-08-24 13:50:38,,20–24%,,,10 000–15 000 000 ₽,4,,,,,,,,
19490,20107703,credit,На любые цели,На любые цели,https://www.banki.ru/products/credits/credit/201077/,,16.12.2025 16:12,3698528,36985281,bank,Северстройбанк,,3507,www.ssb35.ru,+7 (8172) 75-93-60,"160009, г. Вологда, ул. Мальцева, д. 52.
",sevstroybank,RUB,https://www.banki.ru/products/credits/credit/201077/,21.0,25.0,,10000,15000000,,31,1825,37m,5y,,a6ce8553cf7b77ae8e512a61287f61856910a137ba076ccd84e6200b183eab56,True,2026-08-24 13:50:38,,21–25%,,,10 000–15 000 000 ₽,4,,,,,,,,
17280,523203,credit,Запросто,Запросто,https://www.banki.ru/products/credits/credit/5232/,https://cdn.banki.ru/cdn/bank/96003_mobile_logo_url.png,22.12.2025 11:53,96003,960031,bank,Банк Синара,https://cdn.banki.ru/cdn/bank/96003_mobile_logo_url.png,705,www.sinara.ru,8 800 100-06-00,"620026, г. Екатеринбург, ул. Куйбышева, д. 75",skb-bank,RUB,https://www.banki.ru/products/credits/credit/5232/,5.5,39.0,,51000,5440000,,365,1825,1y,5y,,a76addb837a6fdbd0184072ecfd99cdfed128b1d5e57540bee898fdf15cfbe8d,True,2026-08-24 13:50:38,,"5,5–39%",,,51 000–5 440 000 ₽,4,,,,,,,,
17783,20109103,credit,На любые цели,На любые цели,https://www.banki.ru/products/credits/credit/201091/,https://cdn.banki.ru/cdn/bank/188824_mobile_logo_url.png,08.12.2025 18:06,188824,1888241,bank,Внешфинбанк,https://cdn.banki.ru/cdn/bank/188824_mobile_logo_url.png,3173,www.vfbank.ru,8 800 234-55-10,"350059, г. Краснодар, ул. Волжская, д. 47
",vneshfinbank,RUB,https://www.banki.ru/products/credits/credit/201091/,20.0,20.0,,30000,100000000,,31,1095,1m,3y,,6b6db0bf9639780a69972d81eb45a5def402d51e768f4a5c75b2aa08ad7fbb5d,True,2026-08-24 13:50:38,,20%,,,30 000–100 000 000 ₽,4,,,,,,,,
16825,286003,credit,Доверительный,Доверительный,https://www.banki.ru/products/credits/credit/2860/,,23.06.2026 18:34,195603.0,1956031.0,bank,Крона-Банк,,2499,www.krona-bank.ru,+7 (3952) 25-25-05,"664007, г. Иркутск, ул. Дзержинского, д. 29",krona-bank,RUB,https://www.banki.ru/products/credits/credit/2860/,22.0,23.5,,30000,500000,,92,1095,2y,3y,,093f72aa5a38cc1be0a8362268f72a4a6db987ec41728fd931c9b5810907ff2f,True,2026-08-24 13:50:38,,"22–23,5%",,,30 000–500 000 ₽,4,,,,,,,,
16824,285803,credit,Стандарт,Стандарт,https://www.banki.ru/products/credits/credit/2858/,,23.06.2026 18:33,195603.0,1956031.0,bank,Крона-Банк,,2499,www.krona-bank.ru,+7 (3952) 25-25-05,"664007, г. Иркутск, ул. Дзержинского, д. 29",krona-bank,RUB,https://www.banki.ru/products/credits/credit/2858/,20.5,22.0,,50000,1500000,,92,1825,1m3y,5y,,a93c4d3d9c74b59ea66e25084e25a3962cc4144baa2d3bc9fe8fd54cb9528f22,True,2026-08-24 13:50:38,,"20,5–22%",,,50 000–1 500 000 ₽,4,,,,,,,,
17034,459003,credit,Пенсионный,Пенсионный,https://www.banki.ru/products/credits/credit/4590/,,23.06.2026 18:33,195603.0,1956031.0,bank,Крона-Банк,,2499,www.krona-bank.ru,+7 (3952) 25-25-05,"664007, г. Иркутск, ул. Дзержинского, д. 29",krona-bank,RUB,https://www.banki.ru/products/credits/credit/4590/,21.0,22.0,,30000,500000,,365,730,1m1y,2y,,01743e914f14f57217e36d9e4e86b4596903f4c2a3d4c568ad269ed414b197b2,True,2026-08-24 13:50:38,,21–22%,,,30 000–500 000 ₽,4,,,,,,,,
16824,285803,credit,Стандарт,Стандарт,https://www.banki.ru/products/credits/credit/2858/,,09.04.2026 17:48,195603,1956031,bank,Крона-Банк,,2499,www.krona-bank.ru,+7 (3952) 25-25-05,"664007, г. Иркутск, ул. Дзержинского, д. 29",krona-bank,RUB,https://www.banki.ru/products/credits/credit/2858/,21.5,23.0,,50000,1500000,,92,1825,1m3y,5y,,8aead738e90de774fb1a5d2b861d66aa42cd781e6e7e978b311fea1b1d3ae004,True,2026-08-24 13:50:38,,"21,5–23%",,,50 000–1 500 000 ₽,4,,,,,,,,
17034,459003,credit,Пенсионный,Пенсионный,https://www.banki.ru/products/credits/credit/4590/,,09.04.2026 17:50,195603,1956031,bank,Крона-Банк,,2499,www.krona-bank.ru,+7 (3952) 25-25-05,"664007, г. Иркутск, ул. Дзержинского, д. 29",krona-bank,RUB,https://www.banki.ru/products/credits/credit/4590/,22.0,23.0,,30000,500000,,365,730,1m1y,2y,,f59011f5d200cb1745dbae43cb5d2d71616daa57b96c7e2411f6cb5614d652fb,True,2026-08-24 13:50:38,,22–23%,,,30 000–500 000 ₽,4,,,,,,,,
16825,286003,credit,Доверительный,Доверительный,https://www.banki.ru/products/credits/credit/2860/,,09.04.2026 17:57,195603,1956031,bank,Крона-Банк,,2499,www.krona-bank.ru,+7 (3952) 25-25-05,"664007, г. Иркутск, ул. Дзержинского, д. 29",krona-bank,RUB,https://www.banki.ru/products/credits/credit/2860/,23.0,24.5,,30000,500000,,92,1095,2y,3y,,3e9ecf219a39c7c7a49d55803ba1444d3c4557da7822d63ff6896bf8f77f1381,True,2026-08-24 13:50:38,,"23–24,5%",,,30 000–500 000 ₽,4,,,,,,,,
19419,505103,credit,Под залог недвижимости,Под залог недвижимости,https://www.banki.ru/products/credits/credit/5051/,https://cdn.banki.ru/cdn/bank/191203_mobile_logo_url.png,17.12.2025 18:41,191203,1912031,bank,Примсоцбанк,https://cdn.banki.ru/cdn/bank/191203_mobile_logo_url.png,2733,www.pskb.com,8 800 350-42-02,"690106, Приморский край, г. Владивосток, Партизанский пр-т, д. 44
",primsotsbank,RUB,https://www.banki.ru/products/credits/credit/5051/,21.4,22.4,,500000,50000000,,365,9125,1y,25y,,29c14f6f0cd1be619593f798f45516a23c67093cfd87bc97bd6e6b3ea9aa2e1f,True,2026-08-24 13:50:38,,"21,4–22,4%",,,500 000–50 000 000 ₽,4,,,,,,,,
17201,511903,credit,Акционный (с обеспечением),Акционный (с обеспечением),https://www.banki.ru/products/credits/credit/5119/,https://cdn.banki.ru/cdn/bank/191203_mobile_logo_url.png,17.12.2025 17:09,191203,1912031,bank,Примсоцбанк,https://cdn.banki.ru/cdn/bank/191203_mobile_logo_url.png,2733,www.pskb.com,8 800 350-42-02,"690106, Приморский край, г. Владивосток, Партизанский пр-т, д. 44
",primsotsbank,RUB,https://www.banki.ru/products/credits/credit/5119/,21.9,31.9,,100001,5000000,,1460,1825,4y,5y,,fdc25dfee7c1395cbe7bf3ec9806c09591ee0921c1ef93afb31af204028ed3f3,True,2026-08-24 13:50:38,,"21,9–31,9%",,,100 001–5 000 000 ₽,4,,,,,,,,
19861,21115803,credit,Рациональный (с обеспечением),Рациональный (с обеспечением),https://www.banki.ru/products/credits/credit/211158/,https://cdn.banki.ru/cdn/bank/191203_mobile_logo_url.png,17.12.2025 17:31,191203,1912031,bank,Примсоцбанк,https://cdn.banki.ru/cdn/bank/191203_mobile_logo_url.png,2733,www.pskb.com,8 800 350-42-02,"690106, Приморский край, г. Владивосток, Партизанский пр-т, д. 44
",primsotsbank,RUB,https://www.banki.ru/products/credits/credit/211158/,21.9,31.9,,100001,5000000,,730,1825,2y,5y,,1012fa1ca020c13973d3f1d5ac15643bd5db36987bb1a60d4df672769efe7a27,True,2026-08-24 13:50:38,,"21,9–31,9%",,,100 001–5 000 000 ₽,4,,,,,,,,
17172,507103,credit,Акционный,Акционный,https://www.banki.ru/products/credits/credit/5071/,https://cdn.banki.ru/cdn/bank/191203_mobile_logo_url.png,17.12.2025 16:54,191203,1912031,bank,Примсоцбанк,https://cdn.banki.ru/cdn/bank/191203_mobile_logo_url.png,2733,www.pskb.com,8 800 350-42-02,"690106, Приморский край, г. Владивосток, Партизанский пр-т, д. 44
",primsotsbank,RUB,https://www.banki.ru/products/credits/credit/5071/,21.9,31.9,,100001,2000000,,1825,1825,5y,5y,,5b2ea494581065215fe3a17b7bb8a31dd03d511c1986bea0c5c0b3d84bf51b29,True,2026-08-24 13:50:38,,"21,9–31,9%",,,100 001–2 000 000 ₽,4,,,,,,,,
19860,21115703,credit,Рациональный,Рациональный,https://www.banki.ru/products/credits/credit/211157/,https://cdn.banki.ru/cdn/bank/191203_mobile_logo_url.png,17.12.2025 17:30,191203,1912031,bank,Примсоцбанк,https://cdn.banki.ru/cdn/bank/191203_mobile_logo_url.png,2733,www.pskb.com,8 800 350-42-02,"690106, Приморский край, г. Владивосток, Партизанский пр-т, д. 44
",primsotsbank,RUB,https://www.banki.ru/products/credits/credit/211157/,21.9,31.9,,100001,2000000,,730,1825,2y,5y,,98992d70627820489c235f5df33641d63c67154ee86786e653a5b4906a08c27c,True,2026-08-24 13:50:38,,"21,9–31,9%",,,100 001–2 000 000 ₽,4,,,,,,,,
17039,460003,credit,Для пенсионеров (с обеспечением),Для пенсионеров (с обеспечением),https://www.banki.ru/products/credits/credit/4600/,https://cdn.banki.ru/cdn/bank/191203_mobile_logo_url.png,17.12.2025 15:57,191203,1912031,bank,Примсоцбанк,https://cdn.banki.ru/cdn/bank/191203_mobile_logo_url.png,2733,www.pskb.com,8 800 350-42-02,"690106, Приморский край, г. Владивосток, Партизанский пр-т, д. 44
",primsotsbank,RUB,https://www.banki.ru/products/credits/credit/4600/,26.9,26.9,,30000,7000000,,183,1825,6m,5y,,c3f8ca11e6f7266c71f40e347c7d1dadbc8bd765f95765751179ffda48f2ca86,True,2026-08-24 13:50:38,,"26,9%",,,30 000–7 000 000 ₽,4,,,,,,,,
17038,459903,credit,Для пенсионеров,Для пенсионеров,https://www.banki.ru/products/credits/credit/4599/,https://cdn.banki.ru/cdn/bank/191203_mobile_logo_url.png,17.12.2025 15:55,191203,1912031,bank,Примсоцбанк,https://cdn.banki.ru/cdn/bank/191203_mobile_logo_url.png,2733,www.pskb.com,8 800 350-42-02,"690106, Приморский край, г. Владивосток, Партизанский пр-т, д. 44
",primsotsbank,RUB,https://www.banki.ru/products/credits/credit/4599/,26.9,26.9,,30000,2000000,,183,1825,6m,5y,,d72c573efb43b51f6d6927fedf8ad8b684f688744db7a381247d1f41958c9716,True,2026-08-24 13:50:38,,"26,9%",,,30 000–2 000 000 ₽,4,,,,,,,,
16750,51703,credit,Оптимальный (с обеспечением),Оптимальный (с обеспечением),https://www.banki.ru/products/credits/credit/517/,https://cdn.banki.ru/cdn/bank/191203_mobile_logo_url.png,17.12.2025 15:44,191203,1912031,bank,Примсоцбанк,https://cdn.banki.ru/cdn/bank/191203_mobile_logo_url.png,2733,www.pskb.com,8 800 350-42-02,"690106, Приморский край, г. Владивосток, Партизанский пр-т, д. 44
",primsotsbank,RUB,https://www.banki.ru/products/credits/credit/517/,31.9,31.9,,30000,7000000,,397,1825,13m,5y,,423efb728648bd25f2a875b8f6edd052d620aadf042a789f0ef4b06a01234933,True,2026-08-24 13:50:38,,"31,9%",,,30 000–7 000 000 ₽,4,,,,,,,,
16749,51603,credit,Оптимальный,Оптимальный,https://www.banki.ru/products/credits/credit/516/,https://cdn.banki.ru/cdn/bank/191203_mobile_logo_url.png,17.12.2025 15:44,191203,1912031,bank,Примсоцбанк,https://cdn.banki.ru/cdn/bank/191203_mobile_logo_url.png,2733,www.pskb.com,8 800 350-42-02,"690106, Приморский край, г. Владивосток, Партизанский пр-т, д. 44
",primsotsbank,RUB,https://www.banki.ru/products/credits/credit/516/,31.9,31.9,,30000,2000000,,397,1825,13m,5y,,8360037f19284dd867b78b40b7d8b3c4bf5545f3a10979d2de63993f4c616727,True,2026-08-24 13:50:38,,"31,9%",,,30 000–2 000 000 ₽,4,,,,,,,,
17082,477703,credit,Экспресс–кредит,Экспресс–кредит,https://www.banki.ru/products/credits/credit/4777/,https://cdn.banki.ru/cdn/bank/191203_mobile_logo_url.png,17.12.2025 18:12,191203,1912031,bank,Примсоцбанк,https://cdn.banki.ru/cdn/bank/191203_mobile_logo_url.png,2733,www.pskb.com,8 800 350-42-02,"690106, Приморский край, г. Владивосток, Партизанский пр-т, д. 44
",primsotsbank,RUB,https://www.banki.ru/products/credits/credit/4777/,34.0,34.0,,10000,100000,,30,730,1m,2y,,f27390a9aa90852078946b4dff15b64eafba80261cb78ee47bac67fa3df61643,True,2026-08-24 13:50:38,,34%,,,10 000–100 000 ₽,4,,,,,,,,
19866,21116003,credit,Базовый (с обеспечением) ,Базовый (с обеспечением) ,https://www.banki.ru/products/credits/credit/211160/,https://cdn.banki.ru/cdn/bank/191203_mobile_logo_url.png,17.12.2025 15:50,191203,1912031,bank,Примсоцбанк,https://cdn.banki.ru/cdn/bank/191203_mobile_logo_url.png,2733,www.pskb.com,8 800 350-42-02,"690106, Приморский край, г. Владивосток, Партизанский пр-т, д. 44",primsotsbank,RUB,https://www.banki.ru/products/credits/credit/211160/,30.0,30.0,,100001,7000000,,1460,1825,4y,5y,,3174b5d1aecfa196379dcddfd0de774b41d8f59ebe1e40c98f5445ec83549386,True,2026-08-24 13:50:38,,30%,,,100 001–7 000 000 ₽,4,,,,,,,,
19864,21115903,credit,Базовый,Базовый,https://www.banki.ru/products/credits/credit/211159/,https://cdn.banki.ru/cdn/bank/191203_mobile_logo_url.png,17.12.2025 15:47,191203,1912031,bank,Примсоцбанк,https://cdn.banki.ru/cdn/bank/191203_mobile_logo_url.png,2733,www.pskb.com,8 800 350-42-02,"690106, Приморский край, г. Владивосток, Партизанский пр-т, д. 44",primsotsbank,RUB,https://www.banki.ru/products/credits/credit/211159/,30.0,30.0,,100001,2000000,,1460,1825,4y,5y,,7faae4873d6df6e9f70aa867d2b808f5fe89ef05d2ad47d4459e196cd3fecf8a,True,2026-08-24 13:50:38,,30%,,,100 001–2 000 000 ₽,4,,,,,,,,
19980,20115703,credit,Рефинансирование под залог недвижимости,Рефинансирование под залог недвижимости,https://www.banki.ru/products/credits/credit/201157/,https://cdn.banki.ru/cdn/bank/193407_mobile_logo_url.png,15.12.2025 17:08,193407,1934071,bank,Энерготрансбанк,https://cdn.banki.ru/cdn/bank/193407_mobile_logo_url.png,1307,www.energotransbank.com,8 800 100-22-48,"236016, г. Калининград, ул. Клиническая, д. 83а",energotransbank,RUB,https://www.banki.ru/products/credits/credit/201157/,21.2,21.7,,500000,5000000,,365,3650,1y,10y,,109e05962e2eff2f0fa6949dc6db7912666cf7a5e5a1c9f502f218078038982c,True,2026-08-24 13:50:38,,"21,2–21,7%",,,500 000–5 000 000 ₽,4,,,,,,,,
19326,172603,credit,ЭТБ – солидные деньги (недвижимое имущество),ЭТБ – солидные деньги (недвижимое имущество),https://www.banki.ru/products/credits/credit/1726/,https://cdn.banki.ru/cdn/bank/193407_mobile_logo_url.png,15.12.2025 17:06,193407,1934071,bank,Энерготрансбанк,https://cdn.banki.ru/cdn/bank/193407_mobile_logo_url.png,1307,www.energotransbank.com,8 800 100-22-48,"236016, г. Калининград, ул. Клиническая, д. 83а",energotransbank,RUB,https://www.banki.ru/products/credits/credit/1726/,22.0,23.5,,500000,10000000,,31,3650,1m,10y,,8da46a4a9ecf9c64b595ad218a4fbcd101124e40c74939449bc3bfdb3235675e,True,2026-08-24 13:50:38,,"22–23,5%",,,500 000–10 000 000 ₽,4,,,,,,,,
16939,397303,credit,ЭТБ – солидные деньги (движимое имущество),ЭТБ – солидные деньги (движимое имущество),https://www.banki.ru/products/credits/credit/3973/,https://cdn.banki.ru/cdn/bank/193407_mobile_logo_url.png,15.12.2025 17:06,193407,1934071,bank,Энерготрансбанк,https://cdn.banki.ru/cdn/bank/193407_mobile_logo_url.png,1307,www.energotransbank.com,8 800 100-22-48,"236016, г. Калининград, ул. Клиническая, д. 83а",energotransbank,RUB,https://www.banki.ru/products/credits/credit/3973/,22.0,23.5,,500000,3000000,,31,1825,1m,5y,,e36d8ac251f8421be37ad0e5788c5e980871fdce497def4dc1416977378e158e,True,2026-08-24 13:50:38,,"22–23,5%",,,500 000–3 000 000 ₽,4,,,,,,,,
16815,278103,credit,ЭТБ – деньги для пенсионеров,ЭТБ – деньги для пенсионеров,https://www.banki.ru/products/credits/credit/2781/,https://cdn.banki.ru/cdn/bank/193407_mobile_logo_url.png,15.12.2025 17:01,193407,1934071,bank,Энерготрансбанк,https://cdn.banki.ru/cdn/bank/193407_mobile_logo_url.png,1307,www.energotransbank.com,8 800 100-22-48,"236016, г. Калининград, ул. Клиническая, д. 83а",energotransbank,RUB,https://www.banki.ru/products/credits/credit/2781/,24.7,25.7,,30000,500000,,31,1825,1m,5y,,51add80400beaa5c5ff2f96f2fdf9dff338c21a183977f0cdae1b9f505638347,True,2026-08-24 13:50:38,,"24,7–25,7%",,,30 000–500 000 ₽,4,,,,,,,,
16788,172503,credit,ЭТБ – деньги,ЭТБ – деньги,https://www.banki.ru/products/credits/credit/1725/,https://cdn.banki.ru/cdn/bank/193407_mobile_logo_url.png,15.12.2025 17:00,193407,1934071,bank,Энерготрансбанк,https://cdn.banki.ru/cdn/bank/193407_mobile_logo_url.png,1307,www.energotransbank.com,8 800 100-22-48,"236016, г. Калининград, ул. Клиническая, д. 83а",energotransbank,RUB,https://www.banki.ru/products/credits/credit/1725/,25.2,26.7,,30000,1000000,,31,1825,1m,5y,,57cbc55ba159d8fcd700ca8076cb8eca39e5091c1b5c9ed34ab70e3fa1e4377e,True,2026-08-24 13:50:38,,"25,2–26,7%",,,30 000–1 000 000 ₽,4,,,,,,,,
19434,516403,credit,Целевой (под залог недвижимого имущества),Целевой (под залог недвижимого имущества),https://www.banki.ru/products/credits/credit/5164/,https://cdn.banki.ru/cdn/bank/191760_mobile_logo_url.png,29.07.2026 15:24,191760,1917601,bank,Томскпромстройбанк,https://cdn.banki.ru/cdn/bank/191760_mobile_logo_url.png,1720,www.tpsbank.tomsk.ru,+7 (3822) 26-59-31,"634061, г. Томск, просп. Фрунзе, д. 90",tomskpsb,RUB,https://www.banki.ru/products/credits/credit/5164/,19.8,19.8,,1000000,15000000,,305,3650,10m,10y,,6ea83575d121acaefe4974a856a897cf2ad98ff0457453ec4ee7dd271f5f6dcf,True,2026-08-24 13:50:38,,"19,8%",,,1 000 000–15 000 000 ₽,4,,,,,,,,
17234,516303,credit,Нецелевой,Нецелевой,https://www.banki.ru/products/credits/credit/5163/,https://cdn.banki.ru/cdn/bank/191760_mobile_logo_url.png,29.07.2026 15:21,191760,1917601,bank,Томскпромстройбанк,https://cdn.banki.ru/cdn/bank/191760_mobile_logo_url.png,1720,www.tpsbank.tomsk.ru,+7 (3822) 26-59-31,"634061, г. Томск, просп. Фрунзе, д. 90",tomskpsb,RUB,https://www.banki.ru/products/credits/credit/5163/,21.5,21.5,,20000,150000,,31,1825,1m,5y,,9e161f5d88bab50a7150b870fd26ca5493686177e9fef45d535ef739c5b02acc,True,2026-08-24 13:50:38,,"21,5%",,,20 000–150 000 ₽,4,,,,,,,,
16779,139203,credit,Нецелевой (под залог движимого имущества),Нецелевой (под залог движимого имущества),https://www.banki.ru/products/credits/credit/1392/,https://cdn.banki.ru/cdn/bank/191760_mobile_logo_url.png,29.07.2026 15:22,191760,1917601,bank,Томскпромстройбанк,https://cdn.banki.ru/cdn/bank/191760_mobile_logo_url.png,1720,www.tpsbank.tomsk.ru,+7 (3822) 26-59-31,"634061, г. Томск, просп. Фрунзе, д. 90",tomskpsb,RUB,https://www.banki.ru/products/credits/credit/1392/,20.0,20.0,,100000,999000,,305,1825,10m,5y,,ab143f85632a0ec53888817c1d15f474754a1120d75e118d169135bf37f6ed3b,True,2026-08-24 13:50:38,,20%,,,100 000–999 000 ₽,4,,,,,,,,
16794,191603,credit,Целевой (под залог движимого имущества),Целевой (под залог движимого имущества),https://www.banki.ru/products/credits/credit/1916/,https://cdn.banki.ru/cdn/bank/191760_mobile_logo_url.png,29.07.2026 15:24,191760,1917601,bank,Томскпромстройбанк,https://cdn.banki.ru/cdn/bank/191760_mobile_logo_url.png,1720,www.tpsbank.tomsk.ru,+7 (3822) 26-59-31,"634061, г. Томск, просп. Фрунзе, д. 90",tomskpsb,RUB,https://www.banki.ru/products/credits/credit/1916/,20.0,20.0,,1000000,15000000,,305,1825,10m,5y,,bb40a220da85120932ca943c1d84ca4605369fe3d0949b842757e44fe59f8f4f,True,2026-08-24 13:50:38,,20%,,,1 000 000–15 000 000 ₽,4,,,,,,,,
19433,516203,credit,Нецелевой (под залог недвижимости),Нецелевой (под залог недвижимости),https://www.banki.ru/products/credits/credit/5162/,https://cdn.banki.ru/cdn/bank/191760_mobile_logo_url.png,29.07.2026 15:23,191760,1917601,bank,Томскпромстройбанк,https://cdn.banki.ru/cdn/bank/191760_mobile_logo_url.png,1720,www.tpsbank.tomsk.ru,+7 (3822) 26-59-31,"634061, г. Томск, просп. Фрунзе, д. 90",tomskpsb,RUB,https://www.banki.ru/products/credits/credit/5162/,19.8,19.8,,100000,999000,,305,2190,10m,6y,,5c034164eb49a681c665311bf8f6ecdbb99a84f326882ae42b869fd9bdd39be5,True,2026-08-24 13:50:38,,"19,8%",,,100 000–999 000 ₽,4,,,,,,,,
19434,516403,credit,Целевой (под залог недвижимого имущества),Целевой (под залог недвижимого имущества),https://www.banki.ru/products/credits/credit/5164/,https://cdn.banki.ru/cdn/bank/191760_mobile_logo_url.png,09.06.2026 18:38,191760,1917601,bank,Томскпромстройбанк,https://cdn.banki.ru/cdn/bank/191760_mobile_logo_url.png,1720,www.tpsbank.tomsk.ru,+7 (3822) 26-59-31,"634061, г. Томск, просп. Фрунзе, д. 90",tomskpsb,RUB,https://www.banki.ru/products/credits/credit/5164/,20.3,20.3,,1000000,15000000,,305,3650,10m,10y,,360ccf4eeae55a40d8090d47192ce49e04ca12ffa55e58f9dc89cee8f9ab4166,True,2026-08-24 13:50:38,,"20,3%",,,1 000 000–15 000 000 ₽,4,,,,,,,,
19433,516203,credit,Нецелевой (под залог недвижимости),Нецелевой (под залог недвижимости),https://www.banki.ru/products/credits/credit/5162/,https://cdn.banki.ru/cdn/bank/191760_mobile_logo_url.png,09.06.2026 18:38,191760,1917601,bank,Томскпромстройбанк,https://cdn.banki.ru/cdn/bank/191760_mobile_logo_url.png,1720,www.tpsbank.tomsk.ru,+7 (3822) 26-59-31,"634061, г. Томск, просп. Фрунзе, д. 90",tomskpsb,RUB,https://www.banki.ru/products/credits/credit/5162/,20.3,20.3,,100000,999000,,305,2190,10m,6y,,5a5bf625dd949984e6f067d92ab73ce4feedfa4b67ffb2b8133f24702ea579ca,True,2026-08-24 13:50:38,,"20,3%",,,100 000–999 000 ₽,4,,,,,,,,
16794,191603,credit,Целевой (под залог движимого имущества),Целевой (под залог движимого имущества),https://www.banki.ru/products/credits/credit/1916/,https://cdn.banki.ru/cdn/bank/191760_mobile_logo_url.png,09.06.2026 18:37,191760,1917601,bank,Томскпромстройбанк,https://cdn.banki.ru/cdn/bank/191760_mobile_logo_url.png,1720,www.tpsbank.tomsk.ru,+7 (3822) 26-59-31,"634061, г. Томск, просп. Фрунзе, д. 90",tomskpsb,RUB,https://www.banki.ru/products/credits/credit/1916/,20.5,20.5,,1000000,15000000,,305,1825,10m,5y,,57444f67b52176f3d6b0a822151065b3ef412e8036b1fa0dc7ea7af65e0b52d2,True,2026-08-24 13:50:38,,"20,5%",,,1 000 000–15 000 000 ₽,4,,,,,,,,
16779,139203,credit,Нецелевой (под залог движимого имущества),Нецелевой (под залог движимого имущества),https://www.banki.ru/products/credits/credit/1392/,https://cdn.banki.ru/cdn/bank/191760_mobile_logo_url.png,09.06.2026 18:37,191760,1917601,bank,Томскпромстройбанк,https://cdn.banki.ru/cdn/bank/191760_mobile_logo_url.png,1720,www.tpsbank.tomsk.ru,+7 (3822) 26-59-31,"634061, г. Томск, просп. Фрунзе, д. 90",tomskpsb,RUB,https://www.banki.ru/products/credits/credit/1392/,20.5,20.5,,100000,999000,,305,1825,10m,5y,,b76a5c91ccc7a55d4950fcd892b4f8def6b4a790c114191e4f294a9dfc5ea6c2,True,2026-08-24 13:50:38,,"20,5%",,,100 000–999 000 ₽,4,,,,,,,,
17234,516303,credit,Нецелевой,Нецелевой,https://www.banki.ru/products/credits/credit/5163/,https://cdn.banki.ru/cdn/bank/191760_mobile_logo_url.png,09.06.2026 18:37,191760,1917601,bank,Томскпромстройбанк,https://cdn.banki.ru/cdn/bank/191760_mobile_logo_url.png,1720,www.tpsbank.tomsk.ru,+7 (3822) 26-59-31,"634061, г. Томск, просп. Фрунзе, д. 90",tomskpsb,RUB,https://www.banki.ru/products/credits/credit/5163/,22.0,22.0,,20000,150000,,31,1825,1m,5y,,e37d87e8fe309e88764c0a8fa023768d942cfd3e1e177d0577b8cec5c7ae4b0e,True,2026-08-24 13:50:38,,22%,,,20 000–150 000 ₽,4,,,,,,,,
19434,516403,credit,Целевой (под залог недвижимого имущества),Целевой (под залог недвижимого имущества),https://www.banki.ru/products/credits/credit/5164/,https://cdn.banki.ru/cdn/bank/191760_mobile_logo_url.png,15.12.2025 16:42,191760,1917601,bank,Томскпромстройбанк,https://cdn.banki.ru/cdn/bank/191760_mobile_logo_url.png,1720,www.tpsbank.tomsk.ru,+7 (3822) 26-59-31,"634061, г. Томск, просп. Фрунзе, д. 90",tomskpsb,RUB,https://www.banki.ru/products/credits/credit/5164/,21.3,21.3,,1000000,15000000,,305,3650,10m,10y,,46eac376658586f2f2ba9dd4aea22e93cda90dd15c54a280e52b7a9ca43576d1,True,2026-08-24 13:50:38,,"21,3%",,,1 000 000–15 000 000 ₽,4,,,,,,,,
19433,516203,credit,Нецелевой (под залог недвижимости),Нецелевой (под залог недвижимости),https://www.banki.ru/products/credits/credit/5162/,https://cdn.banki.ru/cdn/bank/191760_mobile_logo_url.png,15.12.2025 16:41,191760,1917601,bank,Томскпромстройбанк,https://cdn.banki.ru/cdn/bank/191760_mobile_logo_url.png,1720,www.tpsbank.tomsk.ru,+7 (3822) 26-59-31,"634061, г. Томск, просп. Фрунзе, д. 90",tomskpsb,RUB,https://www.banki.ru/products/credits/credit/5162/,21.3,21.3,,100000,999000,,305,2190,10m,6y,,fad6384addd2ba4025599cd24722e571827a4a1445f4e6e0a693e05b0801ffa6,True,2026-08-24 13:50:38,,"21,3%",,,100 000–999 000 ₽,4,,,,,,,,
16794,191603,credit,Целевой (под залог движимого имущества),Целевой (под залог движимого имущества),https://www.banki.ru/products/credits/credit/1916/,https://cdn.banki.ru/cdn/bank/191760_mobile_logo_url.png,15.12.2025 16:41,191760,1917601,bank,Томскпромстройбанк,https://cdn.banki.ru/cdn/bank/191760_mobile_logo_url.png,1720,www.tpsbank.tomsk.ru,+7 (3822) 26-59-31,"634061, г. Томск, просп. Фрунзе, д. 90",tomskpsb,RUB,https://www.banki.ru/products/credits/credit/1916/,21.5,21.5,,1000000,15000000,,305,1825,10m,5y,,a8e7676e3dc866c21a3f6e960ba878169100ee05a23d454c60898cfe163135dd,True,2026-08-24 13:50:38,,"21,5%",,,1 000 000–15 000 000 ₽,4,,,,,,,,
16779,139203,credit,Нецелевой (под залог движимого имущества),Нецелевой (под залог движимого имущества),https://www.banki.ru/products/credits/credit/1392/,https://cdn.banki.ru/cdn/bank/191760_mobile_logo_url.png,15.12.2025 16:41,191760,1917601,bank,Томскпромстройбанк,https://cdn.banki.ru/cdn/bank/191760_mobile_logo_url.png,1720,www.tpsbank.tomsk.ru,+7 (3822) 26-59-31,"634061, г. Томск, просп. Фрунзе, д. 90",tomskpsb,RUB,https://www.banki.ru/products/credits/credit/1392/,21.5,21.5,,100000,999000,,305,1825,10m,5y,,eafb4908c9aa361e311065f5bd34d98dfbe83e219d5e8b0938feea097df0eb6d,True,2026-08-24 13:50:38,,"21,5%",,,100 000–999 000 ₽,4,,,,,,,,
17234,516303,credit,Нецелевой,Нецелевой,https://www.banki.ru/products/credits/credit/5163/,https://cdn.banki.ru/cdn/bank/191760_mobile_logo_url.png,15.12.2025 16:40,191760,1917601,bank,Томскпромстройбанк,https://cdn.banki.ru/cdn/bank/191760_mobile_logo_url.png,1720,www.tpsbank.tomsk.ru,+7 (3822) 26-59-31,"634061, г. Томск, просп. Фрунзе, д. 90",tomskpsb,RUB,https://www.banki.ru/products/credits/credit/5163/,23.0,23.0,,20000,150000,,31,1825,1m,5y,,9239485c913f1f4d1913a0808f900a75ae7594e4dca6efae9684527e701a5344,True,2026-08-24 13:50:38,,23%,,,20 000–150 000 ₽,4,,,,,,,,
19434,516403,credit,Целевой (под залог недвижимого имущества),Целевой (под залог недвижимого имущества),https://www.banki.ru/products/credits/credit/5164/,https://cdn.banki.ru/cdn/bank/191760_mobile_logo_url.png,19.06.2026 17:10,191760.0,1917601.0,bank,Томскпромстройбанк,https://cdn.banki.ru/cdn/bank/191760_mobile_logo_url.png,1720,www.tpsbank.tomsk.ru,+7 (3822) 26-59-31,"634061, г. Томск, просп. Фрунзе, д. 90",tomskpsb,RUB,https://www.banki.ru/products/credits/credit/5164/,20.3,20.3,,1000000,15000000,,305,3650,10m,10y,,e2ab7fb2f0bd2b9ca54d7b63030b61e741a55883307247db4d82709de75d497e,True,2026-08-24 13:50:38,,"20,3%",,,1 000 000–15 000 000 ₽,4,,,,,,,,
19433,516203,credit,Нецелевой (под залог недвижимости),Нецелевой (под залог недвижимости),https://www.banki.ru/products/credits/credit/5162/,https://cdn.banki.ru/cdn/bank/191760_mobile_logo_url.png,19.06.2026 16:38,191760.0,1917601.0,bank,Томскпромстройбанк,https://cdn.banki.ru/cdn/bank/191760_mobile_logo_url.png,1720,www.tpsbank.tomsk.ru,+7 (3822) 26-59-31,"634061, г. Томск, просп. Фрунзе, д. 90",tomskpsb,RUB,https://www.banki.ru/products/credits/credit/5162/,20.3,20.3,,100000,999000,,305,2190,10m,6y,,2546bd277f7bfa3897c45378578d9e7dd17162be2c036872cd067e1bd2be9038,True,2026-08-24 13:50:38,,"20,3%",,,100 000–999 000 ₽,4,,,,,,,,
16794,191603,credit,Целевой (под залог движимого имущества),Целевой (под залог движимого имущества),https://www.banki.ru/products/credits/credit/1916/,https://cdn.banki.ru/cdn/bank/191760_mobile_logo_url.png,19.06.2026 16:56,191760.0,1917601.0,bank,Томскпромстройбанк,https://cdn.banki.ru/cdn/bank/191760_mobile_logo_url.png,1720,www.tpsbank.tomsk.ru,+7 (3822) 26-59-31,"634061, г. Томск, просп. Фрунзе, д. 90",tomskpsb,RUB,https://www.banki.ru/products/credits/credit/1916/,20.5,20.5,,1000000,15000000,,305,1825,10m,5y,,aa49af130d7d40dd8b32fbd19d10ac8f396b0754cace711cef9c5791c6d2099b,True,2026-08-24 13:50:38,,"20,5%",,,1 000 000–15 000 000 ₽,4,,,,,,,,
16779,139203,credit,Нецелевой (под залог движимого имущества),Нецелевой (под залог движимого имущества),https://www.banki.ru/products/credits/credit/1392/,https://cdn.banki.ru/cdn/bank/191760_mobile_logo_url.png,19.06.2026 16:37,191760.0,1917601.0,bank,Томскпромстройбанк,https://cdn.banki.ru/cdn/bank/191760_mobile_logo_url.png,1720,www.tpsbank.tomsk.ru,+7 (3822) 26-59-31,"634061, г. Томск, просп. Фрунзе, д. 90",tomskpsb,RUB,https://www.banki.ru/products/credits/credit/1392/,20.5,20.5,,100000,999000,,305,1825,10m,5y,,b492e11732976f1fa8ce0999b82a51fc5c3145188f26d3eb419ef1a7ff95632b,True,2026-08-24 13:50:38,,"20,5%",,,100 000–999 000 ₽,4,,,,,,,,
17234,516303,credit,Нецелевой,Нецелевой,https://www.banki.ru/products/credits/credit/5163/,https://cdn.banki.ru/cdn/bank/191760_mobile_logo_url.png,19.06.2026 16:37,191760.0,1917601.0,bank,Томскпромстройбанк,https://cdn.banki.ru/cdn/bank/191760_mobile_logo_url.png,1720,www.tpsbank.tomsk.ru,+7 (3822) 26-59-31,"634061, г. Томск, просп. Фрунзе, д. 90",tomskpsb,RUB,https://www.banki.ru/products/credits/credit/5163/,22.0,22.0,,20000,150000,,31,1825,1m,5y,,5b007331f4982b1daa774a5cbb9a528dc4ca4d399baa903c66f076a37ae0620f,True,2026-08-24 13:50:38,,22%,,,20 000–150 000 ₽,4,,,,,,,,
18974,20113803,credit,Твой выбор (с обеспечением),Твой выбор (с обеспечением),https://www.banki.ru/products/credits/credit/201138/,https://cdn.banki.ru/cdn/bank/195190_mobile_logo_url.png,24.06.2026 15:36,195190.0,1951901.0,bank,Владбизнесбанк,https://cdn.banki.ru/cdn/bank/195190_mobile_logo_url.png,903,www.vlbb.ru,+7 (4922) 77-91-82,"600015, г. Владимир, просп. Ленина, д. 35",vladbiznesbank,RUB,https://www.banki.ru/products/credits/credit/201138/,15.0,21.5,,1000001,3000000,,397,1825,37m,5y,,8b23758ddcc879b0bb8bbe151568782a6db23c73355ac88a5aadc305406d5847,True,2026-08-24 13:50:38,,"15–21,5%",,,1 000 001–3 000 000 ₽,4,,,,,,,,
17570,20097103,credit,Бюджетный,Бюджетный,https://www.banki.ru/products/credits/credit/200971/,https://cdn.banki.ru/cdn/bank/195190_mobile_logo_url.png,24.06.2026 15:36,195190.0,1951901.0,bank,Владбизнесбанк,https://cdn.banki.ru/cdn/bank/195190_mobile_logo_url.png,903,www.vlbb.ru,+7 (4922) 77-91-82,"600015, г. Владимир, просп. Ленина, д. 35",vladbiznesbank,RUB,https://www.banki.ru/products/credits/credit/200971/,17.9,21.9,,30000,1000000,,397,1825,13m,5y,,8db1425107b602391334671dceff08ebc12c541f6232f863c4884c4059c50506,True,2026-08-24 13:50:38,,"17,9–21,9%",,,30 000–1 000 000 ₽,4,,,,,,,,
16913,378903,credit,Проще не бывает,Проще не бывает,https://www.banki.ru/products/credits/credit/3789/,https://cdn.banki.ru/cdn/bank/195190_mobile_logo_url.png,24.06.2026 15:36,195190.0,1951901.0,bank,Владбизнесбанк,https://cdn.banki.ru/cdn/bank/195190_mobile_logo_url.png,903,www.vlbb.ru,+7 (4922) 77-91-82,"600015, г. Владимир, просп. Ленина, д. 35",vladbiznesbank,RUB,https://www.banki.ru/products/credits/credit/3789/,28.0,28.0,,50000,100000,,397,730,13m,2y,,ee60bf97f0b888427b0a6afd508a2a44c0b15d01b2aaf3ae32c5feccfc315b4c,True,2026-08-24 13:50:38,,28%,,,50 000–100 000 ₽,4,,,,,,,,
17225,515203,credit,Твой выбор,Твой выбор,https://www.banki.ru/products/credits/credit/5152/,https://cdn.banki.ru/cdn/bank/195190_mobile_logo_url.png,24.06.2026 15:36,195190.0,1951901.0,bank,Владбизнесбанк,https://cdn.banki.ru/cdn/bank/195190_mobile_logo_url.png,903,www.vlbb.ru,+7 (4922) 77-91-82,"600015, г. Владимир, просп. Ленина, д. 35",vladbiznesbank,RUB,https://www.banki.ru/products/credits/credit/5152/,15.0,26.9,,100000,1000000,,397,1825,37m,5y,,44c67003ad5a718fba11685e55562fed1dbb9b48e697644c46b4c0483a49f40c,True,2026-08-24 13:50:38,,"15–26,9%",,,100 000–1 000 000 ₽,4,,,,,,,,
17194,510903,credit,На любые цели,На любые цели,https://www.banki.ru/products/credits/credit/5109/,https://cdn.banki.ru/cdn/bank/193992_mobile_logo_url.png,18.11.2025 18:52,193992,1939921,bank,Датабанк,https://cdn.banki.ru/cdn/bank/193992_mobile_logo_url.png,646,www.databank.ru,8 800 301-91-91,"426076, Удмуртская Республика, г. Ижевск, ул. Ленина, д. 30
",izhcombank,RUB,https://www.banki.ru/products/credits/credit/5109/,23.0,29.0,,10000,3000000,,365,1825,1y,5y,,a94124aee855db7042cd427fb90e3ab42c1e2e0fcdeb25c882680327077a9d35,True,2026-08-24 13:50:38,,23–29%,,,10 000–3 000 000 ₽,4,,,,,,,,
17010,446203,credit,Максимум возможностей ,Максимум возможностей ,https://www.banki.ru/products/credits/credit/4462/,https://cdn.banki.ru/cdn/bank/196690_mobile_logo_url.png,19.01.2026 16:13,196690,1966901,bank,Новокиб,https://cdn.banki.ru/cdn/bank/196690_mobile_logo_url.png,1747,www.novokib.ru,+7 (3843) 32-21-11,"654080, Кемеровская область-Кузбасс, г. Новокузнецк, ул. Свердлова, д. 7",novokib,RUB,https://www.banki.ru/products/credits/credit/4462/,25.0,30.0,,50000,100000,,396,1825,13m,5y,,50cf5db7f52e05e6068a6a357a3e44acb094bfec95ad0d5335f6c26d2421e35a,True,2026-08-24 13:50:38,,25–30%,,,50 000–100 000 ₽,4,,,,,,,,
16826,293503,credit,Максимум возможностей (с обеспечением),Максимум возможностей (с обеспечением),https://www.banki.ru/products/credits/credit/2935/,https://cdn.banki.ru/cdn/bank/196690_mobile_logo_url.png,25.06.2026 17:04,196690.0,1966901.0,bank,Новокиб,https://cdn.banki.ru/cdn/bank/196690_mobile_logo_url.png,1747,www.novokib.ru,+7 (3843) 32-21-11,"654080, Кемеровская область-Кузбасс, г. Новокузнецк, ул. Свердлова, д. 7",novokib,RUB,https://www.banki.ru/products/credits/credit/2935/,23.0,23.0,,500001,5000000,,397,1825,13m,5y,,2158979824c5e7720857f8bb615c16e88a00a9adb96f6af3517151afaf1dbcf6,True,2026-08-24 13:50:38,,23%,,,500 001–5 000 000 ₽,4,,,,,,,,
17010,446203,credit,Максимум возможностей ,Максимум возможностей ,https://www.banki.ru/products/credits/credit/4462/,https://cdn.banki.ru/cdn/bank/196690_mobile_logo_url.png,25.06.2026 17:04,196690.0,1966901.0,bank,Новокиб,https://cdn.banki.ru/cdn/bank/196690_mobile_logo_url.png,1747,www.novokib.ru,+7 (3843) 32-21-11,"654080, Кемеровская область-Кузбасс, г. Новокузнецк, ул. Свердлова, д. 7",novokib,RUB,https://www.banki.ru/products/credits/credit/4462/,23.0,28.0,,50000,500000,,396,1825,13m,5y,,642f32a35a43458202f0c1efb906594a620e2f31b2f71610339c1d7a25f959a7,True,2026-08-24 13:50:38,,23–28%,,,50 000–500 000 ₽,4,,,,,,,,
16827,293703,credit,Пенсионер,Пенсионер,https://www.banki.ru/products/credits/credit/2937/,https://cdn.banki.ru/cdn/bank/196690_mobile_logo_url.png,25.06.2026 17:15,196690.0,1966901.0,bank,Новокиб,https://cdn.banki.ru/cdn/bank/196690_mobile_logo_url.png,1747,www.novokib.ru,+7 (3843) 32-21-11,"654080, Кемеровская область-Кузбасс, г. Новокузнецк, ул. Свердлова, д. 7",novokib,RUB,https://www.banki.ru/products/credits/credit/2937/,23.0,28.0,,50000,300000,,397,1095,13m,3y,,a4f41dd04293cdfa3bde4a99270dca845915c8d5daa7c1ed9f452993e11ad1d9,True,2026-08-24 13:50:38,,23–28%,,,50 000–300 000 ₽,4,,,,,,,,
17108,491603,credit,Экспресс,Экспресс,https://www.banki.ru/products/credits/credit/4916/,https://cdn.banki.ru/cdn/bank/196690_mobile_logo_url.png,25.06.2026 17:21,196690.0,1966901.0,bank,Новокиб,https://cdn.banki.ru/cdn/bank/196690_mobile_logo_url.png,1747,www.novokib.ru,+7 (3843) 32-21-11,"654080, Кемеровская область-Кузбасс, г. Новокузнецк, ул. Свердлова, д. 7",novokib,RUB,https://www.banki.ru/products/credits/credit/4916/,30.0,30.0,,100000,100000,,1095,1095,3y,3y,,aadc43af41e5d24f404d1316c1736ec4f5139092a19ec9409083065b657c555c,True,2026-08-24 13:50:38,,30%,,,100 000 ₽,4,,,,,,,,
16804,257503,credit,Под поручительство,Под поручительство,https://www.banki.ru/products/credits/credit/2575/,https://cdn.banki.ru/cdn/bank/189235_mobile_logo_url.png,29.06.2026 14:32,189235.0,1892351.0,bank,БСТ-Банк,https://cdn.banki.ru/cdn/bank/189235_mobile_logo_url.png,2883,www.bstbank.ru,+7 (3843) 77-88-88,"654041, Кемеровская обл., г. Новокузнецк, ул. Кутузова, д. 31",bstbank,RUB,https://www.banki.ru/products/credits/credit/2575/,27.9,27.9,,20000,500000,,365,1825,1y,5y,,dee756e6225040d4522b1266418527e425de7dc6898cc8ba80f9aaf611aa3324,True,2026-08-24 13:50:38,,"27,9%",,,20 000–500 000 ₽,4,,,,,,,,
16798,207303,credit,2+2,2+2,https://www.banki.ru/products/credits/credit/2073/,https://cdn.banki.ru/cdn/bank/189235_mobile_logo_url.png,29.06.2026 14:30,189235.0,1892351.0,bank,БСТ-Банк,https://cdn.banki.ru/cdn/bank/189235_mobile_logo_url.png,2883,www.bstbank.ru,+7 (3843) 77-88-88,"654041, Кемеровская обл., г. Новокузнецк, ул. Кутузова, д. 31",bstbank,RUB,https://www.banki.ru/products/credits/credit/2073/,27.9,27.9,,20000,400000,,1460,1460,4y,4y,,a4c87c057d8a80fa12505ea41dd8bc7640833fe9e64f3a393ebbf8f099efb394,True,2026-08-24 13:50:38,,"27,9%",,,20 000–400 000 ₽,4,,,,,,,,
17168,506303,credit,Наличными,Наличными,https://www.banki.ru/products/credits/credit/5063/,https://cdn.banki.ru/cdn/bank/192833_mobile_logo_url.png,19.11.2025 12:32,192833,1928331,bank,Азиатско-Тихоокеанский банк (АТБ),https://cdn.banki.ru/cdn/bank/192833_mobile_logo_url.png,1810,www.atb.su,8 800 775-88-88,"675000, Амурская обл., г. Благовещенск, ул. Амурская, д. 225
",atb,RUB,https://www.banki.ru/products/credits/credit/5063/,20.8,41.5,,30000,5000000,,366,2555,12m,7y,,9988f2e88a61da8b91cb9415a367a1e602891a510ab75571be9b4ea43baa3fa1,True,2026-08-24 13:50:38,,"20,8–41,5%",,,30 000–5 000 000 ₽,4,,,,,,,,
16798,207303,credit,2+2,2+2,https://www.banki.ru/products/credits/credit/2073/,https://cdn.banki.ru/cdn/bank/189235_mobile_logo_url.png,07.04.2026 14:34,189235,1892351,bank,БСТ-Банк,https://cdn.banki.ru/cdn/bank/189235_mobile_logo_url.png,2883,www.bstbank.ru,+7 (3843) 77-88-88,"654041, Кемеровская обл., г. Новокузнецк, ул. Кутузова, д. 31",bstbank,RUB,https://www.banki.ru/products/credits/credit/2073/,28.9,28.9,,20000,400000,,1460,1460,4y,4y,,171dfc7f0c16d78f03faaf68c482c90fb651983faa8ac195759cd965ece5006d,True,2026-08-24 13:50:38,,"28,9%",,,20 000–400 000 ₽,4,,,,,,,,
16826,293503,credit,Максимум возможностей (с обеспечением),Максимум возможностей (с обеспечением),https://www.banki.ru/products/credits/credit/2935/,https://cdn.banki.ru/cdn/bank/196690_mobile_logo_url.png,25.06.2026 17:04,196690,1966901,bank,Новокиб,https://cdn.banki.ru/cdn/bank/196690_mobile_logo_url.png,1747,www.novokib.ru,+7 (3843) 32-21-11,"654080, Кемеровская область-Кузбасс, г. Новокузнецк, ул. Свердлова, д. 7",novokib,RUB,https://www.banki.ru/products/credits/credit/2935/,23.0,23.0,,500001,5000000,,397,1825,13m,5y,,5123080f1fa75a2c75751e5c5ef29368585d9f5237549dca18f50857cac68b32,True,2026-08-24 13:50:38,,23%,,,500 001–5 000 000 ₽,4,,,,,,,,
17010,446203,credit,Максимум возможностей ,Максимум возможностей ,https://www.banki.ru/products/credits/credit/4462/,https://cdn.banki.ru/cdn/bank/196690_mobile_logo_url.png,25.06.2026 17:04,196690,1966901,bank,Новокиб,https://cdn.banki.ru/cdn/bank/196690_mobile_logo_url.png,1747,www.novokib.ru,+7 (3843) 32-21-11,"654080, Кемеровская область-Кузбасс, г. Новокузнецк, ул. Свердлова, д. 7",novokib,RUB,https://www.banki.ru/products/credits/credit/4462/,23.0,28.0,,50000,500000,,396,1825,13m,5y,,b9213df1382822a386998042617cd3282c38c9d1abc1f372962f174268d55f8c,True,2026-08-24 13:50:38,,23–28%,,,50 000–500 000 ₽,4,,,,,,,,
16827,293703,credit,Пенсионер,Пенсионер,https://www.banki.ru/products/credits/credit/2937/,https://cdn.banki.ru/cdn/bank/196690_mobile_logo_url.png,25.06.2026 17:15,196690,1966901,bank,Новокиб,https://cdn.banki.ru/cdn/bank/196690_mobile_logo_url.png,1747,www.novokib.ru,+7 (3843) 32-21-11,"654080, Кемеровская область-Кузбасс, г. Новокузнецк, ул. Свердлова, д. 7",novokib,RUB,https://www.banki.ru/products/credits/credit/2937/,23.0,28.0,,50000,300000,,397,1095,13m,3y,,f5f51022f92e521ccc1109d896bfb957209628af01360dff2c2e16f9c50d520f,True,2026-08-24 13:50:38,,23–28%,,,50 000–300 000 ₽,4,,,,,,,,
16798,207303,credit,2+2,2+2,https://www.banki.ru/products/credits/credit/2073/,https://cdn.banki.ru/cdn/bank/189235_mobile_logo_url.png,16.12.2025 17:55,189235,1892351,bank,БСТ-Банк,https://cdn.banki.ru/cdn/bank/189235_mobile_logo_url.png,2883,www.bstbank.ru,+7 (3843) 77-88-88,"654041, Кемеровская обл., г. Новокузнецк, ул. Кутузова, д. 31
",bstbank,RUB,https://www.banki.ru/products/credits/credit/2073/,28.9,28.9,,20000,500000,,31,1825,1m,5y,,1a4162109157970fb60898c0206318dc3b9ee0444275ac007466c3998abb4c0c,True,2026-08-24 13:50:38,,"28,9%",,,20 000–500 000 ₽,4,,,,,,,,
16804,257503,credit,Под поручительство,Под поручительство,https://www.banki.ru/products/credits/credit/2575/,https://cdn.banki.ru/cdn/bank/189235_mobile_logo_url.png,16.12.2025 17:56,189235,1892351,bank,БСТ-Банк,https://cdn.banki.ru/cdn/bank/189235_mobile_logo_url.png,2883,www.bstbank.ru,+7 (3843) 77-88-88,"654041, Кемеровская обл., г. Новокузнецк, ул. Кутузова, д. 31
",bstbank,RUB,https://www.banki.ru/products/credits/credit/2575/,28.9,28.9,,20000,500000,,365,1825,1y,5y,,fedaa2415dc81d66b1a65bfa7f47fa5e6403aed64bce3850b7576d59f62db1ec,True,2026-08-24 13:50:38,,"28,9%",,,20 000–500 000 ₽,4,,,,,,,,
16804,257503,credit,Под поручительство,Под поручительство,https://www.banki.ru/products/credits/credit/2575/,https://cdn.banki.ru/cdn/bank/189235_mobile_logo_url.png,09.06.2026 17:39,189235,1892351,bank,БСТ-Банк,https://cdn.banki.ru/cdn/bank/189235_mobile_logo_url.png,2883,www.bstbank.ru,+7 (3843) 77-88-88,"654041, Кемеровская обл., г. Новокузнецк, ул. Кутузова, д. 31",bstbank,RUB,https://www.banki.ru/products/credits/credit/2575/,27.9,27.9,,20000,500000,,365,1825,1y,5y,,94def6f984c6f8eaa4b5feabb11c4f7b3c84ff924dee11e083b6f70836a9b5cf,True,2026-08-24 13:50:38,,"27,9%",,,20 000–500 000 ₽,4,,,,,,,,
16798,207303,credit,2+2,2+2,https://www.banki.ru/products/credits/credit/2073/,https://cdn.banki.ru/cdn/bank/189235_mobile_logo_url.png,09.06.2026 17:39,189235,1892351,bank,БСТ-Банк,https://cdn.banki.ru/cdn/bank/189235_mobile_logo_url.png,2883,www.bstbank.ru,+7 (3843) 77-88-88,"654041, Кемеровская обл., г. Новокузнецк, ул. Кутузова, д. 31",bstbank,RUB,https://www.banki.ru/products/credits/credit/2073/,27.9,27.9,,20000,400000,,1460,1460,4y,4y,,6d6ab0e8395d39a2adc4acee9dfaf8eba2ce77c8197cbfd8f644272ac93ab290,True,2026-08-24 13:50:38,,"27,9%",,,20 000–400 000 ₽,4,,,,,,,,
16826,293503,credit,Максимум возможностей (с обеспечением),Максимум возможностей (с обеспечением),https://www.banki.ru/products/credits/credit/2935/,https://cdn.banki.ru/cdn/bank/196690_mobile_logo_url.png,15.12.2025 18:03,196690,1966901,bank,Новокиб,https://cdn.banki.ru/cdn/bank/196690_mobile_logo_url.png,1747,www.novokib.ru,+7 (3843) 32-21-11,"654080, Кемеровская область-Кузбасс, г. Новокузнецк, ул. Свердлова, д. 7",novokib,RUB,https://www.banki.ru/products/credits/credit/2935/,24.0,24.0,,500001,5000000,,397,1825,13m,5y,,a59ac93abd33cfc322b9a51568160556d2300fa3f59f7ba1b0d8ee8a4957d083,True,2026-08-24 13:50:38,,24%,,,500 001–5 000 000 ₽,4,,,,,,,,
17010,446203,credit,Максимум возможностей ,Максимум возможностей ,https://www.banki.ru/products/credits/credit/4462/,https://cdn.banki.ru/cdn/bank/196690_mobile_logo_url.png,15.12.2025 17:56,196690,1966901,bank,Новокиб,https://cdn.banki.ru/cdn/bank/196690_mobile_logo_url.png,1747,www.novokib.ru,+7 (3843) 32-21-11,"654080, Кемеровская область-Кузбасс, г. Новокузнецк, ул. Свердлова, д. 7",novokib,RUB,https://www.banki.ru/products/credits/credit/4462/,25.0,30.0,,50000,500000,,396,1825,13m,5y,,7927d992cd6f5670c8eca0f63d8ddea6526d9ad0e2e3b989bd45ae0118df6d03,True,2026-08-24 13:50:38,,25–30%,,,50 000–500 000 ₽,4,,,,,,,,
16827,293703,credit,Пенсионер,Пенсионер,https://www.banki.ru/products/credits/credit/2937/,https://cdn.banki.ru/cdn/bank/196690_mobile_logo_url.png,15.12.2025 18:12,196690,1966901,bank,Новокиб,https://cdn.banki.ru/cdn/bank/196690_mobile_logo_url.png,1747,www.novokib.ru,+7 (3843) 32-21-11,"654080, Кемеровская область-Кузбасс, г. Новокузнецк, ул. Свердлова, д. 7",novokib,RUB,https://www.banki.ru/products/credits/credit/2937/,25.0,30.0,,50000,300000,,397,1095,13m,3y,,b12289f7985de36f7462dd3e61a5c5415fe4dc18c311544d7dc417e82b475de0,True,2026-08-24 13:50:38,,25–30%,,,50 000–300 000 ₽,4,,,,,,,,
17003,441303,credit,На образование,На образование,https://www.banki.ru/products/credits/credit/4413/,https://cdn.banki.ru/cdn/bank/196690_mobile_logo_url.png,15.12.2025 17:30,196690,1966901,bank,Новокиб,https://cdn.banki.ru/cdn/bank/196690_mobile_logo_url.png,1747,www.novokib.ru,+7 (3843) 32-21-11,"654080, Кемеровская область-Кузбасс, г. Новокузнецк, ул. Свердлова, д. 7",novokib,RUB,https://www.banki.ru/products/credits/credit/4413/,27.0,27.0,,100000,500000,,397,3650,13m,10y,,35500a8c7e81a3ff2f12e80cda9ba4a770c5491e2f980211a6ab203d315e261f,True,2026-08-24 13:50:38,,27%,,,100 000–500 000 ₽,4,,,,,,,,
17108,491603,credit,Экспресс,Экспресс,https://www.banki.ru/products/credits/credit/4916/,https://cdn.banki.ru/cdn/bank/196690_mobile_logo_url.png,15.12.2025 17:42,196690,1966901,bank,Новокиб,https://cdn.banki.ru/cdn/bank/196690_mobile_logo_url.png,1747,www.novokib.ru,+7 (3843) 32-21-11,"654080, Кемеровская область-Кузбасс, г. Новокузнецк, ул. Свердлова, д. 7",novokib,RUB,https://www.banki.ru/products/credits/credit/4916/,30.0,30.0,,100000,100000,,1095,1095,3y,3y,,8269d2fe156c3abaef5a192e1d8c9c614b552da8049b19cde6f142a0dfe8102c,True,2026-08-24 13:50:38,,30%,,,100 000 ₽,4,,,,,,,,
17147,501903,credit,Наличными,Наличными,https://www.banki.ru/products/credits/credit/5019/,https://cdn.banki.ru/cdn/bank/16196_mobile_logo_url.png,22.12.2025 12:29,16196,161961,bank,ОТП Банк,https://cdn.banki.ru/cdn/bank/16196_mobile_logo_url.png,2766,www.otpbank.ru,+7 (495) 775-47-75,"125171, г. Москва, Ленинградское ш., д. 16а, стр. 2",otpbank,RUB,https://www.banki.ru/products/credits/credit/5019/,13.9,51.9,,15000,3000000,,365,2555,1y,7y,,a4cd14c9503b9a98a80d80f146afeb858397dbdb234930638d6dc01c91ca6ec8,True,2026-08-24 13:50:38,,"13,9–51,9%",,,15 000–3 000 000 ₽,4,,,,,,,,
16872,347403,credit,Наличными,Наличными,https://www.banki.ru/products/credits/credit/3474/,https://cdn.banki.ru/cdn/bank/9011_mobile_logo_url.png,22.12.2025 12:05,9011,90111,bank,Металлинвестбанк,https://cdn.banki.ru/cdn/bank/9011_mobile_logo_url.png,2440,www.metallinvestbank.ru,8 800 250-97-97,"119180, г. Москва, ул. Большая Полянка, д. 47, стр. 2",metallinvestbank,RUB,https://www.banki.ru/products/credits/credit/3474/,20.0,37.0,,30000,3000000,,183,1825,6m,5y,,e4d9807a1fe6f0d81c8564fd954475aaae72a8cfd9bc9067fbc21151f77e27a2,True,2026-08-24 13:50:38,,20–37%,,,30 000–3 000 000 ₽,4,,,,,,,,
17330,20073103,credit,Под залог автомобиля,Под залог автомобиля,https://www.banki.ru/products/credits/credit/200731/,https://cdn.banki.ru/cdn/bank/9011_mobile_logo_url.png,22.12.2025 12:07,9011,90111,bank,Металлинвестбанк,https://cdn.banki.ru/cdn/bank/9011_mobile_logo_url.png,2440,www.metallinvestbank.ru,8 800 250-97-97,"119180, г. Москва, ул. Большая Полянка, д. 47, стр. 2",metallinvestbank,RUB,https://www.banki.ru/products/credits/credit/200731/,17.5,33.5,,300000,5000000,,397,1825,13m,5y,,00fd8763e1d4c5469ca58f5868251ec38c7ba3bdfe31220cee54fea1de185b6b,True,2026-08-24 13:50:38,,"17,5–33,5%",,,300 000–5 000 000 ₽,4,,,,,,,,
17168,506303,credit,Наличными,Наличными,https://www.banki.ru/products/credits/credit/5063/,https://cdn.banki.ru/cdn/bank/192833_mobile_logo_url.png,24.12.2025 13:15,192833,1928331,bank,Азиатско-Тихоокеанский банк (АТБ),https://cdn.banki.ru/cdn/bank/192833_mobile_logo_url.png,1810,www.atb.su,8 800 775-88-88,"675000, Амурская обл., г. Благовещенск, ул. Амурская, д. 225",atb,RUB,https://www.banki.ru/products/credits/credit/5063/,20.5,41.5,,30000,5000000,,366,2555,12m,7y,,58add1409891ff8b3f3d26b0fb86c0c6191e13c16e5743043f8544429a195042,True,2026-08-24 13:50:38,,"20,5–41,5%",,,30 000–5 000 000 ₽,4,,,,,,,,
16760,80803,credit,Приватный,Приватный,https://www.banki.ru/products/credits/credit/808/,,10.12.2025 16:45,162995,1629951,bank,ЮГ-Инвестбанк,,2772,www.invb.ru,8 800 707-34-56,"350000, г. Краснодар, ул. Красная, д. 113",yug-investbank,RUB,https://www.banki.ru/products/credits/credit/808/,19.9,26.9,,10000,15000000,,365,1825,5y,5y,,348cc5b4d79047164b3a3944b01301264b613a4c3383ccdda8d828e809379684,True,2026-08-24 13:50:38,,"19,9–26,9%",,,10 000–15 000 000 ₽,4,,,,,,,,
16761,81403,credit,Автозалог,Автозалог,https://www.banki.ru/products/credits/credit/814/,,10.12.2025 16:47,162995,1629951,bank,ЮГ-Инвестбанк,,2772,www.invb.ru,8 800 707-34-56,"350000, г. Краснодар, ул. Красная, д. 113",yug-investbank,RUB,https://www.banki.ru/products/credits/credit/814/,19.9,24.4,,100000,10000000,,365,2555,7y,7y,,527ac63abd8ae1ca66e8e38826b587f6ab3c648db5202773ff85e228d95fca68,True,2026-08-24 13:50:38,,"19,9–24,4%",,,100 000–10 000 000 ₽,4,,,,,,,,
19316,81703,credit,Залог недвижимости,Залог недвижимости,https://www.banki.ru/products/credits/credit/817/,,10.12.2025 16:49,162995,1629951,bank,ЮГ-Инвестбанк,,2772,www.invb.ru,8 800 707-34-56,"350000, г. Краснодар, ул. Красная, д. 113",yug-investbank,RUB,https://www.banki.ru/products/credits/credit/817/,19.9,23.9,,500000,10000000,,365,3650,10y,10y,,57d192f899e21286499ece1a8d00718ee99f73e09e943ef638556349c0506681,True,2026-08-24 13:50:38,,"19,9–23,9%",,,500 000–10 000 000 ₽,4,,,,,,,,
19498,20109603,credit,На любые цели,На любые цели,https://www.banki.ru/products/credits/credit/201096/,,01.12.2025 17:02,194197,1941971,bank,Банк «Приобье»,,537,www.priobye.ru,+7 (3466) 61-10-10,"628616, Ханты-Мансийский АО — Югра, г. Нижневартовск, просп. Победы, д. 18а
",priobye,RUB,https://www.banki.ru/products/credits/credit/201096/,22.0,25.0,,50000,1000000,,31,1825,1m,5y,,38bfb0e03018bec6c61f390debac138a46b121171a9d28968b443b51c312a750,True,2026-08-24 13:50:38,,22–25%,,,50 000–1 000 000 ₽,4,,,,,,,,
19374,419503,credit,На любые цели,На любые цели,https://www.banki.ru/products/credits/credit/4195/,https://cdn.banki.ru/cdn/bank/192855_mobile_logo_url.png,11.12.2025 18:44,192855,1928551,bank,Банк «Ермак»,https://cdn.banki.ru/cdn/bank/192855_mobile_logo_url.png,1809,www.bankermak.ru,+7 (3466) 49-50-00,"628624, Ханты-Мансийский автономный округ — Югра, г. Нижневартовск, ул. Мира, д. 68",ermak,RUB,https://www.banki.ru/products/credits/credit/4195/,16.0,17.0,,50000,10000000,,92,3650,2y,10y,,cf70ba0f3fa045876ad63c45f841fafc9471fb75a4b363797334aa734729e9c3,True,2026-08-24 13:50:38,,16–17%,,,50 000–10 000 000 ₽,4,,,,,,,,
19498,20109603,credit,На любые цели,На любые цели,https://www.banki.ru/products/credits/credit/201096/,,12.12.2025 18:49,194197,1941971,bank,Банк «Приобье»,,537,www.priobye.ru,+7 (3466) 61-10-10,"628616, Ханты-Мансийский АО — Югра, г. Нижневартовск, просп. Победы, д. 18а",priobye,RUB,https://www.banki.ru/products/credits/credit/201096/,20.5,23.5,,50000,1000000,,31,1825,1m,5y,,2a9b3e4d6cf0ba13a30609a0ccfe88be22067d76883e91d041b630dc32bcd8a0,True,2026-08-24 13:50:38,,"20,5–23,5%",,,50 000–1 000 000 ₽,4,,,,,,,,
19492,20107903,credit,На любые цели,На любые цели,https://www.banki.ru/products/credits/credit/201079/,,29.06.2026 14:43,195691.0,1956911.0,bank,БАНК «КУРГАН»,,2568,www.bank45.ru,+7 (3522) 60-04-10,"640000, г. Курган, ул. Гоголя, д. 78",kurgan,RUB,https://www.banki.ru/products/credits/credit/201079/,20.0,30.0,,100000,15000000,,183,1825,6m,5y,,6bc328b42d70a6dec3deea0766baf71057570e9761e337767abe418e850232fe,True,2026-08-24 13:50:38,,20–30%,,,100 000–15 000 000 ₽,4,,,,,,,,
19492,20107903,credit,На любые цели,На любые цели,https://www.banki.ru/products/credits/credit/201079/,,29.06.2026 14:43,195691,1956911,bank,БАНК «КУРГАН»,,2568,www.bank45.ru,+7 (3522) 60-04-10,"640000, г. Курган, ул. Гоголя, д. 78",kurgan,RUB,https://www.banki.ru/products/credits/credit/201079/,20.0,30.0,,100000,15000000,,183,1825,6m,5y,,8d143932335edef801350f267782e83791d320a391805840f915668a6454592a,True,2026-08-24 13:50:38,,20–30%,,,100 000–15 000 000 ₽,4,,,,,,,,
19492,20107903,credit,На любые цели,На любые цели,https://www.banki.ru/products/credits/credit/201079/,,11.12.2025 18:26,195691,1956911,bank,БАНК «КУРГАН»,,2568,www.bank45.ru,+7 (3522) 60-04-10,"640000, г. Курган, ул. Гоголя, д. 78",kurgan,RUB,https://www.banki.ru/products/credits/credit/201079/,24.0,35.0,,100000,15000000,,183,1825,6m,5y,,71de266ea3c867c195a1a2cf7679648981626f49938dd380dbae8f7c08b5ba5a,True,2026-08-24 13:50:38,,24–35%,,,100 000–15 000 000 ₽,4,,,,,,,,
17164,505703,credit,Простой,Простой,https://www.banki.ru/products/credits/credit/5057/,,14.07.2026 12:21,193396,1933961,bank,Банк «ИТУРУП»,,2390,www.iturupbank.ru,8 800 301-53-11,"693000, Сахалинская обл., г. Южно-Сахалинск, Коммунистический пр-т, д. 32",iturup,RUB,https://www.banki.ru/products/credits/credit/5057/,21.9,21.9,,50000,3500000,,365,1825,1y,5y,,27d9dbdfdcce33485d579fc1dbb229457a20f7617effc38f5ca1126d7138fcb0,True,2026-08-24 13:50:38,,"21,9%",,,50 000–3 500 000 ₽,4,,,,,,,,
17209,513103,credit,Для индивидуальных предпринимателей,Для индивидуальных предпринимателей,https://www.banki.ru/products/credits/credit/5131/,,14.07.2026 12:31,193396,1933961,bank,Банк «ИТУРУП»,,2390,www.iturupbank.ru,8 800 301-53-11,"693000, Сахалинская обл., г. Южно-Сахалинск, Коммунистический пр-т, д. 32",iturup,RUB,https://www.banki.ru/products/credits/credit/5131/,22.25,24.0,,100000,7500000,,31,1095,1m,3y,,a71fe58f6f36932d5837617612cd940c7e3e97271e830f4b2601d9c737d2684f,True,2026-08-24 13:50:38,,"22,25–24%",,,100 000–7 500 000 ₽,4,,,,,,,,
19421,505803,credit,Простой (под залог),Простой (под залог),https://www.banki.ru/products/credits/credit/5058/,,14.07.2026 12:33,193396,1933961,bank,Банк «ИТУРУП»,,2390,www.iturupbank.ru,8 800 301-53-11,"693000, Сахалинская обл., г. Южно-Сахалинск, Коммунистический пр-т, д. 32",iturup,RUB,https://www.banki.ru/products/credits/credit/5058/,21.9,21.9,,3500001,7000000,,365,5475,1y,15y,,1e357f3d788b18ae46708fea4fc6992bb9f013addfcaf1e829d0a775c87a90d6,True,2026-08-24 13:50:38,,"21,9%",,,3 500 001–7 000 000 ₽,4,,,,,,,,
19341,305203,credit,На любые цели,На любые цели,https://www.banki.ru/products/credits/credit/3052/,https://cdn.banki.ru/cdn/bank/195652_mobile_logo_url.png,15.07.2026 17:33,195652,1956521,bank,Великие Луки банк,https://cdn.banki.ru/cdn/bank/195652_mobile_logo_url.png,598,www.vlb100.ru,+7 (81153) 5-71-29,"182110, Псковская обл., г. Великие Луки, ул. Комсомольская, д. 27а",velikie-luki-bank,RUB,https://www.banki.ru/products/credits/credit/3052/,16.5,19.0,,10000,3000000,,31,3650,1m,10y,,14d3b1abb85adc076aa2f860af697397612a103c591c72b8838232b744274ad4,True,2026-08-24 13:50:38,,"16,5–19%",,,10 000–3 000 000 ₽,4,,,,,,,,
19498,20109603,credit,На любые цели,На любые цели,https://www.banki.ru/products/credits/credit/201096/,,13.07.2026 14:54,194197,1941971,bank,Банк «Приобье»,,537,www.priobye.ru,+7 (3466) 61-10-10,"628616, Ханты-Мансийский АО — Югра, г. Нижневартовск, просп. Победы, д. 18а",priobye,RUB,https://www.banki.ru/products/credits/credit/201096/,19.5,20.5,,50000,1000000,,31,1825,1m,5y,,a0e19d8209c5e88bb2c481fc55970f01ff71bbf001ed0ef052be3d5120902b14,True,2026-08-24 13:50:38,,"19,5–20,5%",,,50 000–1 000 000 ₽,4,,,,,,,,
17197,511403,credit,На любые цели,На любые цели,https://www.banki.ru/products/credits/credit/5114/,,26.06.2026 15:31,138399.0,1383991.0,bank,ИТ Банк,,2609,www.itbank.ru,+7 (3812) 39-28-28,"644024, г. Омск, ул. Думская, д. 7",itbank,RUB,https://www.banki.ru/products/credits/credit/5114/,21.5,27.0,,10000,200000,,31,913,1m,6m2y,,7e101d681587bfe72e47d49ae54fe988c5673702818fad584caa921650de2ae2,True,2026-08-24 13:50:38,,"21,5–27%",,,10 000–200 000 ₽,4,,,,,,,,
16778,138703,credit,На любые цели (с обеспечением),На любые цели (с обеспечением),https://www.banki.ru/products/credits/credit/1387/,,26.06.2026 16:06,138399.0,1383991.0,bank,ИТ Банк,,2609,www.itbank.ru,+7 (3812) 39-28-28,"644024, г. Омск, ул. Думская, д. 7",itbank,RUB,https://www.banki.ru/products/credits/credit/1387/,19.5,27.0,,10000,2000000,,31,1825,1m,5y,,44a3f9358678f5fd0411cb6af473da6ba3f5f44bbddb96a80186e93d454b4b03,True,2026-08-24 13:50:38,,"19,5–27%",,,10 000–2 000 000 ₽,4,,,,,,,,
16778,138703,credit,На любые цели (с обеспечением),На любые цели (с обеспечением),https://www.banki.ru/products/credits/credit/1387/,,18.06.2026 14:45,138399,1383991,bank,ИТ Банк,,2609,www.itbank.ru,+7 (3812) 39-28-28,"644024, г. Омск, ул. Думская, д. 7",itbank,RUB,https://www.banki.ru/products/credits/credit/1387/,19.5,27.0,,10000,2000000,,31,1825,1m,5y,,c5c5d4a7ec0fe48d57a334d1ab802e176679b58605a101c7773967b8e2f63e95,True,2026-08-24 13:50:38,,"19,5–27%",,,10 000–2 000 000 ₽,4,,,,,,,,
17197,511403,credit,На любые цели,На любые цели,https://www.banki.ru/products/credits/credit/5114/,,18.06.2026 14:45,138399,1383991,bank,ИТ Банк,,2609,www.itbank.ru,+7 (3812) 39-28-28,"644024, г. Омск, ул. Думская, д. 7",itbank,RUB,https://www.banki.ru/products/credits/credit/5114/,21.5,27.0,,10000,200000,,31,913,1m,6m2y,,a3dcb53ae497a01228c36bcbc95685b44f61157124413520ef3f130ed5d9eee3,True,2026-08-24 13:50:38,,"21,5–27%",,,10 000–200 000 ₽,4,,,,,,,,
16778,138703,credit,На любые цели (с обеспечением),На любые цели (с обеспечением),https://www.banki.ru/products/credits/credit/1387/,,12.12.2025 18:08,138399,1383991,bank,ИТ Банк,,2609,www.itbank.ru,+7 (3812) 39-28-28,"644024, г. Омск, ул. Думская, д. 7",itbank,RUB,https://www.banki.ru/products/credits/credit/1387/,20.0,27.5,,10000,2000000,,31,1825,1m,5y,,aff0cbca0ed4d08c76fef9c6940c37d0d30d764bf3e5211238af036b5546fe76,True,2026-08-24 13:50:38,,"20–27,5%",,,10 000–2 000 000 ₽,4,,,,,,,,
17197,511403,credit,На любые цели,На любые цели,https://www.banki.ru/products/credits/credit/5114/,,12.12.2025 18:08,138399,1383991,bank,ИТ Банк,,2609,www.itbank.ru,+7 (3812) 39-28-28,"644024, г. Омск, ул. Думская, д. 7",itbank,RUB,https://www.banki.ru/products/credits/credit/5114/,22.0,27.5,,10000,200000,,31,913,1m,6m2y,,11801c31bb43ac641640e791a7c835e200a1787f40fa7d8eda92bc296742b016,True,2026-08-24 13:50:38,,"22–27,5%",,,10 000–200 000 ₽,4,,,,,,,,
19453,525803,credit,На любые цели,На любые цели,https://www.banki.ru/products/credits/credit/5258/,https://cdn.banki.ru/cdn/bank/192839_mobile_logo_url.png,27.04.2026 18:28,192839,1928391,bank,Сибсоцбанк,https://cdn.banki.ru/cdn/bank/192839_mobile_logo_url.png,2015,www.sibsoc.ru,+7 (3852) 37-02-01,"656049, Алтайский край, г. Барнаул, просп. Ленина, д. 61а",sibsocbank,RUB,https://www.banki.ru/products/credits/credit/5258/,21.9,27.2,,30000,5000000,,365,1825,1y,5y,,2a3214041ad4ef18743978b79dd0ffca9f8027f0db9ae56f992dd2d077b27235,True,2026-08-24 13:50:38,,"21,9–27,2%",,,30 000–5 000 000 ₽,4,,,,,,,,
19453,525803,credit,На любые цели,На любые цели,https://www.banki.ru/products/credits/credit/5258/,https://cdn.banki.ru/cdn/bank/192839_mobile_logo_url.png,09.06.2026 17:42,192839,1928391,bank,Сибсоцбанк,https://cdn.banki.ru/cdn/bank/192839_mobile_logo_url.png,2015,www.sibsoc.ru,+7 (3852) 37-02-01,"656049, Алтайский край, г. Барнаул, просп. Ленина, д. 61а",sibsocbank,RUB,https://www.banki.ru/products/credits/credit/5258/,21.9,26.7,,30000,5000000,,365,1825,1y,5y,,d6aa79551836ac9642000dd6bc7c913208e9b4206c3054f1c8e8612998690604,True,2026-08-24 13:50:38,,"21,9–26,7%",,,30 000–5 000 000 ₽,4,,,,,,,,
17060,467603,credit,Беззалоговый,Беззалоговый,https://www.banki.ru/products/credits/credit/4676/,https://cdn.banki.ru/cdn/bank/192839_mobile_logo_url.png,09.06.2026 17:41,192839,1928391,bank,Сибсоцбанк,https://cdn.banki.ru/cdn/bank/192839_mobile_logo_url.png,2015,www.sibsoc.ru,+7 (3852) 37-02-01,"656049, Алтайский край, г. Барнаул, просп. Ленина, д. 61а",sibsocbank,RUB,https://www.banki.ru/products/credits/credit/4676/,29.3,29.3,,30000,1000000,,365,1825,1y,5y,,ccdb5addc11b90a0d361c308d6719f7566ea246ced5ef5ede0ee825a312b3084,True,2026-08-24 13:50:38,,"29,3%",,,30 000–1 000 000 ₽,4,,,,,,,,
16953,405103,credit,Просто,Просто,https://www.banki.ru/products/credits/credit/4051/,https://cdn.banki.ru/cdn/bank/192866_mobile_logo_url.png,09.12.2025 15:33,192866,1928661,bank,Банк Акцепт,https://cdn.banki.ru/cdn/bank/192866_mobile_logo_url.png,567,www.akcept.ru,8 800 100-27-37,"630099, г. Новосибирск, ул. Советская, д. 14",akcept,RUB,https://www.banki.ru/products/credits/credit/4051/,19.0,29.0,,50000,1500000,,549,1825,18m,5y,,537e9bcbb0a8f45c49e62be316ae3975455a124751d6f08705de435ecc83814b,True,2026-08-24 13:50:38,,19–29%,,,50 000–1 500 000 ₽,4,,,,,,,,
16924,387503,credit,Под залог транспорта,Под залог транспорта,https://www.banki.ru/products/credits/credit/3875/,https://cdn.banki.ru/cdn/bank/192866_mobile_logo_url.png,09.12.2025 15:33,192866,1928661,bank,Банк Акцепт,https://cdn.banki.ru/cdn/bank/192866_mobile_logo_url.png,567,www.akcept.ru,8 800 100-27-37,"630099, г. Новосибирск, ул. Советская, д. 14",akcept,RUB,https://www.banki.ru/products/credits/credit/3875/,22.0,30.0,,300000,3000000,,730,2555,2y,7y,,4f5c015eee94ab6ab48bf2c2e00c3114a6a098d4735406cc632464c48af392dd,True,2026-08-24 13:50:38,,22–30%,,,300 000–3 000 000 ₽,4,,,,,,,,
19329,193903,credit,Под залог недвижимости,Под залог недвижимости,https://www.banki.ru/products/credits/credit/1939/,https://cdn.banki.ru/cdn/bank/192866_mobile_logo_url.png,09.12.2025 15:39,192866,1928661,bank,Банк Акцепт,https://cdn.banki.ru/cdn/bank/192866_mobile_logo_url.png,567,www.akcept.ru,8 800 100-27-37,"630099, г. Новосибирск, ул. Советская, д. 14",akcept,RUB,https://www.banki.ru/products/credits/credit/1939/,24.9,28.4,,500000,15000000,,1095,5475,3y,15y,,bc1e02eaeff91774982f410c0e6cb80d5ff1b12b03285bb5fbd87857328d1bc4,True,2026-08-24 13:50:38,,"24,9–28,4%",,,500 000–15 000 000 ₽,4,,,,,,,,
19453,525803,credit,На любые цели,На любые цели,https://www.banki.ru/products/credits/credit/5258/,https://cdn.banki.ru/cdn/bank/192839_mobile_logo_url.png,19.06.2026 17:13,192839.0,1928391.0,bank,Сибсоцбанк,https://cdn.banki.ru/cdn/bank/192839_mobile_logo_url.png,2015,www.sibsoc.ru,+7 (3852) 37-02-01,"656049, Алтайский край, г. Барнаул, просп. Ленина, д. 61а",sibsocbank,RUB,https://www.banki.ru/products/credits/credit/5258/,21.9,26.7,,30000,5000000,,365,1825,1y,5y,,b2391fdd76d32e64f892573697546171d4a0bacc2f5e8bb09b2a2bb4f21a04a8,True,2026-08-24 13:50:38,,"21,9–26,7%",,,30 000–5 000 000 ₽,4,,,,,,,,
17060,467603,credit,Беззалоговый,Беззалоговый,https://www.banki.ru/products/credits/credit/4676/,https://cdn.banki.ru/cdn/bank/192839_mobile_logo_url.png,19.06.2026 17:21,192839.0,1928391.0,bank,Сибсоцбанк,https://cdn.banki.ru/cdn/bank/192839_mobile_logo_url.png,2015,www.sibsoc.ru,+7 (3852) 37-02-01,"656049, Алтайский край, г. Барнаул, просп. Ленина, д. 61а",sibsocbank,RUB,https://www.banki.ru/products/credits/credit/4676/,29.3,29.3,,30000,1000000,,365,1825,1y,5y,,f7e186f19a851022df7ca02412968cf7e3b79716a627270ef3db8e04caab5b62,True,2026-08-24 13:50:38,,"29,3%",,,30 000–1 000 000 ₽,4,,,,,,,,
19453,525803,credit,На любые цели,На любые цели,https://www.banki.ru/products/credits/credit/5258/,https://cdn.banki.ru/cdn/bank/192839_mobile_logo_url.png,08.12.2025 18:05,192839,1928391,bank,Сибсоцбанк,https://cdn.banki.ru/cdn/bank/192839_mobile_logo_url.png,2015,www.sibsoc.ru,+7 (3852) 37-02-01,"656049, Алтайский край, г. Барнаул, просп. Ленина, д. 61а
",sibsocbank,RUB,https://www.banki.ru/products/credits/credit/5258/,25.7,27.7,,30000,5000000,,365,1825,1y,5y,,5cf0134332dc06f275902369c8a22430dd979d8e586e815ee489f1d9e7c2a535,True,2026-08-24 13:50:38,,"25,7–27,7%",,,30 000–5 000 000 ₽,4,,,,,,,,
17060,467603,credit,Беззалоговый,Беззалоговый,https://www.banki.ru/products/credits/credit/4676/,https://cdn.banki.ru/cdn/bank/192839_mobile_logo_url.png,08.12.2025 18:02,192839,1928391,bank,Сибсоцбанк,https://cdn.banki.ru/cdn/bank/192839_mobile_logo_url.png,2015,www.sibsoc.ru,+7 (3852) 37-02-01,"656049, Алтайский край, г. Барнаул, просп. Ленина, д. 61а
",sibsocbank,RUB,https://www.banki.ru/products/credits/credit/4676/,30.3,30.3,,30000,1000000,,365,1825,1y,5y,,c6c9fc117f8c2d7dfc8b6a190f826a9bedef420d74c0a5677093e5e872fa2b2b,True,2026-08-24 13:50:38,,"30,3%",,,30 000–1 000 000 ₽,4,,,,,,,,
19304,499703,credit,Под залог недвижимости,Под залог недвижимости,https://www.banki.ru/products/credits/credit/4997/,,14.01.2026 17:18,191180,1911801,bank,Банк «ОРЕНБУРГ»,,3269,www.orbank.ru,+7 (3532) 34-30-00,"460024, г. Оренбург, ул. Маршала Жукова, д. 25",orenburg,RUB,https://www.banki.ru/products/credits/credit/4997/,16.45,21.95,,300000,100000000,,1095,5475,3y,15y,,3c2321ebe9f9afd637a30f9de88273bcf05c091ec1941b7de4dd45efb913b35c,True,2026-08-24 13:50:38,,"16,45–21,95%",,,300 000–100 000 000 ₽,4,,,,,,,,
16892,361303,credit,Старт,Старт,https://www.banki.ru/products/credits/credit/3613/,,25.11.2025 17:44,191180,1911801,bank,Банк «ОРЕНБУРГ»,,3269,www.orbank.ru,+7 (3532) 34-30-00,"460024, г. Оренбург, ул. Маршала Жукова, д. 25
",orenburg,RUB,https://www.banki.ru/products/credits/credit/3613/,26.5,28.75,,30000,1000000,,397,1825,49m,5y,,ad378eff41f87afd0891d1a1deb22145d7fce968216e6f576df6e28062ef4536,True,2026-08-24 13:50:38,,"26,5–28,75%",,,30 000–1 000 000 ₽,4,,,,,,,,
19304,499703,credit,Под залог недвижимости,Под залог недвижимости,https://www.banki.ru/products/credits/credit/4997/,,25.06.2026 13:40,191180.0,1911801.0,bank,Банк «ОРЕНБУРГ»,,3269,www.orbank.ru,+7 (3532) 34-30-00,"460024, г. Оренбург, ул. Маршала Жукова, д. 25",orenburg,RUB,https://www.banki.ru/products/credits/credit/4997/,15.15,20.65,,300000,100000000,,1095,5475,3y,15y,,d174bbd00d8a06413020c2582971de62b4fe98bdc4836f1c5e88b1f1dea9b8b1,True,2026-08-24 13:50:38,,"15,15–20,65%",,,300 000–100 000 000 ₽,4,,,,,,,,
17136,499803,credit,На неотложные нужды,На неотложные нужды,https://www.banki.ru/products/credits/credit/4998/,,25.06.2026 13:23,191180.0,1911801.0,bank,Банк «ОРЕНБУРГ»,,3269,www.orbank.ru,+7 (3532) 34-30-00,"460024, г. Оренбург, ул. Маршала Жукова, д. 25",orenburg,RUB,https://www.banki.ru/products/credits/credit/4998/,18.7,25.25,,30000,3000000,,183,3650,85m,10y,,1153e3fcac1f5de54a3ecbb12a37f6d9c8fd49dab31057f33ae6d8e6a6789298,True,2026-08-24 13:50:38,,"18,7–25,25%",,,30 000–3 000 000 ₽,4,,,,,,,,
16892,361303,credit,Старт,Старт,https://www.banki.ru/products/credits/credit/3613/,,25.06.2026 13:24,191180.0,1911801.0,bank,Банк «ОРЕНБУРГ»,,3269,www.orbank.ru,+7 (3532) 34-30-00,"460024, г. Оренбург, ул. Маршала Жукова, д. 25",orenburg,RUB,https://www.banki.ru/products/credits/credit/3613/,23.3,25.5,,30000,1000000,,397,1825,49m,5y,,f5ca3d219c55591a31e8e3779c4a0fb81b4ed5b1f9337cf3c2e73cff7699d3fa,True,2026-08-24 13:50:38,,"23,3–25,5%",,,30 000–1 000 000 ₽,4,,,,,,,,
19359,385903,credit,Доступный (под залог недвижимости),Доступный (под залог недвижимости),https://www.banki.ru/products/credits/credit/3859/,,26.06.2026 15:28,189283.0,1892831.0,bank,НИКО-Банк,,702,www.nico-bank.ru,+7 (3532) 34-00-34,"460000, г. Оренбург, ул. Правды, д. 14",nico-bank,RUB,https://www.banki.ru/products/credits/credit/3859/,18.2,19.5,,50000,5000000,,31,5475,1m,15y,,97b6c4a930c6b5e18612bb246cdc4f3400c3dafb40d2e225df76a3430e24b6f6,True,2026-08-24 13:50:38,,"18,2–19,5%",,,50 000–5 000 000 ₽,4,,,,,,,,
17305,526703,credit,Доступный (под залог движимого имущества),Доступный (под залог движимого имущества),https://www.banki.ru/products/credits/credit/5267/,,26.06.2026 15:23,189283.0,1892831.0,bank,НИКО-Банк,,702,www.nico-bank.ru,+7 (3532) 34-00-34,"460000, г. Оренбург, ул. Правды, д. 14",nico-bank,RUB,https://www.banki.ru/products/credits/credit/5267/,19.0,19.5,,50000,3000000,,183,2555,6m,7y,,9e558c44a8a3b2bed5268cfb05397ec14dd48c7bffa9f8317e1df19d535e1b53,True,2026-08-24 13:50:38,,"19–19,5%",,,50 000–3 000 000 ₽,4,,,,,,,,
16759,78803,credit,Доступный (под поручительство),Доступный (под поручительство),https://www.banki.ru/products/credits/credit/788/,,26.06.2026 15:22,189283.0,1892831.0,bank,НИКО-Банк,,702,www.nico-bank.ru,+7 (3532) 34-00-34,"460000, г. Оренбург, ул. Правды, д. 14",nico-bank,RUB,https://www.banki.ru/products/credits/credit/788/,19.0,19.5,,50000,1500000,,183,1825,6m,5y,,2c8e1f3179b9339343dc64dea295166ddacc54e4f1b3e56db10ce17b6da17be3,True,2026-08-24 13:50:38,,"19–19,5%",,,50 000–1 500 000 ₽,4,,,,,,,,
19359,385903,credit,Доступный (под залог недвижимости),Доступный (под залог недвижимости),https://www.banki.ru/products/credits/credit/3859/,,06.04.2026 18:18,189283,1892831,bank,НИКО-Банк,,702,www.nico-bank.ru,+7 (3532) 34-00-34,"460000, г. Оренбург, ул. Правды, д. 14",nico-bank,RUB,https://www.banki.ru/products/credits/credit/3859/,18.5,19.5,,50000,5000000,,31,5475,1m,15y,,242915aaee543fdffbeddede449a1c8ac338f1e28e8f7a3f5bf3f53db688204d,True,2026-08-24 13:50:38,,"18,5–19,5%",,,50 000–5 000 000 ₽,4,,,,,,,,
19304,499703,credit,Под залог недвижимости,Под залог недвижимости,https://www.banki.ru/products/credits/credit/4997/,,16.06.2026 15:03,191180,1911801,bank,Банк «ОРЕНБУРГ»,,3269,www.orbank.ru,+7 (3532) 34-30-00,"460024, г. Оренбург, ул. Маршала Жукова, д. 25",orenburg,RUB,https://www.banki.ru/products/credits/credit/4997/,15.15,20.65,,300000,100000000,,1095,5475,3y,15y,,ec49f778feb5816cd660ecd5a1bb362b276d37ebcdcfa89e08e297be4760e6b1,True,2026-08-24 13:50:38,,"15,15–20,65%",,,300 000–100 000 000 ₽,4,,,,,,,,
17136,499803,credit,На неотложные нужды,На неотложные нужды,https://www.banki.ru/products/credits/credit/4998/,,16.06.2026 14:56,191180,1911801,bank,Банк «ОРЕНБУРГ»,,3269,www.orbank.ru,+7 (3532) 34-30-00,"460024, г. Оренбург, ул. Маршала Жукова, д. 25",orenburg,RUB,https://www.banki.ru/products/credits/credit/4998/,18.7,25.25,,30000,3000000,,183,3650,85m,10y,,97898893c3380e26f4ef03fa1495c8051ecdb2bbd86aff56d299c66f8f6d48ec,True,2026-08-24 13:50:38,,"18,7–25,25%",,,30 000–3 000 000 ₽,4,,,,,,,,
16892,361303,credit,Старт,Старт,https://www.banki.ru/products/credits/credit/3613/,,16.06.2026 14:59,191180,1911801,bank,Банк «ОРЕНБУРГ»,,3269,www.orbank.ru,+7 (3532) 34-30-00,"460024, г. Оренбург, ул. Маршала Жукова, д. 25",orenburg,RUB,https://www.banki.ru/products/credits/credit/3613/,23.3,25.5,,30000,1000000,,397,1825,49m,5y,,b3c8ed0616d89b77d48d74704c64894a9ddc4bb0c4c5a172a6dea615e1cba2c0,True,2026-08-24 13:50:38,,"23,3–25,5%",,,30 000–1 000 000 ₽,4,,,,,,,,
19359,385903,credit,Доступный (под залог недвижимости),Доступный (под залог недвижимости),https://www.banki.ru/products/credits/credit/3859/,,18.06.2026 14:27,189283,1892831,bank,НИКО-Банк,,702,www.nico-bank.ru,+7 (3532) 34-00-34,"460000, г. Оренбург, ул. Правды, д. 14",nico-bank,RUB,https://www.banki.ru/products/credits/credit/3859/,18.2,19.5,,50000,5000000,,31,5475,1m,15y,,0f3180efbae1b3d8772e13d8e928dd820361efdbb4870cb200f0cc7982edf1b5,True,2026-08-24 13:50:38,,"18,2–19,5%",,,50 000–5 000 000 ₽,4,,,,,,,,
17305,526703,credit,Доступный (под залог движимого имущества),Доступный (под залог движимого имущества),https://www.banki.ru/products/credits/credit/5267/,,18.06.2026 14:23,189283,1892831,bank,НИКО-Банк,,702,www.nico-bank.ru,+7 (3532) 34-00-34,"460000, г. Оренбург, ул. Правды, д. 14",nico-bank,RUB,https://www.banki.ru/products/credits/credit/5267/,19.0,19.5,,50000,3000000,,183,2555,6m,7y,,a95e18f90671454b8c4ee994c613276d1048f5ed42b2629d64da0d5516b144db,True,2026-08-24 13:50:38,,"19–19,5%",,,50 000–3 000 000 ₽,4,,,,,,,,
16759,78803,credit,Доступный (под поручительство),Доступный (под поручительство),https://www.banki.ru/products/credits/credit/788/,,18.06.2026 14:23,189283,1892831,bank,НИКО-Банк,,702,www.nico-bank.ru,+7 (3532) 34-00-34,"460000, г. Оренбург, ул. Правды, д. 14",nico-bank,RUB,https://www.banki.ru/products/credits/credit/788/,19.0,19.5,,50000,1500000,,183,1825,6m,5y,,3119b076f848d637281e5af7656b49514b531408636e2e47da79eb92dc0c5ebb,True,2026-08-24 13:50:38,,"19–19,5%",,,50 000–1 500 000 ₽,4,,,,,,,,
16759,78803,credit,Доступный (под поручительство),Доступный (под поручительство),https://www.banki.ru/products/credits/credit/788/,,31.07.2026 17:49,189283,1892831,bank,НИКО-Банк,,702,www.nico-bank.ru,+7 (3532) 34-00-34,"460000, г. Оренбург, ул. Правды, д. 14",nico-bank,RUB,https://www.banki.ru/products/credits/credit/788/,16.2,23.5,,50000,1500000,,183,1825,6m,5y,,60c4cd5f157560bf86024a8f1d856bb3632646675e29393335680f1ce89c9478,True,2026-08-24 13:50:38,,"16,2–23,5%",,,50 000–1 500 000 ₽,4,,,,,,,,
19359,385903,credit,Доступный (под залог недвижимости),Доступный (под залог недвижимости),https://www.banki.ru/products/credits/credit/3859/,,31.07.2026 17:54,189283,1892831,bank,НИКО-Банк,,702,www.nico-bank.ru,+7 (3532) 34-00-34,"460000, г. Оренбург, ул. Правды, д. 14",nico-bank,RUB,https://www.banki.ru/products/credits/credit/3859/,15.7,21.0,,50000,5000000,,31,5475,1m,15y,,850be62b2923e9bc19012c66b23d60b17de13d86b2420751c10df08321a6da41,True,2026-08-24 13:50:38,,"15,7–21%",,,50 000–5 000 000 ₽,4,,,,,,,,
17305,526703,credit,Доступный (под залог движимого имущества),Доступный (под залог движимого имущества),https://www.banki.ru/products/credits/credit/5267/,,31.07.2026 17:49,189283,1892831,bank,НИКО-Банк,,702,www.nico-bank.ru,+7 (3532) 34-00-34,"460000, г. Оренбург, ул. Правды, д. 14",nico-bank,RUB,https://www.banki.ru/products/credits/credit/5267/,15.7,22.0,,50000,3000000,,183,2555,6m,7y,,c9dd6b39f192bef5f18a98a75dcb0df4aa6ae8a2cb14faa112556c1562e1e49d,True,2026-08-24 13:50:38,,"15,7–22%",,,50 000–3 000 000 ₽,4,,,,,,,,
19304,499703,credit,Под залог недвижимости,Под залог недвижимости,https://www.banki.ru/products/credits/credit/4997/,,08.12.2025 16:06,191180,1911801,bank,Банк «ОРЕНБУРГ»,,3269,www.orbank.ru,+7 (3532) 34-30-00,"460024, г. Оренбург, ул. Маршала Жукова, д. 25
",orenburg,RUB,https://www.banki.ru/products/credits/credit/4997/,16.55,21.95,,300000,100000000,,1095,5475,3y,15y,,0334958db349634df2ed0afd6d89de69b4316d1bb956b6b2300956417a2ef444,True,2026-08-24 13:50:38,,"16,55–21,95%",,,300 000–100 000 000 ₽,4,,,,,,,,
17136,499803,credit,На неотложные нужды,На неотложные нужды,https://www.banki.ru/products/credits/credit/4998/,,08.12.2025 13:58,191180,1911801,bank,Банк «ОРЕНБУРГ»,,3269,www.orbank.ru,+7 (3532) 34-30-00,"460024, г. Оренбург, ул. Маршала Жукова, д. 25
",orenburg,RUB,https://www.banki.ru/products/credits/credit/4998/,20.7,28.25,,30000,3000000,,183,3650,85m,10y,,abc5e8aeaa000d7b94d34bb49b02917b035b6796867296f6e19e372520178dad,True,2026-08-24 13:50:38,,"20,7–28,25%",,,30 000–3 000 000 ₽,4,,,,,,,,
16892,361303,credit,Старт,Старт,https://www.banki.ru/products/credits/credit/3613/,,08.12.2025 14:32,191180,1911801,bank,Банк «ОРЕНБУРГ»,,3269,www.orbank.ru,+7 (3532) 34-30-00,"460024, г. Оренбург, ул. Маршала Жукова, д. 25
",orenburg,RUB,https://www.banki.ru/products/credits/credit/3613/,25.8,28.5,,30000,1000000,,397,1825,49m,5y,,a5081b9430c4cd4fb2c7f54582099e31591f87ea7befa9685e03aaef4bf60e88,True,2026-08-24 13:50:38,,"25,8–28,5%",,,30 000–1 000 000 ₽,4,,,,,,,,
19359,385903,credit,Доступный (под залог недвижимости),Доступный (под залог недвижимости),https://www.banki.ru/products/credits/credit/3859/,,11.12.2025 17:36,189283,1892831,bank,НИКО-Банк,,702,www.nico-bank.ru,+7 (3532) 34-00-34,"460000, г. Оренбург, ул. Правды, д. 14",nico-bank,RUB,https://www.banki.ru/products/credits/credit/3859/,20.5,21.5,,50000,5000000,,31,5475,1m,15y,,e182793d5ae799489ba9b9e70ddcd4f941a57f875d6b8f85097d54fd6c2112d6,True,2026-08-24 13:50:38,,"20,5–21,5%",,,50 000–5 000 000 ₽,4,,,,,,,,
17305,526703,credit,Доступный (под залог движимого имущества),Доступный (под залог движимого имущества),https://www.banki.ru/products/credits/credit/5267/,,11.12.2025 17:35,189283,1892831,bank,НИКО-Банк,,702,www.nico-bank.ru,+7 (3532) 34-00-34,"460000, г. Оренбург, ул. Правды, д. 14",nico-bank,RUB,https://www.banki.ru/products/credits/credit/5267/,24.0,24.5,,50000,3000000,,183,2555,6m,7y,,7b531d197db2b65a472a59d24a56173b894f6f27adbb07fd1ef3de337e9e268d,True,2026-08-24 13:50:38,,"24–24,5%",,,50 000–3 000 000 ₽,4,,,,,,,,
16759,78803,credit,Доступный (под поручительство),Доступный (под поручительство),https://www.banki.ru/products/credits/credit/788/,,11.12.2025 17:35,189283,1892831,bank,НИКО-Банк,,702,www.nico-bank.ru,+7 (3532) 34-00-34,"460000, г. Оренбург, ул. Правды, д. 14",nico-bank,RUB,https://www.banki.ru/products/credits/credit/788/,24.0,24.5,,50000,1500000,,183,1825,6m,5y,,d789363367e7077f071058a83140beac6ca44f388d53eb8f1fa977d8fca659dd,True,2026-08-24 13:50:38,,"24–24,5%",,,50 000–1 500 000 ₽,4,,,,,,,,
17580,20098103,credit,Доверительный ,Доверительный ,https://www.banki.ru/products/credits/credit/200981/,,11.12.2025 17:35,189283,1892831,bank,НИКО-Банк,,702,www.nico-bank.ru,+7 (3532) 34-00-34,"460000, г. Оренбург, ул. Правды, д. 14",nico-bank,RUB,https://www.banki.ru/products/credits/credit/200981/,30.0,30.0,,50000,500000,,397,1825,13m,5y,,83e13ace7c61e88a463f93d2a302755e0f87b0181fd6a4a3f5e13caeffae8368,True,2026-08-24 13:50:38,,30%,,,50 000–500 000 ₽,4,,,,,,,,
16893,362003,credit,Наличными,Наличными,https://www.banki.ru/products/credits/credit/3620/,https://cdn.banki.ru/cdn/bank/17266_mobile_logo_url.png,22.12.2025 12:32,17266,172661,bank,Ренессанс Банк,https://cdn.banki.ru/cdn/bank/17266_mobile_logo_url.png,3354,www.rencredit.ru,8 (495) 981-09-81,"115114, г. Москва, ул. Кожевническая, д. 14",rencredit,RUB,https://www.banki.ru/products/credits/credit/3620/,1.2,49.1,,30000,2000000,,730,2555,2y,7y,,68f5bc71d49f23d306c4f78cd007182511ee8c355bf95c205b3ff16efb242e55,True,2026-08-24 13:50:38,,"1,2–49,1%",,,30 000–2 000 000 ₽,4,,,,,,,,
18111,20109903,credit,На любые цели,На любые цели,https://www.banki.ru/products/credits/credit/201099/,https://cdn.banki.ru/cdn/bank/194883_mobile_logo_url.png,30.06.2026 14:33,194883,1948831,bank,Банк «Нальчик»,https://cdn.banki.ru/cdn/bank/194883_mobile_logo_url.png,695,www.bnal.ru,+7 (8662) 44-05-34,"360022, Кабардино-Балкарская Республика, г. Нальчик, ул. Толстого, д. 77",nalchik,RUB,https://www.banki.ru/products/credits/credit/201099/,21.0,25.2,,10000,7000000,,92,1825,3m,5y,,ca28f608be46e2f5d841b1f929572bd5f1ae4df5827d62a67d28a2b4eab09a96,True,2026-08-24 13:50:38,,"21–25,2%",,,10 000–7 000 000 ₽,4,,,,,,,,
18111,20109903,credit,На любые цели,На любые цели,https://www.banki.ru/products/credits/credit/201099/,https://cdn.banki.ru/cdn/bank/194883_mobile_logo_url.png,02.02.2026 18:50,194883,1948831,bank,Банк «Нальчик»,https://cdn.banki.ru/cdn/bank/194883_mobile_logo_url.png,695,www.bnal.ru,+7 (8662) 44-05-34,"360022, Кабардино-Балкарская Республика, г. Нальчик, ул. Толстого, д. 77",nalchik,RUB,https://www.banki.ru/products/credits/credit/201099/,23.0,29.2,,10000,5000000,,92,1825,3m,5y,,032357ccebe88115984d035cc426bca6adc5d635cc7ffaf7eb4e48852d9c0f88,True,2026-08-24 13:50:38,,"23–29,2%",,,10 000–5 000 000 ₽,4,,,,,,,,
18111,20109903,credit,На любые цели,На любые цели,https://www.banki.ru/products/credits/credit/201099/,https://cdn.banki.ru/cdn/bank/194883_mobile_logo_url.png,19.06.2026 15:42,194883.0,1948831.0,bank,Банк «Нальчик»,https://cdn.banki.ru/cdn/bank/194883_mobile_logo_url.png,695,www.bnal.ru,+7 (8662) 44-05-34,"360022, Кабардино-Балкарская Республика, г. Нальчик, ул. Толстого, д. 77",nalchik,RUB,https://www.banki.ru/products/credits/credit/201099/,21.0,25.2,,10000,7000000,,92,1825,3m,5y,,351f143b974ca56a4e5739b3c1786d98d4acbf638f83900581f40cbecc7c828a,True,2026-08-24 13:50:38,,"21–25,2%",,,10 000–7 000 000 ₽,4,,,,,,,,
18111,20109903,credit,На любые цели,На любые цели,https://www.banki.ru/products/credits/credit/201099/,https://cdn.banki.ru/cdn/bank/194883_mobile_logo_url.png,12.12.2025 18:22,194883,1948831,bank,Банк «Нальчик»,https://cdn.banki.ru/cdn/bank/194883_mobile_logo_url.png,695,www.bnal.ru,+7 (8662) 44-05-34,"360022, Кабардино-Балкарская Республика, г. Нальчик, ул. Толстого, д. 77",nalchik,RUB,https://www.banki.ru/products/credits/credit/201099/,24.0,30.3,,10000,5000000,,92,1825,3m,5y,,228c19d44c531ac9f57eac16dc1081b083f54ad3b2a17fe7457d40459bf4311e,True,2026-08-24 13:50:38,,"24–30,3%",,,10 000–5 000 000 ₽,4,,,,,,,,
19321,101403,credit,Выгодный,Выгодный,https://www.banki.ru/products/credits/credit/1014/,,16.12.2025 17:43,191059,1910591,bank,Челябинвестбанк,,493,www.chelinvest.ru,+7 (351) 268-00-88,"454113, г. Челябинск, пл. Революции, д. 8
",chelinvest,RUB,https://www.banki.ru/products/credits/credit/1014/,19.5,29.5,,50000,200000000,,31,3285,1m,9y,,1256283fc635636cf1c5aa5a0916108d23e8d6315efa35b438cd94fffa3416bc,True,2026-08-24 13:50:38,,"19,5–29,5%",,,50 000–200 000 000 ₽,4,,,,,,,,
16772,101803,credit,Доверительный,Доверительный,https://www.banki.ru/products/credits/credit/1018/,,16.12.2025 17:42,191059,1910591,bank,Челябинвестбанк,,493,www.chelinvest.ru,+7 (351) 268-00-88,"454113, г. Челябинск, пл. Революции, д. 8
",chelinvest,RUB,https://www.banki.ru/products/credits/credit/1018/,19.5,45.6,,30000,2000000,,31,1825,1m,5y,,96c30f37b300d0712dd49a4b108cae6c8c6ea3c0a95ab0dd302eaf00feffdfea,True,2026-08-24 13:50:38,,"19,5–45,6%",,,30 000–2 000 000 ₽,4,,,,,,,,
16908,376003,credit,Пенсионный (с обеспечением),Пенсионный (с обеспечением),https://www.banki.ru/products/credits/credit/3760/,,16.12.2025 17:42,191059,1910591,bank,Челябинвестбанк,,493,www.chelinvest.ru,+7 (351) 268-00-88,"454113, г. Челябинск, пл. Революции, д. 8
",chelinvest,RUB,https://www.banki.ru/products/credits/credit/3760/,22.9,36.6,,30000,1000000,,31,1825,1m,5y,,cf1211313d964541164b56b70676c87a8fa8f0e4275d3501d24b78b0a597fe55,True,2026-08-24 13:50:38,,"22,9–36,6%",,,30 000–1 000 000 ₽,4,,,,,,,,
16767,100703,credit,Стандартный (с обеспечением),Стандартный (с обеспечением),https://www.banki.ru/products/credits/credit/1007/,https://cdn.banki.ru/cdn/bank/191044_mobile_logo_url.png,16.12.2025 16:45,191044,1910441,bank,Челиндбанк,https://cdn.banki.ru/cdn/bank/191044_mobile_logo_url.png,485,www.chelindbank.ru,8 800 500-18-00,"454091, г. Челябинск, ул. К. Маркса, д. 80
",chelindbank,RUB,https://www.banki.ru/products/credits/credit/1007/,19.9,29.9,,15000,10000000,,31,1825,3y,5y,,892830e3b7386595911d28308cc025742648f33087f1b8093da83aea6169d81e,True,2026-08-24 13:50:38,,"19,9–29,9%",,,15 000–10 000 000 ₽,4,,,,,,,,
19469,20100803,credit,Под залог недвижимости,Под залог недвижимости,https://www.banki.ru/products/credits/credit/201008/,https://cdn.banki.ru/cdn/bank/191044_mobile_logo_url.png,16.12.2025 16:49,191044,1910441,bank,Челиндбанк,https://cdn.banki.ru/cdn/bank/191044_mobile_logo_url.png,485,www.chelindbank.ru,8 800 500-18-00,"454091, г. Челябинск, ул. К. Маркса, д. 80
",chelindbank,RUB,https://www.banki.ru/products/credits/credit/201008/,20.5,22.0,,100000,10000000,,365,5475,3y,15y,,7662f36bdc4464d582dbbeae4b9ab7e438d5df520857473beb750195e2de97cb,True,2026-08-24 13:50:38,,"20,5–22%",,,100 000–10 000 000 ₽,4,,,,,,,,
16880,350703,credit,Пенсионный (с обеспечением),Пенсионный (с обеспечением),https://www.banki.ru/products/credits/credit/3507/,https://cdn.banki.ru/cdn/bank/191044_mobile_logo_url.png,16.12.2025 16:46,191044,1910441,bank,Челиндбанк,https://cdn.banki.ru/cdn/bank/191044_mobile_logo_url.png,485,www.chelindbank.ru,8 800 500-18-00,"454091, г. Челябинск, ул. К. Маркса, д. 80
",chelindbank,RUB,https://www.banki.ru/products/credits/credit/3507/,21.9,29.9,,15000,1000000,,31,1825,3y,5y,,fdf78f7d098602177147630193f8257eac4f65774e301e6fb370c94fee5d8750,True,2026-08-24 13:50:38,,"21,9–29,9%",,,15 000–1 000 000 ₽,4,,,,,,,,
16766,100603,credit,Стандартный,Стандартный,https://www.banki.ru/products/credits/credit/1006/,https://cdn.banki.ru/cdn/bank/191044_mobile_logo_url.png,16.12.2025 16:41,191044,1910441,bank,Челиндбанк,https://cdn.banki.ru/cdn/bank/191044_mobile_logo_url.png,485,www.chelindbank.ru,8 800 500-18-00,"454091, г. Челябинск, ул. К. Маркса, д. 80
",chelindbank,RUB,https://www.banki.ru/products/credits/credit/1006/,22.9,36.9,,15000,1000000,,31,1825,3y,5y,,2f99bc258234dd8882918246aaab1790ff3d201573bf1418ba13c0b0f57251da,True,2026-08-24 13:50:38,,"22,9–36,9%",,,15 000–1 000 000 ₽,4,,,,,,,,
16879,350603,credit,Пенсионный,Пенсионный,https://www.banki.ru/products/credits/credit/3506/,https://cdn.banki.ru/cdn/bank/191044_mobile_logo_url.png,16.12.2025 16:46,191044,1910441,bank,Челиндбанк,https://cdn.banki.ru/cdn/bank/191044_mobile_logo_url.png,485,www.chelindbank.ru,8 800 500-18-00,"454091, г. Челябинск, ул. К. Маркса, д. 80
",chelindbank,RUB,https://www.banki.ru/products/credits/credit/3506/,25.9,31.9,,15000,500000,,31,1825,1m,5y,,173fdbbe3cfabc976bdd5ac4bc3046332f0ce2d24f3531850a04d2654e7983c9,True,2026-08-24 13:50:38,,"25,9–31,9%",,,15 000–500 000 ₽,4,,,,,,,,
17605,20100703,credit,Он-лайн-кредит,Он-лайн-кредит,https://www.banki.ru/products/credits/credit/201007/,https://cdn.banki.ru/cdn/bank/191044_mobile_logo_url.png,16.12.2025 16:47,191044,1910441,bank,Челиндбанк,https://cdn.banki.ru/cdn/bank/191044_mobile_logo_url.png,485,www.chelindbank.ru,8 800 500-18-00,"454091, г. Челябинск, ул. К. Маркса, д. 80
",chelindbank,RUB,https://www.banki.ru/products/credits/credit/201007/,34.9,34.9,,15000,500000,,92,1095,3m,3y,,0e2258ac2008f441812576871b8b359dd16c1aa7dccad6368ad16fb2c5ac7d45,True,2026-08-24 13:50:38,,"34,9%",,,15 000–500 000 ₽,4,,,,,,,,
18117,20110003,credit,На любые цели,На любые цели,https://www.banki.ru/products/credits/credit/201100/,,16.12.2025 15:56,191196,1911961,bank,РостФинанс,,481,www.rostfinance.ru,8 800 777-70-01 ,"344019, г. Ростов-на-Дону, ул. 1-я Майская, 13а/11а
",rostfinance,RUB,https://www.banki.ru/products/credits/credit/201100/,27.0,37.5,,100000,1000000,,365,1825,5y,5y,,dfb634d6ba8b174e060901091ea5d8689ac4242224dd6a58c89a26184a58ddae,True,2026-08-24 13:50:38,,"27–37,5%",,,100 000–1 000 000 ₽,4,,,,,,,,
18833,20113403,credit,Кредит на всё,Кредит на всё,https://www.banki.ru/products/credits/credit/201134/,https://cdn.banki.ru/cdn/bank/8843166_mobile_logo_url.png,09.12.2025 18:24,8843166,88431661,bank,ЦМРБанк,https://cdn.banki.ru/cdn/bank/8843166_mobile_logo_url.png,3531,cmrbank.ru,8 800 234-43-00,"127055, г. Москва, ул. Палиха, д. 10, стр. 7",cmrbank,RUB,https://www.banki.ru/products/credits/credit/201134/,29.9,29.9,,100000,1500000,,365,1825,1y,5y,,e41de73b498257f6e3c4659590009b7b46cf2c3948ff5c2d67ed856527c7206b,True,2026-08-24 13:50:38,,"29,9%",,,100 000–1 500 000 ₽,4,,,,,,,,
19390,460703,credit,Залоговый,Залоговый,https://www.banki.ru/products/credits/credit/4607/,,23.06.2026 14:41,293131.0,2931311.0,bank,Черноморский банк развития и реконструкции,,3527,чбрр.рф,+7 (3652) 54-89-05,"295001, Республика Крым, г. Симферополь, ул. Большевистская, д. 24",chbrr,RUB,https://www.banki.ru/products/credits/credit/4607/,23.0,24.0,,100000,10000000,,365,2555,1y,7y,,b5774a79451705722a460b452cc381047de69660d8e2a4b946423e4c651a111e,True,2026-08-24 13:50:38,,23–24%,,,100 000–10 000 000 ₽,4,,,,,,,,
18178,20112503,credit,Наличными (без визита в банк),Наличными (без визита в банк),https://www.banki.ru/products/credits/credit/201125/,https://cdn.banki.ru/cdn/bank/9183_mobile_logo_url.png,04.06.2026 12:11,9183,91831,bank,Локо-Банк,https://cdn.banki.ru/cdn/bank/9183_mobile_logo_url.png,2707,www.lockobank.ru,8 800 250-50-50,"125167, г. Москва, Ленинградский просп., д. 39, стр. 80",locko-bank,RUB,https://www.banki.ru/products/credits/credit/201125/,16.0,49.9,,50000,5000000,,365,2555,1y,7y,,1585c97be91a35fae8190e7d8e631b2c2bf272d4373a85b6fa55887550c6fbfc,True,2026-08-24 13:50:38,,"16–49,9%",,,50 000–5 000 000 ₽,4,,,,,,,,
16872,347403,credit,Наличными,Наличными,https://www.banki.ru/products/credits/credit/3474/,https://cdn.banki.ru/cdn/bank/9011_mobile_logo_url.png,18.03.2026 12:49,9011.0,90111.0,bank,Металлинвестбанк,https://cdn.banki.ru/cdn/bank/9011_mobile_logo_url.png,2440,www.metallinvestbank.ru,8 800 250-97-97,"119180, г. Москва, ул. Большая Полянка, д. 47, стр. 2",metallinvestbank,RUB,https://www.banki.ru/products/credits/credit/3474/,19.1,34.0,,30000,3000000,,183,1825,6m,5y,,78c72b25bd52f880249a5e1098dfe895c74bf7915eec5dd6297bac1f3335ea35,True,2026-08-24 13:50:38,,"19,1–34%",,,30 000–3 000 000 ₽,4,,,,,,,,
16873,347603,credit,Пенсионный,Пенсионный,https://www.banki.ru/products/credits/credit/3476/,https://cdn.banki.ru/cdn/bank/9011_mobile_logo_url.png,05.03.2026 15:36,9011.0,90111.0,bank,Металлинвестбанк,https://cdn.banki.ru/cdn/bank/9011_mobile_logo_url.png,2440,www.metallinvestbank.ru,8 800 250-97-97,"119180, г. Москва, ул. Большая Полянка, д. 47, стр. 2",metallinvestbank,RUB,https://www.banki.ru/products/credits/credit/3476/,21.0,34.0,,30000,3000000,,183,1825,6m,5y,,d505e9e2e3864c770f6c7d0a656c661a3f68ba8c43f9d0e39ceee6d72c2bf2e6,True,2026-08-24 13:50:38,,21–34%,,,30 000–3 000 000 ₽,4,,,,,,,,
19754,20115003,credit,Под залог недвижимости,Под залог недвижимости,https://www.banki.ru/products/credits/credit/201150/,https://cdn.banki.ru/cdn/bank/9011_mobile_logo_url.png,05.03.2026 18:07,9011.0,90111.0,bank,Металлинвестбанк,https://cdn.banki.ru/cdn/bank/9011_mobile_logo_url.png,2440,www.metallinvestbank.ru,8 800 250-97-97,"119180, г. Москва, ул. Большая Полянка, д. 47, стр. 2",metallinvestbank,RUB,https://www.banki.ru/products/credits/credit/201150/,24.6,25.6,,500000,15000000,,365,10950,1y,30y,,1491a2e2344a64e4983958a3258ac0cdf41b8d06e18033d7a164d45f8f6741b3,True,2026-08-24 13:50:38,,"24,6–25,6%",,,500 000–15 000 000 ₽,4,,,,,,,,
16886,356203,credit,Наличными,Наличными,https://www.banki.ru/products/credits/credit/3562/,https://cdn.banki.ru/cdn/bank/2237_mobile_logo_url.png,06.03.2026 18:55,2237.0,22371.0,bank,Банк ДОМ.РФ,https://cdn.banki.ru/cdn/bank/2237_mobile_logo_url.png,2312,domrfbank.ru,8 800 775-86-86 ,"125009, г. Москва, ул. Воздвиженка, д. 10",domrfbank,RUB,https://www.banki.ru/products/credits/credit/3562/,16.0,39.5,,100000,10000000,,730,2555,2y,7y,,0a3e0a992e70625c1c0e005c24f32b82753edf203fab06e91ed0af39bb0882f5,True,2026-08-24 13:50:38,,"16–39,5%",,,100 000–10 000 000 ₽,4,,,,,,,,
19722,20114903,credit,Под залог квартиры,Под залог квартиры,https://www.banki.ru/products/credits/credit/201149/,https://cdn.banki.ru/cdn/bank/2237_mobile_logo_url.png,06.03.2026 19:00,2237.0,22371.0,bank,Банк ДОМ.РФ,https://cdn.banki.ru/cdn/bank/2237_mobile_logo_url.png,2312,domrfbank.ru,8 800 775-86-86 ,"125009, г. Москва, ул. Воздвиженка, д. 10",domrfbank,RUB,https://www.banki.ru/products/credits/credit/201149/,27.0,28.0,,500000,30000000,,1095,10950,3y,30y,,c663cb092d085fd131d900dc077ccdaaab721dca7d7010b002e7433e522f0430,True,2026-08-24 13:50:38,,27–28%,,,500 000–30 000 000 ₽,4,,,,,,,,
16735,1603,credit,На любые цели,На любые цели,https://www.banki.ru/products/credits/credit/16/,https://cdn.banki.ru/cdn/bank/7292_mobile_logo_url.png,12.03.2026 17:43,7292.0,72921.0,bank,Московский кредитный банк (МКБ),https://cdn.banki.ru/cdn/bank/7292_mobile_logo_url.png,1978,www.mkb.ru,8 800 100-48-88,"107045, г. Москва, Луков пер., д. 2, стр. 1",mkb,RUB,https://www.banki.ru/products/credits/credit/16/,16.0,47.8,,50000,10000000,,183,1825,6m,5y,,dbb639ad7c32321eb34911eede64abd25adfe6766df9bccf8250dea386a71bb0,True,2026-08-24 13:50:38,,"16–47,8%",,,50 000–10 000 000 ₽,4,,,,,,,,
19340,304103,credit,Под залог недвижимого имущества,Под залог недвижимого имущества,https://www.banki.ru/products/credits/credit/3041/,https://cdn.banki.ru/cdn/bank/12092_mobile_logo_url.png,17.03.2026 19:05,12092.0,120921.0,bank,ББР Банк,https://cdn.banki.ru/cdn/bank/12092_mobile_logo_url.png,2929,www.bbr.ru,8 800 220-40-00,"121099, Москва, 1-й Николощеповский пер., 6, стр. 1",bbrbank,RUB,https://www.banki.ru/products/credits/credit/3041/,20.5,21.7,,1000000,30000000,,1095,3650,3y,10y,,8d339d55095b4bbe56606ac82f461fa5b1f54e2bf6ff43dad0e9b6d91b5c933c,True,2026-08-24 13:50:38,,"20,5–21,7%",,,1 000 000–30 000 000 ₽,4,,,,,,,,
16911,377803,credit,Под залог движимого имущества,Под залог движимого имущества,https://www.banki.ru/products/credits/credit/3778/,https://cdn.banki.ru/cdn/bank/12092_mobile_logo_url.png,17.03.2026 19:04,12092.0,120921.0,bank,ББР Банк,https://cdn.banki.ru/cdn/bank/12092_mobile_logo_url.png,2929,www.bbr.ru,8 800 220-40-00,"121099, Москва, 1-й Николощеповский пер., 6, стр. 1",bbrbank,RUB,https://www.banki.ru/products/credits/credit/3778/,21.5,22.4,,450000,6000000,,730,1825,2y,5y,,a330ea6316998510f002ecb161025ef66bf883e173595f823d93a9713c5cebaf,True,2026-08-24 13:50:38,,"21,5–22,4%",,,450 000–6 000 000 ₽,4,,,,,,,,
19318,96903,credit,На любые цели (под залог недвижимости),На любые цели (под залог недвижимости),https://www.banki.ru/products/credits/credit/969/,,04.03.2026 18:18,191189.0,1911891.0,bank,Прио-Внешторгбанк,,212,www.priovtb.com,+7 (4912) 20-00-03,"390023, г. Рязань, ул. Есенина, д. 82/26",priovtb,RUB,https://www.banki.ru/products/credits/credit/969/,21.7,29.9,,50000,100000000,,397,3650,13m,10y,,13a230e2169176209b3c4a97a2512dfd71d1fdb43a3f056dd3aa7b00eb5eb2d1,True,2026-08-24 13:50:38,,"21,7–29,9%",,,50 000–100 000 000 ₽,4,,,,,,,,
16915,379603,credit,На любые цели (под залог авто),На любые цели (под залог авто),https://www.banki.ru/products/credits/credit/3796/,,04.03.2026 18:16,191189.0,1911891.0,bank,Прио-Внешторгбанк,,212,www.priovtb.com,+7 (4912) 20-00-03,"390023, г. Рязань, ул. Есенина, д. 82/26",priovtb,RUB,https://www.banki.ru/products/credits/credit/3796/,21.7,25.7,,50000,100000000,,397,1825,13m,5y,,87f58b4396a1cfcfaf523e5cd63aa6ac811eb44bd4efede76dcea783aedba06d,True,2026-08-24 13:50:38,,"21,7–25,7%",,,50 000–100 000 000 ₽,4,,,,,,,,
19847,21115503,credit,На любые цели,На любые цели,https://www.banki.ru/products/credits/credit/211155/,https://cdn.banki.ru/cdn/bank/37473_mobile_logo_url.png,12.03.2026 18:59,37473.0,374731.0,bank,СДМ-Банк,https://cdn.banki.ru/cdn/bank/37473_mobile_logo_url.png,1637,www.sdm.ru,8 800 200-02-23,"125424, г. Москва, Волоколамское ш., д. 73",sdm-bank,RUB,https://www.banki.ru/products/credits/credit/211155/,25.0,25.0,,100000,3000000,,30,1460,1m,4y,,9e7ff3aadaba2a4b381050a9b19982b11edf49e575cd92c412bd3d867c4b4768,True,2026-08-24 13:50:38,,25%,,,100 000–3 000 000 ₽,4,,,,,,,,
19405,494503,credit,Под залог недвижимости,Под залог недвижимости,https://www.banki.ru/products/credits/credit/4945/,https://cdn.banki.ru/cdn/bank/2631_mobile_logo_url.png,11.03.2026 19:16,2631.0,26311.0,bank,Экспобанк,https://cdn.banki.ru/cdn/bank/2631_mobile_logo_url.png,2998,expobank.ru,8 800 500-07-70,"115054, г. Москва, наб Космодамианская, д. 52 стр. 7",expobank,RUB,https://www.banki.ru/products/credits/credit/4945/,22.0,24.0,,500000,30000000,,365,5475,1y,15y,,ca625f8fb2be43ef81e613fdace5b100df5f176e8b2713c265080c245ba060c9,True,2026-08-24 13:50:38,,22–24%,,,500 000–30 000 000 ₽,4,,,,,,,,
16737,10303,credit,Под залог авто,Под залог авто,https://www.banki.ru/products/credits/credit/103/,https://cdn.banki.ru/cdn/bank/2631_mobile_logo_url.png,11.03.2026 19:31,2631.0,26311.0,bank,Экспобанк,https://cdn.banki.ru/cdn/bank/2631_mobile_logo_url.png,2998,expobank.ru,8 800 500-07-70,"115054, г. Москва, наб Космодамианская, д. 52 стр. 7",expobank,RUB,https://www.banki.ru/products/credits/credit/103/,24.0,24.0,,100000,7000000,,30,1095,1m,3y,,e0584b210b83921b7e2cc4b0b9b517cb75e503a9e5073eca2ab61bf60e49e86c,True,2026-08-24 13:50:38,,24%,,,100 000–7 000 000 ₽,4,,,,,,,,
17043,461403,credit,Пенсионный,Пенсионный,https://www.banki.ru/products/credits/credit/4614/,,12.03.2026 18:57,194350,1943501,bank,Байкалкредобанк,,2990,www.baikalcredobank.ru,+7 (3952) 24-16-02,"664025, г. Иркутск ул. Ленина, д. 18",baikalcredobank,RUB,https://www.banki.ru/products/credits/credit/4614/,23.0,23.0,,300000,1000000,,365,1095,1y,3y,,43bf64e77d957b3817f752ad3be7432e420d9ee07c1a9016ed06d9b9e8c65fef,True,2026-08-24 13:50:38,,23%,,,300 000–1 000 000 ₽,4,,,,,,,,
16776,133403,credit,Байкальский,Байкальский,https://www.banki.ru/products/credits/credit/1334/,,12.03.2026 18:57,194350,1943501,bank,Байкалкредобанк,,2990,www.baikalcredobank.ru,+7 (3952) 24-16-02,"664025, г. Иркутск ул. Ленина, д. 18",baikalcredobank,RUB,https://www.banki.ru/products/credits/credit/1334/,26.0,26.0,,300000,1000000,,365,1825,1y,5y,,2da7cc419b43f421da99580ad57e25ed6c55964c2bd74fd09039c528abe4e40a,True,2026-08-24 13:50:38,,26%,,,300 000–1 000 000 ₽,4,,,,,,,,
17043,461403,credit,Пенсионный,Пенсионный,https://www.banki.ru/products/credits/credit/4614/,,08.04.2026 16:23,194350,1943501,bank,Байкалкредобанк,,2990,www.baikalcredobank.ru,+7 (3952) 24-16-02,"664025, г. Иркутск ул. Ленина, д. 18",baikalcredobank,RUB,https://www.banki.ru/products/credits/credit/4614/,22.0,22.0,,300000,500000,,365,1095,1y,3y,,44c43c517a86b9b9f4b8f71c48689d27f3e8d1f9938df528862b0177ee97e9c6,True,2026-08-24 13:50:38,,22%,,,300 000–500 000 ₽,4,,,,,,,,
16824,285803,credit,Стандарт,Стандарт,https://www.banki.ru/products/credits/credit/2858/,,23.06.2026 18:33,195603,1956031,bank,Крона-Банк,,2499,www.krona-bank.ru,+7 (3952) 25-25-05,"664007, г. Иркутск, ул. Дзержинского, д. 29",krona-bank,RUB,https://www.banki.ru/products/credits/credit/2858/,20.5,22.0,,50000,1500000,,92,1825,1m3y,5y,,ba16642596aebe461655aa1c1b4ac6f49ad309008505a2378a5ca8de3c1e850f,True,2026-08-24 13:50:38,,"20,5–22%",,,50 000–1 500 000 ₽,4,,,,,,,,
17034,459003,credit,Пенсионный,Пенсионный,https://www.banki.ru/products/credits/credit/4590/,,23.06.2026 18:33,195603,1956031,bank,Крона-Банк,,2499,www.krona-bank.ru,+7 (3952) 25-25-05,"664007, г. Иркутск, ул. Дзержинского, д. 29",krona-bank,RUB,https://www.banki.ru/products/credits/credit/4590/,21.0,22.0,,30000,500000,,365,730,1m1y,2y,,1a08922f0b6f62dd1d635581081fd59da10d9ee7799cd1ff62737e3d1472bcb6,True,2026-08-24 13:50:38,,21–22%,,,30 000–500 000 ₽,4,,,,,,,,
16825,286003,credit,Доверительный,Доверительный,https://www.banki.ru/products/credits/credit/2860/,,23.06.2026 18:34,195603,1956031,bank,Крона-Банк,,2499,www.krona-bank.ru,+7 (3952) 25-25-05,"664007, г. Иркутск, ул. Дзержинского, д. 29",krona-bank,RUB,https://www.banki.ru/products/credits/credit/2860/,22.0,23.5,,30000,500000,,92,1095,2y,3y,,9c597bab0c58e142778672d03ee5bac9aa3a8a0506c3e52fc11c879770f10e3e,True,2026-08-24 13:50:38,,"22–23,5%",,,30 000–500 000 ₽,4,,,,,,,,
17043,461403,credit,Пенсионный,Пенсионный,https://www.banki.ru/products/credits/credit/4614/,,16.12.2025 18:16,194350,1943501,bank,Байкалкредобанк,,2990,www.baikalcredobank.ru,+7 (3952) 24-16-02,"664025, г. Иркутск ул. Ленина, д. 18
",baikalcredobank,RUB,https://www.banki.ru/products/credits/credit/4614/,23.0,23.0,,500000,1000000,,365,1095,1y,3y,,bd4d383e3e1ac96500462a14e23a00b70ac91327f8087d7324291bed47b78aca,True,2026-08-24 13:50:38,,23%,,,500 000–1 000 000 ₽,4,,,,,,,,
16776,133403,credit,Байкальский,Байкальский,https://www.banki.ru/products/credits/credit/1334/,,16.12.2025 18:16,194350,1943501,bank,Байкалкредобанк,,2990,www.baikalcredobank.ru,+7 (3952) 24-16-02,"664025, г. Иркутск ул. Ленина, д. 18
",baikalcredobank,RUB,https://www.banki.ru/products/credits/credit/1334/,26.0,26.0,,500000,1000000,,365,1825,1y,5y,,5bb873cb2699bd132dddfd31572653c500ff23a82f0ab632f2a8524ca2cc424a,True,2026-08-24 13:50:38,,26%,,,500 000–1 000 000 ₽,4,,,,,,,,
17043,461403,credit,Пенсионный,Пенсионный,https://www.banki.ru/products/credits/credit/4614/,,10.06.2026 18:57,194350,1943501,bank,Байкалкредобанк,,2990,www.baikalcredobank.ru,+7 (3952) 24-16-02,"664025, г. Иркутск ул. Ленина, д. 18",baikalcredobank,RUB,https://www.banki.ru/products/credits/credit/4614/,22.0,22.0,,300000,500000,,365,1825,1y,5y,,5ee1361185b0cc5ee20cf5ff033eb1fe050c67573ccaab810e8a126c2adbcf6d,True,2026-08-24 13:50:38,,22%,,,300 000–500 000 ₽,4,,,,,,,,
16776,133403,credit,Байкальский,Байкальский,https://www.banki.ru/products/credits/credit/1334/,,10.06.2026 18:57,194350,1943501,bank,Байкалкредобанк,,2990,www.baikalcredobank.ru,+7 (3952) 24-16-02,"664025, г. Иркутск ул. Ленина, д. 18",baikalcredobank,RUB,https://www.banki.ru/products/credits/credit/1334/,25.0,25.0,,300000,1000000,,365,1825,1y,5y,,1cef509490729c2c575feb398f6089f39814407645c2de0c5a1c8027c6f89dc5,True,2026-08-24 13:50:38,,25%,,,300 000–1 000 000 ₽,4,,,,,,,,
17043,461403,credit,Пенсионный,Пенсионный,https://www.banki.ru/products/credits/credit/4614/,,22.06.2026 18:16,194350.0,1943501.0,bank,Байкалкредобанк,,2990,www.baikalcredobank.ru,+7 (3952) 24-16-02,"664025, г. Иркутск ул. Ленина, д. 18",baikalcredobank,RUB,https://www.banki.ru/products/credits/credit/4614/,22.0,22.0,,300000,500000,,365,1825,1y,5y,,62bdc7bdbd2330d925dbdf8ee86db3e9d75e22efa01915a0aa6158c8ff02b947,True,2026-08-24 13:50:38,,22%,,,300 000–500 000 ₽,4,,,,,,,,
16776,133403,credit,Байкальский,Байкальский,https://www.banki.ru/products/credits/credit/1334/,,22.06.2026 18:16,194350.0,1943501.0,bank,Байкалкредобанк,,2990,www.baikalcredobank.ru,+7 (3952) 24-16-02,"664025, г. Иркутск ул. Ленина, д. 18",baikalcredobank,RUB,https://www.banki.ru/products/credits/credit/1334/,25.0,25.0,,300000,1000000,,365,1825,1y,5y,,3c4f5b0910c40069a7fa4c927bc6fc477e9d9b7bc934e6ead8a6f58ee4e1ee20,True,2026-08-24 13:50:38,,25%,,,300 000–1 000 000 ₽,4,,,,,,,,
19384,445103,credit,Залоговый+,Залоговый+,https://www.banki.ru/products/credits/credit/4451/,https://cdn.banki.ru/cdn/bank/193292_mobile_logo_url.png,18.03.2026 13:11,193292.0,1932921.0,bank,Норвик Банк,https://cdn.banki.ru/cdn/bank/193292_mobile_logo_url.png,902,norvikbank.ru,8 800 100-17-77,"115054, г. Москва, ул. Зацепский Вал, д. 5",norvik-bank,RUB,https://www.banki.ru/products/credits/credit/4451/,16.5,40.0,,500000,20000000,,31,7300,1m,20y,,504648ffb2afd03087e98ac76cb81b065397627cd12ad9dc780cbaf15b0a5ba7,True,2026-08-24 13:50:38,,"16,5–40%",,,500 000–20 000 000 ₽,4,,,,,,,,
16753,56103,credit,Наличными,Наличными,https://www.banki.ru/products/credits/credit/561/,https://cdn.banki.ru/cdn/bank/36119_mobile_logo_url.png,27.02.2026 17:59,36119.0,361191.0,bank,Ак Барс Банк,https://cdn.banki.ru/cdn/bank/36119_mobile_logo_url.png,2590,www.akbars.ru,8 800 200-53-03,"420066, г. Казань, ул. Декабристов, д. 1",akbars,RUB,https://www.banki.ru/products/credits/credit/561/,16.2,52.6,,30000,3000000,,365,1825,1y,5y,,8258b83c45f8930c8c82283a3bfff2d20d42a261ac4d36360973c5a44b5b41e2,True,2026-08-24 13:50:38,,"16,2–52,6%",,,30 000–3 000 000 ₽,4,,,,,,,,
19315,57103,credit,Под залог недвижимости,Под залог недвижимости,https://www.banki.ru/products/credits/credit/571/,https://cdn.banki.ru/cdn/bank/36119_mobile_logo_url.png,27.02.2026 18:15,36119.0,361191.0,bank,Ак Барс Банк,https://cdn.banki.ru/cdn/bank/36119_mobile_logo_url.png,2590,www.akbars.ru,8 800 200-53-03,"420066, г. Казань, ул. Декабристов, д. 1",akbars,RUB,https://www.banki.ru/products/credits/credit/571/,23.0,24.0,,500000,20000000,,1095,5475,3y,15y,,0d64e69297ef388047d7da4c37d2f91691eef1791e527730203e52490d378336,True,2026-08-24 13:50:38,,23–24%,,,500 000–20 000 000 ₽,4,,,,,,,,
19314,54103,credit,Под залог недвижимости,Под залог недвижимости,https://www.banki.ru/products/credits/credit/541/,https://static4.banki.ru/ugc/f2/39/74/18/191048.png,02.03.2026 18:52,191048.0,1910481.0,bank,СЕВЕРГАЗБАНК,https://static4.banki.ru/ugc/f2/39/74/18/191048.png,2816,www.severgazbank.ru,8 800 700-25-52,"160001, г. Вологда, ул. Благовещенская, д. 3",severgazbank,RUB,https://www.banki.ru/products/credits/credit/541/,22.8,24.8,,500000,5000000,,365,7300,1y,20y,,4964394ffadf78819f16640f2c2bd59fc9c0fc53beff1eed78990c04b75c51c9,True,2026-08-24 13:50:38,,"22,8–24,8%",,,500 000–5 000 000 ₽,4,,,,,,,,
17232,516103,credit,Доступный,Доступный,https://www.banki.ru/products/credits/credit/5161/,https://static4.banki.ru/ugc/f2/39/74/18/191048.png,02.03.2026 18:51,191048.0,1910481.0,bank,СЕВЕРГАЗБАНК,https://static4.banki.ru/ugc/f2/39/74/18/191048.png,2816,www.severgazbank.ru,8 800 700-25-52,"160001, г. Вологда, ул. Благовещенская, д. 3",severgazbank,RUB,https://www.banki.ru/products/credits/credit/5161/,29.4,30.9,,50000,2500000,,397,1825,13m,5y,,93e27cac3f12acc2e4ada5a2400a24c714ee94b001bd3e65b8ca795cbc884e09,True,2026-08-24 13:50:38,,"29,4–30,9%",,,50 000–2 500 000 ₽,4,,,,,,,,
25589,20120203,credit,Под залог недвижимости,Под залог недвижимости,https://www.banki.ru/products/credits/credit/201202/,https://cdn.banki.ru/cdn/card-designs/Group_7facb8d5d6.png,30.07.2026 12:10,3,31,bank,Поволжское ОВК ,https://cdn.banki.ru/cdn/card-designs/Group_7facb8d5d6.png,-,https://ovk-volga.ru,8 800 24-93-33,"410056, г. Саратов, ул. Cоветская, №86/70",ovkvolga,RUB,https://www.banki.ru/products/credits/credit/201202/,9.3,24.0,,100000,10000000,,183,1095,6m,3y,,02b572be04627d1a3f3b422137508bf26e7322771e6b25515f6e84a8d0c8b7b4,True,2026-08-24 13:50:38,,"9,3–24%",,,100 000–10 000 000 ₽,4,,,,,,,,
18974,20113803,credit,Твой выбор (с обеспечением),Твой выбор (с обеспечением),https://www.banki.ru/products/credits/credit/201138/,https://cdn.banki.ru/cdn/bank/195190_mobile_logo_url.png,13.04.2026 17:47,195190,1951901,bank,Владбизнесбанк,https://cdn.banki.ru/cdn/bank/195190_mobile_logo_url.png,903,www.vlbb.ru,+7 (4922) 77-91-82,"600015, г. Владимир, просп. Ленина, д. 35",vladbiznesbank,RUB,https://www.banki.ru/products/credits/credit/201138/,15.0,21.5,,1000001,3000000,,397,1825,37m,5y,,8824dff2a2ca67ad2e2cfb2944702d826258526606938fb105fd0e255e480935,True,2026-08-24 13:50:38,,"15–21,5%",,,1 000 001–3 000 000 ₽,4,,,,,,,,
17225,515203,credit,Твой выбор,Твой выбор,https://www.banki.ru/products/credits/credit/5152/,https://cdn.banki.ru/cdn/bank/195190_mobile_logo_url.png,13.04.2026 17:46,195190,1951901,bank,Владбизнесбанк,https://cdn.banki.ru/cdn/bank/195190_mobile_logo_url.png,903,www.vlbb.ru,+7 (4922) 77-91-82,"600015, г. Владимир, просп. Ленина, д. 35",vladbiznesbank,RUB,https://www.banki.ru/products/credits/credit/5152/,15.0,26.9,,100000,1000000,,397,1825,37m,5y,,15b51c0bd9e14a028038c8994665628c0c9690c877ac79748988b31f9155639b,True,2026-08-24 13:50:38,,"15–26,9%",,,100 000–1 000 000 ₽,4,,,,,,,,
18974,20113803,credit,Твой выбор (с обеспечением),Твой выбор (с обеспечением),https://www.banki.ru/products/credits/credit/201138/,https://cdn.banki.ru/cdn/bank/195190_mobile_logo_url.png,19.03.2026 18:10,195190,1951901,bank,Владбизнесбанк,https://cdn.banki.ru/cdn/bank/195190_mobile_logo_url.png,903,www.vlbb.ru,+7 (4922) 77-91-82,"600015, г. Владимир, просп. Ленина, д. 35",vladbiznesbank,RUB,https://www.banki.ru/products/credits/credit/201138/,15.5,23.5,,1000001,3000000,,397,1825,37m,5y,,391b8fae2be44c3ebd4ecd3fa237923c9bc2de70542f3352d2b13aae19be36e2,True,2026-08-24 13:50:38,,"15,5–23,5%",,,1 000 001–3 000 000 ₽,4,,,,,,,,
17225,515203,credit,Твой выбор,Твой выбор,https://www.banki.ru/products/credits/credit/5152/,https://cdn.banki.ru/cdn/bank/195190_mobile_logo_url.png,19.03.2026 18:10,195190,1951901,bank,Владбизнесбанк,https://cdn.banki.ru/cdn/bank/195190_mobile_logo_url.png,903,www.vlbb.ru,+7 (4922) 77-91-82,"600015, г. Владимир, просп. Ленина, д. 35",vladbiznesbank,RUB,https://www.banki.ru/products/credits/credit/5152/,16.9,28.9,,100000,1000000,,397,1825,37m,5y,,59a7af25b10b8085a0c5f46dc7ff4cd51ea0732203ad66f2c355dff0c902cbb5,True,2026-08-24 13:50:38,,"16,9–28,9%",,,100 000–1 000 000 ₽,4,,,,,,,,
17570,20097103,credit,Бюджетный,Бюджетный,https://www.banki.ru/products/credits/credit/200971/,https://cdn.banki.ru/cdn/bank/195190_mobile_logo_url.png,19.03.2026 18:10,195190,1951901,bank,Владбизнесбанк,https://cdn.banki.ru/cdn/bank/195190_mobile_logo_url.png,903,www.vlbb.ru,+7 (4922) 77-91-82,"600015, г. Владимир, просп. Ленина, д. 35",vladbiznesbank,RUB,https://www.banki.ru/products/credits/credit/200971/,17.9,21.9,,30000,1000000,,397,1825,13m,5y,,a586471f13b83f2f25dc13d153a7438c843664b0bf8adaf97a93bd732eb5b6cd,True,2026-08-24 13:50:38,,"17,9–21,9%",,,30 000–1 000 000 ₽,4,,,,,,,,
18974,20113803,credit,Твой выбор (с обеспечением),Твой выбор (с обеспечением),https://www.banki.ru/products/credits/credit/201138/,https://cdn.banki.ru/cdn/bank/195190_mobile_logo_url.png,10.12.2025 14:07,195190,1951901,bank,Владбизнесбанк,https://cdn.banki.ru/cdn/bank/195190_mobile_logo_url.png,903,www.vlbb.ru,+7 (4922) 77-91-82,"600015, г. Владимир, просп. Ленина, д. 35
",vladbiznesbank,RUB,https://www.banki.ru/products/credits/credit/201138/,18.0,24.0,,1000001,3000000,,397,1825,37m,5y,,f67eb7590395e686edb24ce95b75d13605953024172d7a0819b79945c6516f22,True,2026-08-24 13:50:38,,18–24%,,,1 000 001–3 000 000 ₽,4,,,,,,,,
17225,515203,credit,Твой выбор,Твой выбор,https://www.banki.ru/products/credits/credit/5152/,https://cdn.banki.ru/cdn/bank/195190_mobile_logo_url.png,10.12.2025 14:06,195190,1951901,bank,Владбизнесбанк,https://cdn.banki.ru/cdn/bank/195190_mobile_logo_url.png,903,www.vlbb.ru,+7 (4922) 77-91-82,"600015, г. Владимир, просп. Ленина, д. 35
",vladbiznesbank,RUB,https://www.banki.ru/products/credits/credit/5152/,18.0,29.4,,100000,1000000,,397,1825,37m,5y,,c4bd2ed6e86bdd9d36f6aa8ebba51d643bb48b6ad2d2fdeed5f40cac0378cce7,True,2026-08-24 13:50:38,,"18–29,4%",,,100 000–1 000 000 ₽,4,,,,,,,,
17570,20097103,credit,Бюджетный,Бюджетный,https://www.banki.ru/products/credits/credit/200971/,https://cdn.banki.ru/cdn/bank/195190_mobile_logo_url.png,10.12.2025 14:07,195190,1951901,bank,Владбизнесбанк,https://cdn.banki.ru/cdn/bank/195190_mobile_logo_url.png,903,www.vlbb.ru,+7 (4922) 77-91-82,"600015, г. Владимир, просп. Ленина, д. 35
",vladbiznesbank,RUB,https://www.banki.ru/products/credits/credit/200971/,18.5,22.5,,30000,1000000,,397,1825,13m,5y,,30cd732a4e0176b83922394542650d804dba153de7f75d9e3fc5d67778266615,True,2026-08-24 13:50:38,,"18,5–22,5%",,,30 000–1 000 000 ₽,4,,,,,,,,
19884,21116103,credit,Юбилейный,Юбилейный,https://www.banki.ru/products/credits/credit/211161/,https://cdn.banki.ru/cdn/bank/195190_mobile_logo_url.png,10.12.2025 14:07,195190,1951901,bank,Владбизнесбанк,https://cdn.banki.ru/cdn/bank/195190_mobile_logo_url.png,903,www.vlbb.ru,+7 (4922) 77-91-82,"600015, г. Владимир, просп. Ленина, д. 35
",vladbiznesbank,RUB,https://www.banki.ru/products/credits/credit/211161/,19.9,19.9,,300000,1000000,,397,1825,13m,5y,,76accfc816074b4060664854a96bbb944921a1f73b1c5a2b2d5f161db9b951f1,True,2026-08-24 13:50:38,,"19,9%",,,300 000–1 000 000 ₽,4,,,,,,,,
16913,378903,credit,Проще не бывает,Проще не бывает,https://www.banki.ru/products/credits/credit/3789/,https://cdn.banki.ru/cdn/bank/195190_mobile_logo_url.png,10.12.2025 14:07,195190,1951901,bank,Владбизнесбанк,https://cdn.banki.ru/cdn/bank/195190_mobile_logo_url.png,903,www.vlbb.ru,+7 (4922) 77-91-82,"600015, г. Владимир, просп. Ленина, д. 35
",vladbiznesbank,RUB,https://www.banki.ru/products/credits/credit/3789/,28.0,28.0,,50000,100000,,397,730,13m,2y,,77a2a8d4f80b79b7b7f6d77e053933581bf9920bd6c69d3a1874e32af426208f,True,2026-08-24 13:50:38,,28%,,,50 000–100 000 ₽,4,,,,,,,,
19305,20103703,credit,Залоговый,Залоговый,https://www.banki.ru/products/credits/credit/201037/,https://cdn.banki.ru/cdn/bank/188785_mobile_logo_url.png,10.12.2025 16:37,188785,1887851,bank,Газтрансбанк,https://cdn.banki.ru/cdn/bank/188785_mobile_logo_url.png,665,www.gaztransbank.ru,+7 (861) 279-03-05,"350015, Краснодарский край, г. Краснодар, ул. Северная, д. 321
",gaztransbank,RUB,https://www.banki.ru/products/credits/credit/201037/,22.5,28.5,,500000,15000000,,365,2555,3y,7y,,40f09e7695f2c4ca46ca8acf22c43b8db5bfeca13934c89204c9d122e2cf7c61,True,2026-08-24 13:50:38,,"22,5–28,5%",,,500 000–15 000 000 ₽,4,,,,,,,,
17092,482803,credit,Легкий,Легкий,https://www.banki.ru/products/credits/credit/4828/,https://cdn.banki.ru/cdn/bank/188785_mobile_logo_url.png,10.12.2025 16:33,188785,1887851,bank,Газтрансбанк,https://cdn.banki.ru/cdn/bank/188785_mobile_logo_url.png,665,www.gaztransbank.ru,+7 (861) 279-03-05,"350015, Краснодарский край, г. Краснодар, ул. Северная, д. 321
",gaztransbank,RUB,https://www.banki.ru/products/credits/credit/4828/,24.5,31.5,,50000,1000000,,365,1825,3y,5y,,96031bd94c9ea86f8ee04ed0e470a6c8003d47439804316d5c87b04a6abd2482,True,2026-08-24 13:50:38,,"24,5–31,5%",,,50 000–1 000 000 ₽,4,,,,,,,,
18977,20113903,credit,Газификация,Газификация,https://www.banki.ru/products/credits/credit/201139/,https://cdn.banki.ru/cdn/bank/188785_mobile_logo_url.png,10.12.2025 16:36,188785,1887851,bank,Газтрансбанк,https://cdn.banki.ru/cdn/bank/188785_mobile_logo_url.png,665,www.gaztransbank.ru,+7 (861) 279-03-05,"350015, Краснодарский край, г. Краснодар, ул. Северная, д. 321
",gaztransbank,RUB,https://www.banki.ru/products/credits/credit/201139/,26.5,32.5,,20000,300000,,365,1825,3y,5y,,bac3a2205744802596df92a5c54c67af6b0413a8e8b65d347250995969f202e3,True,2026-08-24 13:50:38,,"26,5–32,5%",,,20 000–300 000 ₽,4,,,,,,,,
19390,460703,credit,Залоговый,Залоговый,https://www.banki.ru/products/credits/credit/4607/,,25.05.2026 15:41,293131,2931311,bank,Черноморский банк развития и реконструкции,,3527,чбрр.рф,+7 (3652) 54-89-05,"295001, Республика Крым, г. Симферополь, ул. Большевистская, д. 24",chbrr,RUB,https://www.banki.ru/products/credits/credit/4607/,23.0,24.0,,100000,10000000,,365,2555,1y,7y,,5e237550bf6fb09a851d3f8cf3809bf93ffc66e5e590da74848968f57d436d41,True,2026-08-24 13:50:38,,23–24%,,,100 000–10 000 000 ₽,4,,,,,,,,
19333,282703,credit,На неотложные нужды (под залог недвижимости),На неотложные нужды (под залог недвижимости),https://www.banki.ru/products/credits/credit/2827/,https://cdn.banki.ru/cdn/bank/193416_mobile_logo_url.png,24.06.2026 18:11,193416.0,1934161.0,bank,Новобанк,https://cdn.banki.ru/cdn/bank/193416_mobile_logo_url.png,1352,novobank.ru,+7 (8162) 50-11-00,"173003, г. Великий Новгород, наб. реки Гзень, д. 11",novobank,RUB,https://www.banki.ru/products/credits/credit/2827/,20.5,25.5,,300000,3000000,,183,1825,37m,5y,,ac2c35136ad10ba26964f739688ebf90ebf1b4b706e6b24c7e279bc6b74f5f81,True,2026-08-24 13:50:38,,"20,5–25,5%",,,300 000–3 000 000 ₽,4,,,,,,,,
16820,282803,credit,На неотложные нужды (с обеспечением),На неотложные нужды (с обеспечением),https://www.banki.ru/products/credits/credit/2828/,https://cdn.banki.ru/cdn/bank/193416_mobile_logo_url.png,24.06.2026 18:05,193416.0,1934161.0,bank,Новобанк,https://cdn.banki.ru/cdn/bank/193416_mobile_logo_url.png,1352,novobank.ru,+7 (8162) 50-11-00,"173003, г. Великий Новгород, наб. реки Гзень, д. 11",novobank,RUB,https://www.banki.ru/products/credits/credit/2828/,22.0,29.0,,200000,3000000,,183,1825,37m,5y,,fbdc71d764db1c1eaf2a04ab83ec3cf55c3766038b15002b8ee67ea606480b5d,True,2026-08-24 13:50:38,,22–29%,,,200 000–3 000 000 ₽,4,,,,,,,,
19333,282703,credit,На неотложные нужды (под залог недвижимости),На неотложные нужды (под залог недвижимости),https://www.banki.ru/products/credits/credit/2827/,https://cdn.banki.ru/cdn/bank/193416_mobile_logo_url.png,16.06.2026 17:34,193416,1934161,bank,Новобанк,https://cdn.banki.ru/cdn/bank/193416_mobile_logo_url.png,1352,novobank.ru,+7 (8162) 50-11-00,"173003, г. Великий Новгород, наб. реки Гзень, д. 11",novobank,RUB,https://www.banki.ru/products/credits/credit/2827/,20.5,25.5,,300000,3000000,,183,1825,37m,5y,,be3a8edba071616b0a2bafeed2b163f597775bd9ac42738235508919235571bd,True,2026-08-24 13:50:38,,"20,5–25,5%",,,300 000–3 000 000 ₽,4,,,,,,,,
16820,282803,credit,На неотложные нужды (с обеспечением),На неотложные нужды (с обеспечением),https://www.banki.ru/products/credits/credit/2828/,https://cdn.banki.ru/cdn/bank/193416_mobile_logo_url.png,15.06.2026 17:47,193416,1934161,bank,Новобанк,https://cdn.banki.ru/cdn/bank/193416_mobile_logo_url.png,1352,novobank.ru,+7 (8162) 50-11-00,"173003, г. Великий Новгород, наб. реки Гзень, д. 11",novobank,RUB,https://www.banki.ru/products/credits/credit/2828/,22.0,29.0,,200000,3000000,,183,1825,37m,5y,,9c0637608283f40b4670cdc21ee4f760e7a12ee4b68fa2037334072b0562adf6,True,2026-08-24 13:50:38,,22–29%,,,200 000–3 000 000 ₽,4,,,,,,,,
19411,502303,credit,Под залог недвижимости,Под залог недвижимости,https://www.banki.ru/products/credits/credit/5023/,https://cdn.banki.ru/cdn/bank/12374_mobile_logo_url.png,08.12.2025 18:24,12374,123741,bank,НС Банк,https://cdn.banki.ru/cdn/bank/12374_mobile_logo_url.png,3124,www.nsbank.ru,8 800 555-43-24,"109004, г. Москва, ул. Добровольческая, д. 20, стр. 2
",nsbank,RUB,https://www.banki.ru/products/credits/credit/5023/,21.5,23.5,,500000,20000000,,1825,7300,5y,20y,,b83e18a2df9357720185da0ad4219dfda8f909e30a55fd3e353e1e35cc0c8e7a,True,2026-08-24 13:50:38,,"21,5–23,5%",,,500 000–20 000 000 ₽,4,,,,,,,,
19333,282703,credit,На неотложные нужды (под залог недвижимости),На неотложные нужды (под залог недвижимости),https://www.banki.ru/products/credits/credit/2827/,https://cdn.banki.ru/cdn/bank/193416_mobile_logo_url.png,09.12.2025 13:47,193416,1934161,bank,Новобанк,https://cdn.banki.ru/cdn/bank/193416_mobile_logo_url.png,1352,novobank.ru,+7 (8162) 50-11-00,"173003, г. Великий Новгород, наб. реки Гзень, д. 11",novobank,RUB,https://www.banki.ru/products/credits/credit/2827/,22.0,27.0,,300000,3000000,,183,1825,37m,5y,,ac4c9614ea20b2e644bf880a20a3bd295be0f744b1d41519a194b1d562008c55,True,2026-08-24 13:50:38,,22–27%,,,300 000–3 000 000 ₽,4,,,,,,,,
16820,282803,credit,На неотложные нужды (с обеспечением),На неотложные нужды (с обеспечением),https://www.banki.ru/products/credits/credit/2828/,https://cdn.banki.ru/cdn/bank/193416_mobile_logo_url.png,09.12.2025 13:46,193416,1934161,bank,Новобанк,https://cdn.banki.ru/cdn/bank/193416_mobile_logo_url.png,1352,novobank.ru,+7 (8162) 50-11-00,"173003, г. Великий Новгород, наб. реки Гзень, д. 11",novobank,RUB,https://www.banki.ru/products/credits/credit/2828/,23.5,29.0,,200000,3000000,,183,1825,37m,5y,,979199bbf393d150508f9b3a5bd00b2591c6ff03dc84a0fd12230279cb0aea3f,True,2026-08-24 13:50:38,,"23,5–29%",,,200 000–3 000 000 ₽,4,,,,,,,,
19362,388403,credit,Для своих (с обеспечением),Для своих (с обеспечением),https://www.banki.ru/products/credits/credit/3884/,https://cdn.banki.ru/cdn/bank/192869_mobile_logo_url.png,15.12.2025 18:47,192869,1928691,bank,ЕВРОАЛЬЯНС,https://cdn.banki.ru/cdn/bank/192869_mobile_logo_url.png,1781,www.euroalliance.ru,8 800 700-92-22,"153000, г. Иваново, ул. Станко, д. 13
",euroalliance,RUB,https://www.banki.ru/products/credits/credit/3884/,25.5,25.5,,20000,1000000,,31,1825,1m,5y,,8d06016ff22beebbaec94d9540b717095bf765a13d644df10976b57b29ae613d,True,2026-08-24 13:50:38,,"25,5%",,,20 000–1 000 000 ₽,4,,,,,,,,
19328,177103,credit,Наличными (с обеспечением),Наличными (с обеспечением),https://www.banki.ru/products/credits/credit/1771/,https://cdn.banki.ru/cdn/bank/192869_mobile_logo_url.png,15.12.2025 18:46,192869,1928691,bank,ЕВРОАЛЬЯНС,https://cdn.banki.ru/cdn/bank/192869_mobile_logo_url.png,1781,www.euroalliance.ru,8 800 700-92-22,"153000, г. Иваново, ул. Станко, д. 13
",euroalliance,RUB,https://www.banki.ru/products/credits/credit/1771/,29.5,29.5,,50000,1000000,,31,1825,1m,5y,,429d59d3f28025db5fe26b71b0e75e5e4f4a95c28a28a4c72ff4010ba7e25ed2,True,2026-08-24 13:50:38,,"29,5%",,,50 000–1 000 000 ₽,4,,,,,,,,
17040,460503,credit,Для своих,Для своих,https://www.banki.ru/products/credits/credit/4605/,https://cdn.banki.ru/cdn/bank/192869_mobile_logo_url.png,15.12.2025 18:47,192869,1928691,bank,ЕВРОАЛЬЯНС,https://cdn.banki.ru/cdn/bank/192869_mobile_logo_url.png,1781,www.euroalliance.ru,8 800 700-92-22,"153000, г. Иваново, ул. Станко, д. 13
",euroalliance,RUB,https://www.banki.ru/products/credits/credit/4605/,29.5,29.5,,20000,500000,,31,1825,1m,5y,,316648bd82dc8a1e1d5171e67ea3451127e9d9a6dc770daf2834f47edc6626bc,True,2026-08-24 13:50:38,,"29,5%",,,20 000–500 000 ₽,4,,,,,,,,
16791,177003,credit,Наличными,Наличными,https://www.banki.ru/products/credits/credit/1770/,https://cdn.banki.ru/cdn/bank/192869_mobile_logo_url.png,15.12.2025 18:46,192869,1928691,bank,ЕВРОАЛЬЯНС,https://cdn.banki.ru/cdn/bank/192869_mobile_logo_url.png,1781,www.euroalliance.ru,8 800 700-92-22,"153000, г. Иваново, ул. Станко, д. 13
",euroalliance,RUB,https://www.banki.ru/products/credits/credit/1770/,32.5,32.5,,50000,500000,,31,1825,1m,5y,,6abd23de1d411adb497ffa2aa1a5982928b833efcf13ca2db6e5adfe67f6681b,True,2026-08-24 13:50:38,,"32,5%",,,50 000–500 000 ₽,4,,,,,,,,
19451,525003,credit,Под залог (недвижимости),Под залог (недвижимости),https://www.banki.ru/products/credits/credit/5250/,,16.12.2025 18:12,190481,1904811,bank,Хакасский муниципальный банк,,1049,www.kbhmb.ru,+7 (3902) 35-75-00,"655017, Республика Хакасия, г. Абакан, ул. Хакасская, д. 73
",hmb,RUB,https://www.banki.ru/products/credits/credit/5250/,25.0,25.0,,300000,20000000,,1067,3650,35m,10y,,bbf7fe63abe5788d07116b808b598537a4cba8f95b113188bbbd375a99bcbdbe,True,2026-08-24 13:50:38,,25%,,,300 000–20 000 000 ₽,4,,,,,,,,
17595,20099603,credit,Под залог авто,Под залог авто,https://www.banki.ru/products/credits/credit/200996/,,16.12.2025 18:11,190481,1904811,bank,Хакасский муниципальный банк,,1049,www.kbhmb.ru,+7 (3902) 35-75-00,"655017, Республика Хакасия, г. Абакан, ул. Хакасская, д. 73
",hmb,RUB,https://www.banki.ru/products/credits/credit/200996/,26.0,26.0,,100000,20000000,,1067,1800,35m,59m,,4c7575253bddcef1f0f2811bb6debcc855fa35434f2c0361a2918a9146d7ec0e,True,2026-08-24 13:50:38,,26%,,,100 000–20 000 000 ₽,4,,,,,,,,
16875,348503,credit,На любые цели (с обеспечением),На любые цели (с обеспечением),https://www.banki.ru/products/credits/credit/3485/,,16.12.2025 18:10,190481,1904811,bank,Хакасский муниципальный банк,,1049,www.kbhmb.ru,+7 (3902) 35-75-00,"655017, Республика Хакасия, г. Абакан, ул. Хакасская, д. 73
",hmb,RUB,https://www.banki.ru/products/credits/credit/3485/,29.0,29.0,,30000,20000000,,397,1800,13m,59m,,0f3e2d5cca4c1c3cb5ac6414646a4f49cfc97564cfb27965199843decffe8e8b,True,2026-08-24 13:50:38,,29%,,,30 000–20 000 000 ₽,4,,,,,,,,
16874,348403,credit,На любые цели,На любые цели,https://www.banki.ru/products/credits/credit/3484/,,16.12.2025 18:09,190481,1904811,bank,Хакасский муниципальный банк,,1049,www.kbhmb.ru,+7 (3902) 35-75-00,"655017, Республика Хакасия, г. Абакан, ул. Хакасская, д. 73
",hmb,RUB,https://www.banki.ru/products/credits/credit/3484/,32.0,32.0,,30000,150000,,397,1800,13m,59m,,f755728095aafaf1e65b0a399f9d9f46ecba3bc7dadbeead30b8209f6083f9b1,True,2026-08-24 13:50:38,,32%,,,30 000–150 000 ₽,4,,,,,,,,
19334,284103,credit,Под залог недвижимости для новых клиентов,Под залог недвижимости для новых клиентов,https://www.banki.ru/products/credits/credit/2841/,https://cdn.banki.ru/cdn/bank/325_mobile_logo_url.png,20.04.2026 12:23,325,3251,bank,Альфа-Банк,https://cdn.banki.ru/cdn/bank/325_mobile_logo_url.png,1326,www.alfabank.ru,8 800 200-00-00,"107078, г. Москва, ул. Каланчевская, д. 27",alfabank,RUB,https://www.banki.ru/products/credits/credit/2841/,17.4,27.9,,500000,30000000,,365,5475,1y,15y,,4ffbe73ed3f59534b47a82223d5af46d96122c95f91a0a8eb53855eb1ef4cf6b,True,2026-08-24 13:50:38,,"17,4–27,9%",,,500 000–30 000 000 ₽,4,,,,,,,,
19855,20115603,credit,На любые цели под залог,На любые цели под залог,https://www.banki.ru/products/credits/credit/201156/,https://cdn.banki.ru/cdn/bank/325_mobile_logo_url.png,20.04.2026 12:22,325,3251,bank,Альфа-Банк,https://cdn.banki.ru/cdn/bank/325_mobile_logo_url.png,1326,www.alfabank.ru,8 800 200-00-00,"107078, г. Москва, ул. Каланчевская, д. 27",alfabank,RUB,https://www.banki.ru/products/credits/credit/201156/,17.4,27.9,,500000,30000000,,365,5475,1y,15y,,ff2a430a5042b36d1a1004b4bfd880c0dc31d5381143471f878479a2c8b96f81,True,2026-08-24 13:50:38,,"17,4–27,9%",,,500 000–30 000 000 ₽,4,,,,,,,,
19334,284103,credit,На любые цели под залог недвижимости ,На любые цели под залог недвижимости ,https://www.banki.ru/products/credits/credit/2841/,https://cdn.banki.ru/cdn/bank/325_mobile_logo_url.png,15.04.2026 12:22,325,3251,bank,Альфа-Банк,https://cdn.banki.ru/cdn/bank/325_mobile_logo_url.png,1326,www.alfabank.ru,8 800 200-00-00,"107078, г. Москва, ул. Каланчевская, д. 27",alfabank,RUB,https://www.banki.ru/products/credits/credit/2841/,17.4,27.9,,500000,30000000,,365,5475,1y,15y,,09d2c731ee0fcf149558911d415478517534ffbe1879cd50401725a8cea926c7,True,2026-08-24 13:50:38,,"17,4–27,9%",,,500 000–30 000 000 ₽,4,,,,,,,,
19855,20115603,credit,Под залог недвижимости для новых клиентов,Под залог недвижимости для новых клиентов,https://www.banki.ru/products/credits/credit/201156/,https://cdn.banki.ru/cdn/bank/325_mobile_logo_url.png,15.04.2026 12:23,325,3251,bank,Альфа-Банк,https://cdn.banki.ru/cdn/bank/325_mobile_logo_url.png,1326,www.alfabank.ru,8 800 200-00-00,"107078, г. Москва, ул. Каланчевская, д. 27",alfabank,RUB,https://www.banki.ru/products/credits/credit/201156/,17.4,27.9,,500000,30000000,,365,5475,1y,15y,,78e2f38fcf1fd89d06bac27d5a73e8b57101f98810ffee1fb0f88da32ca6bba8,True,2026-08-24 13:50:38,,"17,4–27,9%",,,500 000–30 000 000 ₽,4,,,,,,,,
16904,374103,credit,Партнерский,Партнерский,https://www.banki.ru/products/credits/credit/3741/,https://cdn.banki.ru/cdn/bank/192912_mobile_logo_url.png,31.07.2026 12:54,192912,1929121,bank,СТРОЙЛЕСБАНК,https://cdn.banki.ru/cdn/bank/192912_mobile_logo_url.png,2995,www.slbank.ru,+7 (3452) 56-60-26,"625000, г. Тюмень, ул. Республики, д. 65",stroylesbank,RUB,https://www.banki.ru/products/credits/credit/3741/,23.9,23.9,,100000,1000000,,31,1825,1m,5y,,23428003c54b875a08258e44469e9843c0fe289c28bbfeb364e6776b78e4635b,True,2026-08-24 13:50:38,,"23,9%",,,100 000–1 000 000 ₽,4,,,,,,,,
19355,374203,credit,Партнерский (под залог недвижимости),Партнерский (под залог недвижимости),https://www.banki.ru/products/credits/credit/3742/,https://cdn.banki.ru/cdn/bank/192912_mobile_logo_url.png,31.07.2026 12:54,192912,1929121,bank,СТРОЙЛЕСБАНК,https://cdn.banki.ru/cdn/bank/192912_mobile_logo_url.png,2995,www.slbank.ru,+7 (3452) 56-60-26,"625000, г. Тюмень, ул. Республики, д. 65",stroylesbank,RUB,https://www.banki.ru/products/credits/credit/3742/,18.9,18.9,,1000001,60000000,,31,5475,1m,15y,,ebe5410f3a2da4d51a3fb35e3e8d12c79d823192ee3727d43e5ed853b2bcb80c,True,2026-08-24 13:50:38,,"18,9%",,,1 000 001–60 000 000 ₽,4,,,,,,,,
16906,374303,credit,Партнерский (под залог транспорта),Партнерский (под залог транспорта),https://www.banki.ru/products/credits/credit/3743/,https://cdn.banki.ru/cdn/bank/192912_mobile_logo_url.png,31.07.2026 12:57,192912,1929121,bank,СТРОЙЛЕСБАНК,https://cdn.banki.ru/cdn/bank/192912_mobile_logo_url.png,2995,www.slbank.ru,+7 (3452) 56-60-26,"625000, г. Тюмень, ул. Республики, д. 65",stroylesbank,RUB,https://www.banki.ru/products/credits/credit/3743/,20.9,20.9,,1000001,60000000,,31,2555,1m,7y,,143987bf74b4947eebfefafbc7a69582b2a58b3fdb1429d4288469b6b74baf05,True,2026-08-24 13:50:38,,"20,9%",,,1 000 001–60 000 000 ₽,4,,,,,,,,
19319,100903,credit,Оптимальный (под залог недвижимости),Оптимальный (под залог недвижимости),https://www.banki.ru/products/credits/credit/1009/,https://cdn.banki.ru/cdn/bank/192912_mobile_logo_url.png,25.06.2026 14:51,192912.0,1929121.0,bank,СТРОЙЛЕСБАНК,https://cdn.banki.ru/cdn/bank/192912_mobile_logo_url.png,2995,www.slbank.ru,+7 (3452) 56-60-26,"625000, г. Тюмень, ул. Республики, д. 65",stroylesbank,RUB,https://www.banki.ru/products/credits/credit/1009/,19.9,19.9,,500001,60000000,,31,5475,1m,15y,,b36bb247ed85f712456edc86dd0599fe3e303a7d57cb49e869cbfb93f2e082eb,True,2026-08-24 13:50:38,,"19,9%",,,500 001–60 000 000 ₽,4,,,,,,,,
19355,374203,credit,Партнерский (под залог недвижимости),Партнерский (под залог недвижимости),https://www.banki.ru/products/credits/credit/3742/,https://cdn.banki.ru/cdn/bank/192912_mobile_logo_url.png,25.06.2026 14:50,192912.0,1929121.0,bank,СТРОЙЛЕСБАНК,https://cdn.banki.ru/cdn/bank/192912_mobile_logo_url.png,2995,www.slbank.ru,+7 (3452) 56-60-26,"625000, г. Тюмень, ул. Республики, д. 65",stroylesbank,RUB,https://www.banki.ru/products/credits/credit/3742/,19.9,19.9,,1000001,60000000,,31,5475,1m,15y,,3c07d7ccc1135334d31faecc21f8ef15f87ba9fdf8d6395bcead7717fe0df4ba,True,2026-08-24 13:50:38,,"19,9%",,,1 000 001–60 000 000 ₽,4,,,,,,,,
16906,374303,credit,Партнерский (под залог транспорта),Партнерский (под залог транспорта),https://www.banki.ru/products/credits/credit/3743/,https://cdn.banki.ru/cdn/bank/192912_mobile_logo_url.png,25.06.2026 14:19,192912.0,1929121.0,bank,СТРОЙЛЕСБАНК,https://cdn.banki.ru/cdn/bank/192912_mobile_logo_url.png,2995,www.slbank.ru,+7 (3452) 56-60-26,"625000, г. Тюмень, ул. Республики, д. 65",stroylesbank,RUB,https://www.banki.ru/products/credits/credit/3743/,21.9,21.9,,1000001,60000000,,31,2555,1m,7y,,720efb6459840b24796bec68476d7550d3bbc5673a34c0e8edaa5b60fa362f9b,True,2026-08-24 13:50:38,,"21,9%",,,1 000 001–60 000 000 ₽,4,,,,,,,,
17283,523703,credit,Оптимальный (под залог авто),Оптимальный (под залог авто),https://www.banki.ru/products/credits/credit/5237/,https://cdn.banki.ru/cdn/bank/192912_mobile_logo_url.png,25.06.2026 14:18,192912.0,1929121.0,bank,СТРОЙЛЕСБАНК,https://cdn.banki.ru/cdn/bank/192912_mobile_logo_url.png,2995,www.slbank.ru,+7 (3452) 56-60-26,"625000, г. Тюмень, ул. Республики, д. 65",stroylesbank,RUB,https://www.banki.ru/products/credits/credit/5237/,24.9,24.9,,500001,60000000,,31,2555,1m,7y,,d0a837e24d5314da18e05fe874e37ac17f653de0ee1415f0ed401a7a7362a436,True,2026-08-24 13:50:38,,"24,9%",,,500 001–60 000 000 ₽,4,,,,,,,,
16904,374103,credit,Партнерский,Партнерский,https://www.banki.ru/products/credits/credit/3741/,https://cdn.banki.ru/cdn/bank/192912_mobile_logo_url.png,25.06.2026 14:18,192912.0,1929121.0,bank,СТРОЙЛЕСБАНК,https://cdn.banki.ru/cdn/bank/192912_mobile_logo_url.png,2995,www.slbank.ru,+7 (3452) 56-60-26,"625000, г. Тюмень, ул. Республики, д. 65",stroylesbank,RUB,https://www.banki.ru/products/credits/credit/3741/,24.9,24.9,,100000,1000000,,31,1825,1m,5y,,a1b10b5482b3e8802959a094c7e75ef4b9cac2eaaefbde4a9089938e9a3e18de,True,2026-08-24 13:50:38,,"24,9%",,,100 000–1 000 000 ₽,4,,,,,,,,
17041,460603,credit,Оптимальный,Оптимальный,https://www.banki.ru/products/credits/credit/4606/,https://cdn.banki.ru/cdn/bank/192912_mobile_logo_url.png,25.06.2026 14:18,192912.0,1929121.0,bank,СТРОЙЛЕСБАНК,https://cdn.banki.ru/cdn/bank/192912_mobile_logo_url.png,2995,www.slbank.ru,+7 (3452) 56-60-26,"625000, г. Тюмень, ул. Республики, д. 65",stroylesbank,RUB,https://www.banki.ru/products/credits/credit/4606/,29.9,29.9,,100000,500000,,31,1825,1m,5y,,0daff98b8534ba3b6cf31eb4e530e9712f0e044f30fdce3e4426dccb9b784b0a,True,2026-08-24 13:50:38,,"29,9%",,,100 000–500 000 ₽,4,,,,,,,,
19436,516903,credit,Под залог недвижимости,Под залог недвижимости,https://www.banki.ru/products/credits/credit/5169/,https://cdn.banki.ru/cdn/bank/193992_mobile_logo_url.png,18.11.2025 19:00,193992,1939921,bank,Датабанк,https://cdn.banki.ru/cdn/bank/193992_mobile_logo_url.png,646,www.databank.ru,8 800 301-91-91,"426076, Удмуртская Республика, г. Ижевск, ул. Ленина, д. 30
",izhcombank,RUB,https://www.banki.ru/products/credits/credit/5169/,20.5,23.5,,800000,100000000,,365,5475,1y,15y,,8ee87451a544fa1bd497407fc7f09a0f32c16cdf9047bbd747b0134936d205b5,True,2026-08-24 13:50:38,,"20,5–23,5%",,,800 000–100 000 000 ₽,4,,,,,,,,
19319,100903,credit,Оптимальный (под залог недвижимости),Оптимальный (под залог недвижимости),https://www.banki.ru/products/credits/credit/1009/,https://cdn.banki.ru/cdn/bank/192912_mobile_logo_url.png,16.06.2026 18:00,192912,1929121,bank,СТРОЙЛЕСБАНК,https://cdn.banki.ru/cdn/bank/192912_mobile_logo_url.png,2995,www.slbank.ru,+7 (3452) 56-60-26,"625000, г. Тюмень, ул. Республики, д. 65",stroylesbank,RUB,https://www.banki.ru/products/credits/credit/1009/,19.9,19.9,,500001,60000000,,31,5475,1m,15y,,07f9704a365b606b71b548dec6fc229bba11f82c63834b53f1078efdcc87d268,True,2026-08-24 13:50:38,,"19,9%",,,500 001–60 000 000 ₽,4,,,,,,,,
19355,374203,credit,Партнерский (под залог недвижимости),Партнерский (под залог недвижимости),https://www.banki.ru/products/credits/credit/3742/,https://cdn.banki.ru/cdn/bank/192912_mobile_logo_url.png,16.06.2026 17:54,192912,1929121,bank,СТРОЙЛЕСБАНК,https://cdn.banki.ru/cdn/bank/192912_mobile_logo_url.png,2995,www.slbank.ru,+7 (3452) 56-60-26,"625000, г. Тюмень, ул. Республики, д. 65",stroylesbank,RUB,https://www.banki.ru/products/credits/credit/3742/,19.9,19.9,,1000001,60000000,,31,5475,1m,15y,,1504037e206d15c596945387677070cf71015ca9bfec939ff8fc1c5f6a2f29f2,True,2026-08-24 13:50:38,,"19,9%",,,1 000 001–60 000 000 ₽,4,,,,,,,,
16906,374303,credit,Партнерский (под залог транспорта),Партнерский (под залог транспорта),https://www.banki.ru/products/credits/credit/3743/,https://cdn.banki.ru/cdn/bank/192912_mobile_logo_url.png,16.06.2026 18:08,192912,1929121,bank,СТРОЙЛЕСБАНК,https://cdn.banki.ru/cdn/bank/192912_mobile_logo_url.png,2995,www.slbank.ru,+7 (3452) 56-60-26,"625000, г. Тюмень, ул. Республики, д. 65",stroylesbank,RUB,https://www.banki.ru/products/credits/credit/3743/,21.9,21.9,,1000001,60000000,,31,2555,1m,7y,,021e9ee7602da551f2ab44068a6d16a20f4accd001c77d472a6d54ed591337c1,True,2026-08-24 13:50:38,,"21,9%",,,1 000 001–60 000 000 ₽,4,,,,,,,,
16904,374103,credit,Партнерский,Партнерский,https://www.banki.ru/products/credits/credit/3741/,https://cdn.banki.ru/cdn/bank/192912_mobile_logo_url.png,16.06.2026 18:07,192912,1929121,bank,СТРОЙЛЕСБАНК,https://cdn.banki.ru/cdn/bank/192912_mobile_logo_url.png,2995,www.slbank.ru,+7 (3452) 56-60-26,"625000, г. Тюмень, ул. Республики, д. 65",stroylesbank,RUB,https://www.banki.ru/products/credits/credit/3741/,24.9,24.9,,100000,1000000,,31,1825,1m,5y,,a93cb5737cde3b5c6bbd804f64ffb801acc0a528a66871cbe661225044d4e5ec,True,2026-08-24 13:50:38,,"24,9%",,,100 000–1 000 000 ₽,4,,,,,,,,
17041,460603,credit,Оптимальный,Оптимальный,https://www.banki.ru/products/credits/credit/4606/,https://cdn.banki.ru/cdn/bank/192912_mobile_logo_url.png,16.06.2026 18:05,192912,1929121,bank,СТРОЙЛЕСБАНК,https://cdn.banki.ru/cdn/bank/192912_mobile_logo_url.png,2995,www.slbank.ru,+7 (3452) 56-60-26,"625000, г. Тюмень, ул. Республики, д. 65",stroylesbank,RUB,https://www.banki.ru/products/credits/credit/4606/,29.9,29.9,,100000,500000,,31,1825,1m,5y,,0684058ac64c0a62040279038d5ee7755b58e5ade626c1541b9777b10e3a9a8c,True,2026-08-24 13:50:38,,"29,9%",,,100 000–500 000 ₽,4,,,,,,,,
19319,100903,credit,Оптимальный (под залог недвижимости),Оптимальный (под залог недвижимости),https://www.banki.ru/products/credits/credit/1009/,https://cdn.banki.ru/cdn/bank/192912_mobile_logo_url.png,08.12.2025 19:03,192912,1929121,bank,СТРОЙЛЕСБАНК,https://cdn.banki.ru/cdn/bank/192912_mobile_logo_url.png,2995,www.slbank.ru,+7 (3452) 56-60-26,"625000, г. Тюмень, ул. Республики, д. 65
",stroylesbank,RUB,https://www.banki.ru/products/credits/credit/1009/,22.0,22.0,,500001,60000000,,31,5475,1m,15y,,ee2f7ccfa2db01aebcc726e61cce136d3150c05a80e20eb77ba5dca2b525abbe,True,2026-08-24 13:50:38,,22%,,,500 001–60 000 000 ₽,4,,,,,,,,
19355,374203,credit,Партнерский (под залог недвижимости),Партнерский (под залог недвижимости),https://www.banki.ru/products/credits/credit/3742/,https://cdn.banki.ru/cdn/bank/192912_mobile_logo_url.png,08.12.2025 19:03,192912,1929121,bank,СТРОЙЛЕСБАНК,https://cdn.banki.ru/cdn/bank/192912_mobile_logo_url.png,2995,www.slbank.ru,+7 (3452) 56-60-26,"625000, г. Тюмень, ул. Республики, д. 65
",stroylesbank,RUB,https://www.banki.ru/products/credits/credit/3742/,22.0,22.0,,1000001,60000000,,31,5475,1m,15y,,5ca7ee9b680f5d6b1cfd59b8bb7c28b56c79cf73d09288d9099daac24b8e9bfd,True,2026-08-24 13:50:38,,22%,,,1 000 001–60 000 000 ₽,4,,,,,,,,
17283,523703,credit,Оптимальный (под залог авто),Оптимальный (под залог авто),https://www.banki.ru/products/credits/credit/5237/,https://cdn.banki.ru/cdn/bank/192912_mobile_logo_url.png,08.12.2025 18:59,192912,1929121,bank,СТРОЙЛЕСБАНК,https://cdn.banki.ru/cdn/bank/192912_mobile_logo_url.png,2995,www.slbank.ru,+7 (3452) 56-60-26,"625000, г. Тюмень, ул. Республики, д. 65
",stroylesbank,RUB,https://www.banki.ru/products/credits/credit/5237/,24.9,24.9,,500001,60000000,,31,2555,1m,7y,,12973e6e10d89dc1b9a291765783c1064cced39ec5f1a139768a4c0207e2b226,True,2026-08-24 13:50:38,,"24,9%",,,500 001–60 000 000 ₽,4,,,,,,,,
16906,374303,credit,Партнерский (под залог транспорта),Партнерский (под залог транспорта),https://www.banki.ru/products/credits/credit/3743/,https://cdn.banki.ru/cdn/bank/192912_mobile_logo_url.png,08.12.2025 19:02,192912,1929121,bank,СТРОЙЛЕСБАНК,https://cdn.banki.ru/cdn/bank/192912_mobile_logo_url.png,2995,www.slbank.ru,+7 (3452) 56-60-26,"625000, г. Тюмень, ул. Республики, д. 65
",stroylesbank,RUB,https://www.banki.ru/products/credits/credit/3743/,24.9,24.9,,1000001,60000000,,31,2555,1m,7y,,b5ec94b73391f1a53268893b06ececff7e6473ee93b05e50f92e6698b8f39ebf,True,2026-08-24 13:50:38,,"24,9%",,,1 000 001–60 000 000 ₽,4,,,,,,,,
16904,374103,credit,Партнерский,Партнерский,https://www.banki.ru/products/credits/credit/3741/,https://cdn.banki.ru/cdn/bank/192912_mobile_logo_url.png,08.12.2025 19:01,192912,1929121,bank,СТРОЙЛЕСБАНК,https://cdn.banki.ru/cdn/bank/192912_mobile_logo_url.png,2995,www.slbank.ru,+7 (3452) 56-60-26,"625000, г. Тюмень, ул. Республики, д. 65
",stroylesbank,RUB,https://www.banki.ru/products/credits/credit/3741/,27.9,27.9,,100000,1000000,,31,1825,1m,5y,,2ae30b0be7edd0b6b1f8fd6e38e3230b730fe9fa5d517a35a02ff97a0915ca5c,True,2026-08-24 13:50:38,,"27,9%",,,100 000–1 000 000 ₽,4,,,,,,,,
17041,460603,credit,Оптимальный,Оптимальный,https://www.banki.ru/products/credits/credit/4606/,https://cdn.banki.ru/cdn/bank/192912_mobile_logo_url.png,08.12.2025 18:59,192912,1929121,bank,СТРОЙЛЕСБАНК,https://cdn.banki.ru/cdn/bank/192912_mobile_logo_url.png,2995,www.slbank.ru,+7 (3452) 56-60-26,"625000, г. Тюмень, ул. Республики, д. 65
",stroylesbank,RUB,https://www.banki.ru/products/credits/credit/4606/,31.9,31.9,,100000,500000,,31,1825,1m,5y,,571925ebe178c09fbf78ee7ef39dd65e6dc74875095dd889486fefcf121880ea,True,2026-08-24 13:50:38,,"31,9%",,,100 000–500 000 ₽,4,,,,,,,,
19507,20111603,credit,На любые цели (под залог недвижимости),На любые цели (под залог недвижимости),https://www.banki.ru/products/credits/credit/201116/,https://cdn.banki.ru/cdn/bank/192803_mobile_logo_url.png,10.12.2025 15:32,192803,1928031,bank,Банк «Заречье»,https://cdn.banki.ru/cdn/bank/192803_mobile_logo_url.png,817,www.zarech.ru,+7 (843) 557-59-03,"420032, г. Казань, ул. Лукницкого, д. 2
",zarechye,RUB,https://www.banki.ru/products/credits/credit/201116/,28.0,28.0,,100000,3000000,,31,1095,1m,3y,,cad4ee28b67745ca057a15d105044012942a3bb937b48336ec6e606479e9bf72,True,2026-08-24 13:50:38,,28%,,,100 000–3 000 000 ₽,4,,,,,,,,
18163,20111703,credit,На любые цели (с обеспечением),На любые цели (с обеспечением),https://www.banki.ru/products/credits/credit/201117/,https://cdn.banki.ru/cdn/bank/192803_mobile_logo_url.png,10.12.2025 15:24,192803,1928031,bank,Банк «Заречье»,https://cdn.banki.ru/cdn/bank/192803_mobile_logo_url.png,817,www.zarech.ru,+7 (843) 557-59-03,"420032, г. Казань, ул. Лукницкого, д. 2
",zarechye,RUB,https://www.banki.ru/products/credits/credit/201117/,30.0,30.0,,100000,3000000,,31,1095,1m,3y,,41d32ede84dff9e2931232405cd33270c532ce2b22c92bcd3db2fe30a328c675,True,2026-08-24 13:50:38,,30%,,,100 000–3 000 000 ₽,4,,,,,,,,
17612,20101503,credit,Кузнецкий лайт,Кузнецкий лайт,https://www.banki.ru/products/credits/credit/201015/,,09.12.2025 18:59,194898,1948981,bank,Банк «Кузнецкий»,,609,www.kuzbank.ru,8 800 100-64-10  ,"440000, г. Пенза, ул. Красная, д. 104",kuznetsky,RUB,https://www.banki.ru/products/credits/credit/201015/,34.9,54.9,,20000,100000,,31,1825,1m,5y,,0047f35f6dfc44974af815d9ea96cc2d27ccef832f2072aca648f685ebdf2f5e,True,2026-08-24 13:50:38,,"34,9–54,9%",,,20 000–100 000 ₽,4,,,,,,,,
16824,285803,credit,Стандарт,Стандарт,https://www.banki.ru/products/credits/credit/2858/,,18.12.2025 16:41,195603,1956031,bank,Крона-Банк,,2499,www.krona-bank.ru,+7 (3952) 25-25-05,"664007, г. Иркутск, ул. Дзержинского, д. 29
",krona-bank,RUB,https://www.banki.ru/products/credits/credit/2858/,23.5,25.0,,50000,1500000,,92,1825,1m3y,5y,,581bda0ca51db94181f87ba9064a821cd977b5bf35c7905a0805c8973125c632,True,2026-08-24 13:50:38,,"23,5–25%",,,50 000–1 500 000 ₽,4,,,,,,,,
17034,459003,credit,Пенсионный,Пенсионный,https://www.banki.ru/products/credits/credit/4590/,,18.12.2025 16:46,195603,1956031,bank,Крона-Банк,,2499,www.krona-bank.ru,+7 (3952) 25-25-05,"664007, г. Иркутск, ул. Дзержинского, д. 29
",krona-bank,RUB,https://www.banki.ru/products/credits/credit/4590/,24.0,25.0,,30000,500000,,365,730,1m1y,2y,,c2657f22925354d4c1616430907419a1b89112fe881dee81ae194c59a40c28f7,True,2026-08-24 13:50:38,,24–25%,,,30 000–500 000 ₽,4,,,,,,,,
16825,286003,credit,Доверительный,Доверительный,https://www.banki.ru/products/credits/credit/2860/,,18.12.2025 16:42,195603,1956031,bank,Крона-Банк,,2499,www.krona-bank.ru,+7 (3952) 25-25-05,"664007, г. Иркутск, ул. Дзержинского, д. 29
",krona-bank,RUB,https://www.banki.ru/products/credits/credit/2860/,25.0,26.5,,30000,500000,,92,1095,2y,3y,,5fa2861578316b6abb2271e2457be058ee62da6b388c4b2dc18d97e116e82819,True,2026-08-24 13:50:38,,"25–26,5%",,,30 000–500 000 ₽,4,,,,,,,,
19491,20107803,credit,Универсальный,Универсальный,https://www.banki.ru/products/credits/credit/201078/,,19.11.2025 19:03,196018,1960181,bank,ЕАТП Банк,,1765,www.eatpbank.ru,+7 (8512) 52-05-50,"414000, г. Астрахань, ул. Ногина, д. 3
",eatibank,RUB,https://www.banki.ru/products/credits/credit/201078/,28.0,31.0,,10000,20000000,,397,1095,13m,3y,,62072f17348dcd973880df7afaae7f50e02494d59bc82430f263d80fee8581ef,True,2026-08-24 13:50:38,,28–31%,,,10 000–20 000 000 ₽,4,,,,,,,,
19491,20107803,credit,Универсальный,Универсальный,https://www.banki.ru/products/credits/credit/201078/,,25.06.2026 15:02,196018.0,1960181.0,bank,ЕАТП Банк,,1765,www.eatpbank.ru,+7 (8512) 52-05-50,"414000, г. Астрахань, ул. Ногина, д. 3",eatibank,RUB,https://www.banki.ru/products/credits/credit/201078/,28.0,33.0,,10000,20000000,,397,1095,13m,3y,,a3c56e18a300053cc39d551d29e4aaa24265fe37f5009975854c2d3ce54aeee8,True,2026-08-24 13:50:38,,28–33%,,,10 000–20 000 000 ₽,4,,,,,,,,
19491,20107803,credit,Универсальный,Универсальный,https://www.banki.ru/products/credits/credit/201078/,,06.07.2026 16:39,196018,1960181,bank,ЕАТП Банк,,1765,www.eatpbank.ru,+7 (8512) 52-05-50,"414000, г. Астрахань, ул. Ногина, д. 3",eatibank,RUB,https://www.banki.ru/products/credits/credit/201078/,25.0,33.0,,10000,20000000,,397,1095,13m,3y,,3a48ce902bbe294ff34d76f3feb55d8098061cdcd9eee31ff838ee76b81c2841,True,2026-08-24 13:50:38,,25–33%,,,10 000–20 000 000 ₽,4,,,,,,,,
19491,20107803,credit,Универсальный,Универсальный,https://www.banki.ru/products/credits/credit/201078/,,16.06.2026 17:47,196018,1960181,bank,ЕАТП Банк,,1765,www.eatpbank.ru,+7 (8512) 52-05-50,"414000, г. Астрахань, ул. Ногина, д. 3",eatibank,RUB,https://www.banki.ru/products/credits/credit/201078/,28.0,33.0,,10000,20000000,,397,1095,13m,3y,,de365f52ae862209ce29c1a42b5e535638693c2a4c8d5fcc976a7205c196fb3d,True,2026-08-24 13:50:38,,28–33%,,,10 000–20 000 000 ₽,4,,,,,,,,
19491,20107803,credit,Универсальный,Универсальный,https://www.banki.ru/products/credits/credit/201078/,,16.12.2025 16:05,196018,1960181,bank,ЕАТП Банк,,1765,www.eatpbank.ru,+7 (8512) 52-05-50,"414000, г. Астрахань, ул. Ногина, д. 3
",eatibank,RUB,https://www.banki.ru/products/credits/credit/201078/,26.0,31.0,,10000,20000000,,397,1095,13m,3y,,1202a8d324cf790a377fa01a9fe0a8f7115667c7ecf895a124673905cd3cf472,True,2026-08-24 13:50:38,,26–31%,,,10 000–20 000 000 ₽,4,,,,,,,,
